mean_fit_time,std_fit_time,mean_score_time,std_score_time,param_model__estimator__max_depth,param_model__learning_rate,param_model__n_estimators,param_select__k,param_select__prune,param_select__drop,params,split0_test_f1,split1_test_f1,split2_test_f1,split3_test_f1,split4_test_f1,mean_test_f1,std_test_f1,rank_test_f1,split0_train_f1,split1_train_f1,split2_train_f1,split3_train_f1,split4_train_f1,mean_train_f1,std_train_f1,split0_test_recall,split1_test_recall,split2_test_recall,split3_test_recall,split4_test_recall,mean_test_recall,std_test_recall,rank_test_recall,split0_train_recall,split1_train_recall,split2_train_recall,split3_train_recall,split4_train_recall,mean_train_recall,std_train_recall,split0_test_accuracy,split1_test_accuracy,split2_test_accuracy,split3_test_accuracy,split4_test_accuracy,mean_test_accuracy,std_test_accuracy,rank_test_accuracy,split0_train_accuracy,split1_train_accuracy,split2_train_accuracy,split3_train_accuracy,split4_train_accuracy,mean_train_accuracy,std_train_accuracy,split0_test_roc_auc,split1_test_roc_auc,split2_test_roc_auc,split3_test_roc_auc,split4_test_roc_auc,mean_test_roc_auc,std_test_roc_auc,rank_test_roc_auc,split0_train_roc_auc,split1_train_roc_auc,split2_train_roc_auc,split3_train_roc_auc,split4_train_roc_auc,mean_train_roc_auc,std_train_roc_auc
0.8893331050872803,0.011709537415204823,0.15203075408935546,0.007563994036717663,1,0.1,50,6,False,,"{'model__estimator__max_depth': 1, 'model__learning_rate': 0.1, 'model__n_estimators': 50, 'select__k': 6, 'select__prune': False}",0.9299145299145299,0.9254498714652957,0.9152249134948097,0.9180327868852459,0.9262435677530018,0.9229731339025766,0.005467264274906333,213,0.9212564543889845,0.9223822833799183,0.924924924924925,0.9242326679544967,0.9221840068787618,0.9229960675054173,0.0013647050102052558,0.8690095846645367,0.861244019138756,0.8437001594896332,0.8484848484848485,0.8626198083067093,0.8570116840168968,0.0094150618480697,214,0.8540087754287994,0.8559457302474063,0.8603351955307262,0.8591380686352753,0.8556043079377742,0.8570064155559963,0.002353785308802782,0.936923076923077,0.933076923076923,0.9246153846153846,0.926923076923077,0.9337952270977675,0.9310667377272457,0.0045732284000618555,213,0.9296018465089441,0.9305635699172918,0.9326793614156569,0.9321023273706482,0.9303846153846154,0.9310663441194313,0.001143448758104923,0.9710113669760432,0.9774581665564694,0.96925381128087,0.9757613674873392,0.9762590850182056,0.9739487594637855,0.00321278393994819,214,0.972392605311369,0.9777225338726604,0.9728858685682399,0.9711876790911615,0.9780122526587642,0.974440187900439,0.002853796009492103
0.675274133682251,0.11671238285055568,0.13211483955383302,0.013439514029651763,1,0.1,50,6,True,,"{'model__estimator__max_depth': 1, 'model__learning_rate': 0.1, 'model__n_estimators': 50, 'select__k': 6, 'select__prune': True}",0.9299145299145299,0.9254498714652957,0.9152249134948097,0.9180327868852459,0.9262435677530018,0.9229731339025766,0.005467264274906333,213,0.9212564543889845,0.9223822833799183,0.924924924924925,0.9242326679544967,0.9221840068787618,0.9229960675054173,0.0013647050102052558,0.8690095846645367,0.861244019138756,0.8437001594896332,0.8484848484848485,0.8626198083067093,0.8570116840168968,0.0094150618480697,214,0.8540087754287994,0.8559457302474063,0.8603351955307262,0.8591380686352753,0.8556043079377742,0.8570064155559963,0.002353785308802782,0.936923076923077,0.933076923076923,0.9246153846153846,0.926923076923077,0.9337952270977675,0.9310667377272457,0.0045732284000618555,213,0.9296018465089441,0.9305635699172918,0.9326793614156569,0.9321023273706482,0.9303846153846154,0.9310663441194313,0.001143448758104923,0.9710113669760432,0.9774581665564694,0.96925381128087,0.9757613674873392,0.9762590850182056,0.9739487594637855,0.00321278393994819,214,0.972392605311369,0.9777225338726604,0.9728858685682399,0.9711876790911615,0.9780122526587642,0.974440187900439,0.002853796009492103
0.6805681228637696,0.18878244529031807,0.13109254837036133,0.008983445197629121,1,0.1,50,7,False,,"{'model__estimator__max_depth': 1, 'model__learning_rate': 0.1, 'model__n_estimators': 50, 'select__k': 7, 'select__prune': False}",0.9719775820656525,0.9727564102564102,0.9687249398556536,0.9785544082605242,0.9726688102893891,0.9729364301455259,0.003172435838608611,184,0.9731892757102841,0.9729945989197839,0.974,0.9715316760224539,0.9730161902858285,0.9729463481876699,0.0007972075400711532,0.9696485623003195,0.9681020733652312,0.9633173843700159,0.9824561403508771,0.9664536741214057,0.9699955669015699,0.0065744162789096025,177,0.9700837654567211,0.9704708699122107,0.9716679968076616,0.966879489225858,0.9708815317112086,0.969996730622732,0.0016447237264415207,0.9730769230769231,0.9738461538461538,0.97,0.9792307692307692,0.9738260200153964,0.9739959732338483,0.002975462127177805,184,0.97422581265628,0.9740334679746105,0.9749951913829583,0.9726870552029236,0.9740384615384615,0.9739959977510468,0.000744008143759536,0.9832872744854523,0.9834455448360195,0.9797663820499513,0.9907529190394601,0.9827497400889632,0.9840003720999693,0.0036305367052622607,204,0.9866448239135474,0.9850959998269285,0.9835559158576415,0.9840320105123123,0.9828232156793507,0.9844303931579562,0.0013306520610543648
0.6812622547149658,0.15632527889847916,0.21393036842346191,0.08610967968336827,1,0.1,50,7,True,,"{'model__estimator__max_depth': 1, 'model__learning_rate': 0.1, 'model__n_estimators': 50, 'select__k': 7, 'select__prune': True}",0.9719775820656525,0.9727564102564102,0.9687249398556536,0.9785544082605242,0.9726688102893891,0.9729364301455259,0.003172435838608611,184,0.9731892757102841,0.9729945989197839,0.974,0.9715316760224539,0.9730161902858285,0.9729463481876699,0.0007972075400711532,0.9696485623003195,0.9681020733652312,0.9633173843700159,0.9824561403508771,0.9664536741214057,0.9699955669015699,0.0065744162789096025,177,0.9700837654567211,0.9704708699122107,0.9716679968076616,0.966879489225858,0.9708815317112086,0.969996730622732,0.0016447237264415207,0.9730769230769231,0.9738461538461538,0.97,0.9792307692307692,0.9738260200153964,0.9739959732338483,0.002975462127177805,184,0.97422581265628,0.9740334679746105,0.9749951913829583,0.9726870552029236,0.9740384615384615,0.9739959977510468,0.000744008143759536,0.9832872744854523,0.9834455448360195,0.9797663820499513,0.9907529190394601,0.9827497400889632,0.9840003720999693,0.0036305367052622607,204,0.9866448239135474,0.9850959998269285,0.9835559158576415,0.9840320105123123,0.9828232156793507,0.9844303931579562,0.0013306520610543648
0.7604889869689941,0.18285917864827678,0.16251769065856933,0.07121440970864207,1,0.1,50,8,False,,"{'model__estimator__max_depth': 1, 'model__learning_rate': 0.1, 'model__n_estimators': 50, 'select__k': 8, 'select__prune': False}",0.9719775820656525,0.9727564102564102,0.9687249398556536,0.9785544082605242,0.9726688102893891,0.9729364301455259,0.003172435838608611,184,0.9731892757102841,0.9729945989197839,0.974,0.9715316760224539,0.9730161902858285,0.9729463481876699,0.0007972075400711532,0.9696485623003195,0.9681020733652312,0.9633173843700159,0.9824561403508771,0.9664536741214057,0.9699955669015699,0.0065744162789096025,177,0.9700837654567211,0.9704708699122107,0.9716679968076616,0.966879489225858,0.9708815317112086,0.969996730622732,0.0016447237264415207,0.9730769230769231,0.9738461538461538,0.97,0.9792307692307692,0.9738260200153964,0.9739959732338483,0.002975462127177805,184,0.97422581265628,0.9740334679746105,0.9749951913829583,0.9726870552029236,0.9740384615384615,0.9739959977510468,0.000744008143759536,0.9832872744854523,0.9834455448360195,0.9797663820499513,0.9907529190394601,0.9827497400889632,0.9840003720999693,0.0036305367052622607,204,0.9866448239135474,0.9850959998269285,0.9835559158576415,0.9840320105123123,0.9828232156793507,0.9844303931579562,0.0013306520610543648
0.7340535163879395,0.15684956589426138,0.15473370552062987,0.055825186466999015,1,0.1,50,8,True,,"{'model__estimator__max_depth': 1, 'model__learning_rate': 0.1, 'model__n_estimators': 50, 'select__k': 8, 'select__prune': True}",0.9719775820656525,0.9727564102564102,0.9687249398556536,0.9785544082605242,0.9726688102893891,0.9729364301455259,0.003172435838608611,184,0.9731892757102841,0.9729945989197839,0.974,0.9715316760224539,0.9730161902858285,0.9729463481876699,0.0007972075400711532,0.9696485623003195,0.9681020733652312,0.9633173843700159,0.9824561403508771,0.9664536741214057,0.9699955669015699,0.0065744162789096025,177,0.9700837654567211,0.9704708699122107,0.9716679968076616,0.966879489225858,0.9708815317112086,0.969996730622732,0.0016447237264415207,0.9730769230769231,0.9738461538461538,0.97,0.9792307692307692,0.9738260200153964,0.9739959732338483,0.002975462127177805,184,0.97422581265628,0.9740334679746105,0.9749951913829583,0.9726870552029236,0.9740384615384615,0.9739959977510468,0.000744008143759536,0.9832872744854523,0.9834455448360195,0.9797663820499513,0.9907529190394601,0.9827497400889632,0.9840003720999693,0.0036305367052622607,204,0.9866448239135474,0.9850959998269285,0.9835559158576415,0.9840320105123123,0.9828232156793507,0.9844303931579562,0.0013306520610543648
0.69729642868042,0.1515428435975436,0.15536808967590332,0.06394348571208808,1,0.1,50,9,False,,"{'model__estimator__max_depth': 1, 'model__learning_rate': 0.1, 'model__n_estimators': 50, 'select__k': 9, 'select__prune': False}",0.9719775820656525,0.9727564102564102,0.9687249398556536,0.9785544082605242,0.9726688102893891,0.9729364301455259,0.003172435838608611,184,0.9731892757102841,0.9729945989197839,0.974,0.9715316760224539,0.9730161902858285,0.9729463481876699,0.0007972075400711532,0.9696485623003195,0.9681020733652312,0.9633173843700159,0.9824561403508771,0.9664536741214057,0.9699955669015699,0.0065744162789096025,177,0.9700837654567211,0.9704708699122107,0.9716679968076616,0.966879489225858,0.9708815317112086,0.969996730622732,0.0016447237264415207,0.9730769230769231,0.9738461538461538,0.97,0.9792307692307692,0.9738260200153964,0.9739959732338483,0.002975462127177805,184,0.97422581265628,0.9740334679746105,0.9749951913829583,0.9726870552029236,0.9740384615384615,0.9739959977510468,0.000744008143759536,0.9832872744854523,0.9834455448360195,0.9797663820499513,0.9907529190394601,0.9827497400889632,0.9840003720999693,0.0036305367052622607,204,0.9866448239135474,0.9850959998269285,0.9835559158576415,0.9840320105123123,0.9828232156793507,0.9844303931579562,0.0013306520610543648
0.684552001953125,0.18206468185849278,0.17168455123901366,0.0713896290074737,1,0.1,50,9,True,,"{'model__estimator__max_depth': 1, 'model__learning_rate': 0.1, 'model__n_estimators': 50, 'select__k': 9, 'select__prune': True}",0.9719775820656525,0.9727564102564102,0.9687249398556536,0.9785544082605242,0.9726688102893891,0.9729364301455259,0.003172435838608611,184,0.9731892757102841,0.9729945989197839,0.974,0.9715316760224539,0.9730161902858285,0.9729463481876699,0.0007972075400711532,0.9696485623003195,0.9681020733652312,0.9633173843700159,0.9824561403508771,0.9664536741214057,0.9699955669015699,0.0065744162789096025,177,0.9700837654567211,0.9704708699122107,0.9716679968076616,0.966879489225858,0.9708815317112086,0.969996730622732,0.0016447237264415207,0.9730769230769231,0.9738461538461538,0.97,0.9792307692307692,0.9738260200153964,0.9739959732338483,0.002975462127177805,184,0.97422581265628,0.9740334679746105,0.9749951913829583,0.9726870552029236,0.9740384615384615,0.9739959977510468,0.000744008143759536,0.9832872744854523,0.9834455448360195,0.9797663820499513,0.9907529190394601,0.9827497400889632,0.9840003720999693,0.0036305367052622607,204,0.9866448239135474,0.9850959998269285,0.9835559158576415,0.9840320105123123,0.9828232156793507,0.9844303931579562,0.0013306520610543648
0.8140568733215332,0.19478753039934027,0.15044164657592773,0.0679076167456961,1,0.1,50,10,False,,"{'model__estimator__max_depth': 1, 'model__learning_rate': 0.1, 'model__n_estimators': 50, 'select__k': 10, 'select__prune': False}",0.9719775820656525,0.9727564102564102,0.9687249398556536,0.9785544082605242,0.9726688102893891,0.9729364301455259,0.003172435838608611,184,0.9731892757102841,0.9729945989197839,0.974,0.9715316760224539,0.9730161902858285,0.9729463481876699,0.0007972075400711532,0.9696485623003195,0.9681020733652312,0.9633173843700159,0.9824561403508771,0.9664536741214057,0.9699955669015699,0.0065744162789096025,177,0.9700837654567211,0.9704708699122107,0.9716679968076616,0.966879489225858,0.9708815317112086,0.969996730622732,0.0016447237264415207,0.9730769230769231,0.9738461538461538,0.97,0.9792307692307692,0.9738260200153964,0.9739959732338483,0.002975462127177805,184,0.97422581265628,0.9740334679746105,0.9749951913829583,0.9726870552029236,0.9740384615384615,0.9739959977510468,0.000744008143759536,0.9832872744854523,0.9834455448360195,0.9797663820499513,0.9907529190394601,0.9827497400889632,0.9840003720999693,0.0036305367052622607,204,0.9866448239135474,0.9850959998269285,0.9835559158576415,0.9840320105123123,0.9828232156793507,0.9844303931579562,0.0013306520610543648
0.7977542400360107,0.21317677706065072,0.17568931579589844,0.09842184396049954,1,0.1,50,10,True,,"{'model__estimator__max_depth': 1, 'model__learning_rate': 0.1, 'model__n_estimators': 50, 'select__k': 10, 'select__prune': True}",0.9719775820656525,0.9727564102564102,0.9687249398556536,0.9785544082605242,0.9726688102893891,0.9729364301455259,0.003172435838608611,184,0.9731892757102841,0.9729945989197839,0.974,0.9715316760224539,0.9730161902858285,0.9729463481876699,0.0007972075400711532,0.9696485623003195,0.9681020733652312,0.9633173843700159,0.9824561403508771,0.9664536741214057,0.9699955669015699,0.0065744162789096025,177,0.9700837654567211,0.9704708699122107,0.9716679968076616,0.966879489225858,0.9708815317112086,0.969996730622732,0.0016447237264415207,0.9730769230769231,0.9738461538461538,0.97,0.9792307692307692,0.9738260200153964,0.9739959732338483,0.002975462127177805,184,0.97422581265628,0.9740334679746105,0.9749951913829583,0.9726870552029236,0.9740384615384615,0.9739959977510468,0.000744008143759536,0.9832872744854523,0.9834455448360195,0.9797663820499513,0.9907529190394601,0.9827497400889632,0.9840003720999693,0.0036305367052622607,204,0.9866448239135474,0.9850959998269285,0.9835559158576415,0.9840320105123123,0.9828232156793507,0.9844303931579562,0.0013306520610543648
1.1144453525543212,0.17123662969122252,0.23766608238220216,0.12524392925974728,1,0.1,50,21,False,,"{'model__estimator__max_depth': 1, 'model__learning_rate': 0.1, 'model__n_estimators': 50, 'select__k': 21, 'select__prune': False}",0.9719775820656525,0.9727564102564102,0.9687249398556536,0.9785544082605242,0.9726688102893891,0.9729364301455259,0.003172435838608611,184,0.9731892757102841,0.9729945989197839,0.974,0.9715316760224539,0.9730161902858285,0.9729463481876699,0.0007972075400711532,0.9696485623003195,0.9681020733652312,0.9633173843700159,0.9824561403508771,0.9664536741214057,0.9699955669015699,0.0065744162789096025,177,0.9700837654567211,0.9704708699122107,0.9716679968076616,0.966879489225858,0.9708815317112086,0.969996730622732,0.0016447237264415207,0.9730769230769231,0.9738461538461538,0.97,0.9792307692307692,0.9738260200153964,0.9739959732338483,0.002975462127177805,184,0.97422581265628,0.9740334679746105,0.9749951913829583,0.9726870552029236,0.9740384615384615,0.9739959977510468,0.000744008143759536,0.9864015794313669,0.9903998142052415,0.9883949370928334,0.9924911901528778,0.9903085227083918,0.9895992087181422,0.0020582883813868125,194,0.9888251973226823,0.990787057219376,0.9902199074245577,0.9892510481343106,0.9897739726463637,0.9897714365494581,0.0006926457506797515
1.0241086959838868,0.18760874085499113,0.21566648483276368,0.11848135702794227,1,0.1,50,21,True,,"{'model__estimator__max_depth': 1, 'model__learning_rate': 0.1, 'model__n_estimators': 50, 'select__k': 21, 'select__prune': True}",0.9719775820656525,0.9727564102564102,0.9687249398556536,0.9785544082605242,0.9726688102893891,0.9729364301455259,0.003172435838608611,184,0.9731892757102841,0.9729945989197839,0.974,0.9715316760224539,0.9730161902858285,0.9729463481876699,0.0007972075400711532,0.9696485623003195,0.9681020733652312,0.9633173843700159,0.9824561403508771,0.9664536741214057,0.9699955669015699,0.0065744162789096025,177,0.9700837654567211,0.9704708699122107,0.9716679968076616,0.966879489225858,0.9708815317112086,0.969996730622732,0.0016447237264415207,0.9730769230769231,0.9738461538461538,0.97,0.9792307692307692,0.9738260200153964,0.9739959732338483,0.002975462127177805,184,0.97422581265628,0.9740334679746105,0.9749951913829583,0.9726870552029236,0.9740384615384615,0.9739959977510468,0.000744008143759536,0.9864015794313669,0.9903998142052415,0.9883949370928334,0.9924911901528778,0.9903085227083918,0.9895992087181422,0.0020582883813868125,194,0.9888251973226823,0.990787057219376,0.9902199074245577,0.9892510481343106,0.9897739726463637,0.9897714365494581,0.0006926457506797515
1.3296791076660157,0.15748772813951648,0.35948834419250486,0.043883077394396904,1,0.1,150,6,False,,"{'model__estimator__max_depth': 1, 'model__learning_rate': 0.1, 'model__n_estimators': 150, 'select__k': 6, 'select__prune': False}",0.9845904298459043,0.9837925445705025,0.9813160032493907,0.9911504424778761,0.9829406986190089,0.9847580237525365,0.0033756015971551094,166,0.9848147398258756,0.9850141757796679,0.9856304391823517,0.9831608845607628,0.9852256628212912,0.9847691804339899,0.0008483933987223502,0.9696485623003195,0.9681020733652312,0.9633173843700159,0.9824561403508771,0.9664536741214057,0.9699955669015699,0.0065744162789096025,177,0.9700837654567211,0.9704708699122107,0.9716679968076616,0.966879489225858,0.9708815317112086,0.969996730622732,0.0016447237264415207,0.9853846153846154,0.9846153846153847,0.9823076923076923,0.9915384615384616,0.9838337182448037,0.9855359744181914,0.003169218459995814,166,0.9855741488747836,0.9857664935564532,0.9863435276014618,0.9840353914214272,0.9859615384615384,0.9855362199831328,0.0007924130601786428,0.9916679307173805,0.9933099667986662,0.9919733820570606,0.9955186493858583,0.9906681256497775,0.9926276109217487,0.0016740547766930856,189,0.9928241784815295,0.9924127137573129,0.9927625610899233,0.9919279507125713,0.9930854580068493,0.9926025724096373,0.00039976114641835167
1.2817231655120849,0.16324260219515338,0.32034907341003416,0.0445700226987287,1,0.1,150,6,True,,"{'model__estimator__max_depth': 1, 'model__learning_rate': 0.1, 'model__n_estimators': 150, 'select__k': 6, 'select__prune': True}",0.9845904298459043,0.9837925445705025,0.9813160032493907,0.9911504424778761,0.9829406986190089,0.9847580237525365,0.0033756015971551094,166,0.9848147398258756,0.9850141757796679,0.9856304391823517,0.9831608845607628,0.9852256628212912,0.9847691804339899,0.0008483933987223502,0.9696485623003195,0.9681020733652312,0.9633173843700159,0.9824561403508771,0.9664536741214057,0.9699955669015699,0.0065744162789096025,177,0.9700837654567211,0.9704708699122107,0.9716679968076616,0.966879489225858,0.9708815317112086,0.969996730622732,0.0016447237264415207,0.9853846153846154,0.9846153846153847,0.9823076923076923,0.9915384615384616,0.9838337182448037,0.9855359744181914,0.003169218459995814,166,0.9855741488747836,0.9857664935564532,0.9863435276014618,0.9840353914214272,0.9859615384615384,0.9855362199831328,0.0007924130601786428,0.9916679307173805,0.9933099667986662,0.9919733820570606,0.9955186493858583,0.9906681256497775,0.9926276109217487,0.0016740547766930856,189,0.9928241784815295,0.9924127137573129,0.9927625610899233,0.9919279507125713,0.9930854580068493,0.9926025724096373,0.00039976114641835167
1.2287855625152588,0.12154933305811895,0.321260404586792,0.044229914479032136,1,0.1,150,7,False,,"{'model__estimator__max_depth': 1, 'model__learning_rate': 0.1, 'model__n_estimators': 150, 'select__k': 7, 'select__prune': False}",0.966183574879227,0.9693548387096774,0.9669621273166801,0.9769291964996022,0.97165991902834,0.9702179312867054,0.0038663064885023934,199,0.9696848022485445,0.9727987104573846,0.973397823458283,0.9669754329440193,0.9722222222222222,0.9710157982660906,0.0023834588729219532,0.9584664536741214,0.9585326953748007,0.9569377990430622,0.9792663476874003,0.9584664536741214,0.9623339498907011,0.00848750998799185,201,0.963302752293578,0.9632881085395052,0.9636871508379888,0.9581005586592178,0.963302752293578,0.9623362645247736,0.002123219360010314,0.9676923076923077,0.9707692307692307,0.9684615384615385,0.9776923076923076,0.9730561970746728,0.9715343163380114,0.003606253699771215,198,0.9709559530678977,0.9740334679746105,0.9746105020196192,0.9684554722061935,0.9734615384615385,0.9723033867459719,0.002292566298369597,0.9937500592523771,0.9944190477544665,0.9936370034907612,0.99661825101725,0.995699006404018,0.9948246735837746,0.0011585565514822284,175,0.994948394124979,0.9947850372622231,0.9949936713343601,0.9942863455223246,0.9953039769373566,0.9948634850362488,0.0003338967541886873
1.2277323246002196,0.20415294324822084,0.3136559009552002,0.038110723482058406,1,0.1,150,7,True,,"{'model__estimator__max_depth': 1, 'model__learning_rate': 0.1, 'model__n_estimators': 150, 'select__k': 7, 'select__prune': True}",0.966183574879227,0.9693548387096774,0.9669621273166801,0.9769291964996022,0.97165991902834,0.9702179312867054,0.0038663064885023934,199,0.9696848022485445,0.9727987104573846,0.973397823458283,0.9669754329440193,0.9722222222222222,0.9710157982660906,0.0023834588729219532,0.9584664536741214,0.9585326953748007,0.9569377990430622,0.9792663476874003,0.9584664536741214,0.9623339498907011,0.00848750998799185,201,0.963302752293578,0.9632881085395052,0.9636871508379888,0.9581005586592178,0.963302752293578,0.9623362645247736,0.002123219360010314,0.9676923076923077,0.9707692307692307,0.9684615384615385,0.9776923076923076,0.9730561970746728,0.9715343163380114,0.003606253699771215,198,0.9709559530678977,0.9740334679746105,0.9746105020196192,0.9684554722061935,0.9734615384615385,0.9723033867459719,0.002292566298369597,0.9937500592523771,0.9944190477544665,0.9936370034907612,0.99661825101725,0.995699006404018,0.9948246735837746,0.0011585565514822284,175,0.994948394124979,0.9947850372622231,0.9949936713343601,0.9942863455223246,0.9953039769373566,0.9948634850362488,0.0003338967541886873
1.3517094135284424,0.1554665751867105,0.2736665725708008,0.012163259961733248,1,0.1,150,8,False,,"{'model__estimator__max_depth': 1, 'model__learning_rate': 0.1, 'model__n_estimators': 150, 'select__k': 8, 'select__prune': False}",0.966183574879227,0.9693548387096774,0.9669621273166801,0.9769291964996022,0.97165991902834,0.9702179312867054,0.0038663064885023934,199,0.9696848022485445,0.9727987104573846,0.973397823458283,0.9669754329440193,0.9722222222222222,0.9710157982660906,0.0023834588729219532,0.9584664536741214,0.9585326953748007,0.9569377990430622,0.9792663476874003,0.9584664536741214,0.9623339498907011,0.00848750998799185,201,0.963302752293578,0.9632881085395052,0.9636871508379888,0.9581005586592178,0.963302752293578,0.9623362645247736,0.002123219360010314,0.9676923076923077,0.9707692307692307,0.9684615384615385,0.9776923076923076,0.9730561970746728,0.9715343163380114,0.003606253699771215,198,0.9709559530678977,0.9740334679746105,0.9746105020196192,0.9684554722061935,0.9734615384615385,0.9723033867459719,0.002292566298369597,0.9937500592523771,0.9944190477544665,0.9936370034907612,0.99661825101725,0.995699006404018,0.9948246735837746,0.0011585565514822284,175,0.994948394124979,0.9947850372622231,0.9949936713343601,0.9942863455223246,0.9953039769373566,0.9948634850362488,0.0003338967541886873
1.2768239498138427,0.16561459659480138,0.2936501979827881,0.023090476714827557,1,0.1,150,8,True,,"{'model__estimator__max_depth': 1, 'model__learning_rate': 0.1, 'model__n_estimators': 150, 'select__k': 8, 'select__prune': True}",0.966183574879227,0.9693548387096774,0.9669621273166801,0.9769291964996022,0.97165991902834,0.9702179312867054,0.0038663064885023934,199,0.9696848022485445,0.9727987104573846,0.973397823458283,0.9669754329440193,0.9722222222222222,0.9710157982660906,0.0023834588729219532,0.9584664536741214,0.9585326953748007,0.9569377990430622,0.9792663476874003,0.9584664536741214,0.9623339498907011,0.00848750998799185,201,0.963302752293578,0.9632881085395052,0.9636871508379888,0.9581005586592178,0.963302752293578,0.9623362645247736,0.002123219360010314,0.9676923076923077,0.9707692307692307,0.9684615384615385,0.9776923076923076,0.9730561970746728,0.9715343163380114,0.003606253699771215,198,0.9709559530678977,0.9740334679746105,0.9746105020196192,0.9684554722061935,0.9734615384615385,0.9723033867459719,0.002292566298369597,0.9937500592523771,0.9944190477544665,0.9936370034907612,0.99661825101725,0.995699006404018,0.9948246735837746,0.0011585565514822284,175,0.994948394124979,0.9947850372622231,0.9949936713343601,0.9942863455223246,0.9953039769373566,0.9948634850362488,0.0003338967541886873
1.2587921142578125,0.1274943335097011,0.2980787754058838,0.031939790963479445,1,0.1,150,9,False,,"{'model__estimator__max_depth': 1, 'model__learning_rate': 0.1, 'model__n_estimators': 150, 'select__k': 9, 'select__prune': False}",0.966183574879227,0.9693548387096774,0.9669621273166801,0.9769291964996022,0.97165991902834,0.9702179312867054,0.0038663064885023934,199,0.9696848022485445,0.9727987104573846,0.973397823458283,0.9669754329440193,0.9722222222222222,0.9710157982660906,0.0023834588729219532,0.9584664536741214,0.9585326953748007,0.9569377990430622,0.9792663476874003,0.9584664536741214,0.9623339498907011,0.00848750998799185,201,0.963302752293578,0.9632881085395052,0.9636871508379888,0.9581005586592178,0.963302752293578,0.9623362645247736,0.002123219360010314,0.9676923076923077,0.9707692307692307,0.9684615384615385,0.9776923076923076,0.9730561970746728,0.9715343163380114,0.003606253699771215,198,0.9709559530678977,0.9740334679746105,0.9746105020196192,0.9684554722061935,0.9734615384615385,0.9723033867459719,0.002292566298369597,0.9937500592523771,0.9944190477544665,0.9936370034907612,0.99661825101725,0.995699006404018,0.9948246735837746,0.0011585565514822284,175,0.994948394124979,0.9947850372622231,0.9949936713343601,0.9942863455223246,0.9953039769373566,0.9948634850362488,0.0003338967541886873
1.1960773468017578,0.15171561360258518,0.3129394054412842,0.05631793827196378,1,0.1,150,9,True,,"{'model__estimator__max_depth': 1, 'model__learning_rate': 0.1, 'model__n_estimators': 150, 'select__k': 9, 'select__prune': True}",0.966183574879227,0.9693548387096774,0.9669621273166801,0.9769291964996022,0.97165991902834,0.9702179312867054,0.0038663064885023934,199,0.9696848022485445,0.9727987104573846,0.973397823458283,0.9669754329440193,0.9722222222222222,0.9710157982660906,0.0023834588729219532,0.9584664536741214,0.9585326953748007,0.9569377990430622,0.9792663476874003,0.9584664536741214,0.9623339498907011,0.00848750998799185,201,0.963302752293578,0.9632881085395052,0.9636871508379888,0.9581005586592178,0.963302752293578,0.9623362645247736,0.002123219360010314,0.9676923076923077,0.9707692307692307,0.9684615384615385,0.9776923076923076,0.9730561970746728,0.9715343163380114,0.003606253699771215,198,0.9709559530678977,0.9740334679746105,0.9746105020196192,0.9684554722061935,0.9734615384615385,0.9723033867459719,0.002292566298369597,0.9937500592523771,0.9944190477544665,0.9936370034907612,0.99661825101725,0.995699006404018,0.9948246735837746,0.0011585565514822284,175,0.994948394124979,0.9947850372622231,0.9949936713343601,0.9942863455223246,0.9953039769373566,0.9948634850362488,0.0003338967541886873
1.319302463531494,0.1971979357747986,0.2646646976470947,0.007382798906583045,1,0.1,150,10,False,,"{'model__estimator__max_depth': 1, 'model__learning_rate': 0.1, 'model__n_estimators': 150, 'select__k': 10, 'select__prune': False}",0.966183574879227,0.9693548387096774,0.9669621273166801,0.9769291964996022,0.97165991902834,0.9702179312867054,0.0038663064885023934,199,0.9696848022485445,0.9727987104573846,0.973397823458283,0.9669754329440193,0.9722222222222222,0.9710157982660906,0.0023834588729219532,0.9584664536741214,0.9585326953748007,0.9569377990430622,0.9792663476874003,0.9584664536741214,0.9623339498907011,0.00848750998799185,201,0.963302752293578,0.9632881085395052,0.9636871508379888,0.9581005586592178,0.963302752293578,0.9623362645247736,0.002123219360010314,0.9676923076923077,0.9707692307692307,0.9684615384615385,0.9776923076923076,0.9730561970746728,0.9715343163380114,0.003606253699771215,198,0.9709559530678977,0.9740334679746105,0.9746105020196192,0.9684554722061935,0.9734615384615385,0.9723033867459719,0.002292566298369597,0.9937500592523771,0.9944190477544665,0.9936370034907612,0.99661825101725,0.995699006404018,0.9948246735837746,0.0011585565514822284,175,0.994948394124979,0.9947850372622231,0.9949936713343601,0.9942863455223246,0.9953039769373566,0.9948634850362488,0.0003338967541886873
1.3574527263641358,0.18229344718677634,0.2495352268218994,0.017229231108623563,1,0.1,150,10,True,,"{'model__estimator__max_depth': 1, 'model__learning_rate': 0.1, 'model__n_estimators': 150, 'select__k': 10, 'select__prune': True}",0.966183574879227,0.9693548387096774,0.9669621273166801,0.9769291964996022,0.97165991902834,0.9702179312867054,0.0038663064885023934,199,0.9696848022485445,0.9727987104573846,0.973397823458283,0.9669754329440193,0.9722222222222222,0.9710157982660906,0.0023834588729219532,0.9584664536741214,0.9585326953748007,0.9569377990430622,0.9792663476874003,0.9584664536741214,0.9623339498907011,0.00848750998799185,201,0.963302752293578,0.9632881085395052,0.9636871508379888,0.9581005586592178,0.963302752293578,0.9623362645247736,0.002123219360010314,0.9676923076923077,0.9707692307692307,0.9684615384615385,0.9776923076923076,0.9730561970746728,0.9715343163380114,0.003606253699771215,198,0.9709559530678977,0.9740334679746105,0.9746105020196192,0.9684554722061935,0.9734615384615385,0.9723033867459719,0.002292566298369597,0.9937500592523771,0.9944190477544665,0.9936370034907612,0.99661825101725,0.995699006404018,0.9948246735837746,0.0011585565514822284,175,0.994948394124979,0.9947850372622231,0.9949936713343601,0.9942863455223246,0.9953039769373566,0.9948634850362488,0.0003338967541886873
1.7350056171417236,0.1672258961787246,0.30141825675964357,0.07347336721014462,1,0.1,150,21,False,,"{'model__estimator__max_depth': 1, 'model__learning_rate': 0.1, 'model__n_estimators': 150, 'select__k': 21, 'select__prune': False}",0.9719775820656525,0.9693548387096774,0.9687249398556536,0.9769291964996022,0.9758064516129032,0.9725586017486977,0.003315094937087354,194,0.9731892757102841,0.9727987104573846,0.974,0.9669754329440193,0.9761379586926008,0.9726202755608577,0.0030495108622379695,0.9696485623003195,0.9585326953748007,0.9633173843700159,0.9792663476874003,0.9664536741214057,0.9674437327707883,0.006957715881627431,199,0.9700837654567211,0.9632881085395052,0.9716679968076616,0.9581005586592178,0.9708815317112086,0.9668043922348628,0.005275471057964976,0.9730769230769231,0.9707692307692307,0.97,0.9776923076923076,0.976905311778291,0.9736887546633504,0.0031266450119648392,194,0.97422581265628,0.9740334679746105,0.9749951913829583,0.9684554722061935,0.9771153846153846,0.9737650657670853,0.0028710261802661016,0.9944895289199003,0.9949735882323667,0.9944391913188347,0.9961928663344163,0.9959672250995733,0.9952124799810182,0.0007360027792500048,170,0.9954761882183083,0.9952657254227433,0.9953264041532406,0.9941354266285238,0.996007687942754,0.9952422864731141,0.0006120969400622294
1.6790600776672364,0.12180616039736257,0.3322747707366943,0.10792569545763167,1,0.1,150,21,True,,"{'model__estimator__max_depth': 1, 'model__learning_rate': 0.1, 'model__n_estimators': 150, 'select__k': 21, 'select__prune': True}",0.9719775820656525,0.9693548387096774,0.9687249398556536,0.9769291964996022,0.9758064516129032,0.9725586017486977,0.003315094937087354,194,0.9731892757102841,0.9727987104573846,0.974,0.9669754329440193,0.9761379586926008,0.9726202755608577,0.0030495108622379695,0.9696485623003195,0.9585326953748007,0.9633173843700159,0.9792663476874003,0.9664536741214057,0.9674437327707883,0.006957715881627431,199,0.9700837654567211,0.9632881085395052,0.9716679968076616,0.9581005586592178,0.9708815317112086,0.9668043922348628,0.005275471057964976,0.9730769230769231,0.9707692307692307,0.97,0.9776923076923076,0.976905311778291,0.9736887546633504,0.0031266450119648392,194,0.97422581265628,0.9740334679746105,0.9749951913829583,0.9684554722061935,0.9771153846153846,0.9737650657670853,0.0028710261802661016,0.9944895289199003,0.9949735882323667,0.9944391913188347,0.9961928663344163,0.9959672250995733,0.9952124799810182,0.0007360027792500048,170,0.9954761882183083,0.9952657254227433,0.9953264041532406,0.9941354266285238,0.996007687942754,0.9952422864731141,0.0006120969400622294
0.5877699375152587,0.08832001659900082,0.18240680694580078,0.11126690320129771,1,0.5,50,6,False,,"{'model__estimator__max_depth': 1, 'model__learning_rate': 0.5, 'model__n_estimators': 50, 'select__k': 6, 'select__prune': False}",0.9845904298459043,0.9837925445705025,0.9813160032493907,0.9968,0.9829406986190089,0.9858879352569613,0.0055630226578511546,162,0.9848147398258756,0.9850141757796679,0.9856304391823517,0.9931699477701889,0.9852256628212912,0.9867709930758751,0.003210883484339786,0.9696485623003195,0.9681020733652312,0.9633173843700159,0.9936204146730463,0.9664536741214057,0.9722284217660035,0.010900037471070287,174,0.9700837654567211,0.9704708699122107,0.9716679968076616,0.9864325618515563,0.9708815317112086,0.9739073451478717,0.006284590760207731,0.9853846153846154,0.9846153846153847,0.9823076923076923,0.9969230769230769,0.9838337182448037,0.9866128974951145,0.005254658190512545,162,0.9855741488747836,0.9857664935564532,0.9863435276014618,0.9934602808232352,0.9859615384615384,0.9874211978634945,0.0030302520709821596,0.9979723836520321,0.9992298048918054,0.9993933232378528,0.9996279365169645,0.998255391670504,0.9988957679938318,0.0006569525240816844,159,0.999092066730243,0.9989467535619674,0.9990090622461532,0.9988390284409138,0.9992921416765326,0.999035810531162,0.00015247309374282291
0.7319287776947021,0.0829078079207401,0.19852542877197266,0.07677671166397061,1,0.5,50,6,True,,"{'model__estimator__max_depth': 1, 'model__learning_rate': 0.5, 'model__n_estimators': 50, 'select__k': 6, 'select__prune': True}",0.9845904298459043,0.9837925445705025,0.9813160032493907,0.9968,0.9829406986190089,0.9858879352569613,0.0055630226578511546,162,0.9848147398258756,0.9850141757796679,0.9856304391823517,0.9931699477701889,0.9852256628212912,0.9867709930758751,0.003210883484339786,0.9696485623003195,0.9681020733652312,0.9633173843700159,0.9936204146730463,0.9664536741214057,0.9722284217660035,0.010900037471070287,174,0.9700837654567211,0.9704708699122107,0.9716679968076616,0.9864325618515563,0.9708815317112086,0.9739073451478717,0.006284590760207731,0.9853846153846154,0.9846153846153847,0.9823076923076923,0.9969230769230769,0.9838337182448037,0.9866128974951145,0.005254658190512545,162,0.9855741488747836,0.9857664935564532,0.9863435276014618,0.9934602808232352,0.9859615384615384,0.9874211978634945,0.0030302520709821596,0.9979723836520321,0.9992298048918054,0.9993933232378528,0.9996279365169645,0.998255391670504,0.9988957679938318,0.0006569525240816844,159,0.999092066730243,0.9989467535619674,0.9990090622461532,0.9988390284409138,0.9992921416765326,0.999035810531162,0.00015247309374282291
0.7954384326934815,0.1475223229550071,0.17170042991638185,0.08171871248519623,1,0.5,50,7,False,,"{'model__estimator__max_depth': 1, 'model__learning_rate': 0.5, 'model__n_estimators': 50, 'select__k': 7, 'select__prune': False}",0.9967948717948718,0.9935794542536116,0.9878934624697336,0.9911504424778761,0.9919484702093397,0.9922733402410866,0.002922326149550442,135,0.9978013192084749,0.9939783219590526,0.9887005649717514,0.9831608845607628,0.9943842759727236,0.991605073334553,0.005128162090745321,0.9936102236421726,0.9872408293460925,0.9760765550239234,0.9824561403508771,0.9840255591054313,0.9846818614936994,0.005756732302150065,143,0.9956122856003191,0.9880287310454908,0.9776536312849162,0.966879489225858,0.988831272437176,0.9834010819187521,0.010059938516288999,0.9969230769230769,0.9938461538461538,0.9884615384615385,0.9915384615384616,0.9923017705927637,0.9926142002723989,0.0027778968246655253,135,0.997884208501635,0.9942296595499135,0.9892286978265051,0.9840353914214272,0.9946153846153846,0.991998668382973,0.0048487240541465705,0.9997238839222229,0.9998364816539526,0.9998672894582803,0.9999170559114252,0.9997187264121833,0.9998126874716128,7.893676249187627e-05,133,0.9998673846958086,0.9997919586382952,0.9998392272952638,0.9997174253014451,0.9998764691689115,0.9998184930199449,5.848127413631706e-05
0.7731909275054931,0.14004805404669113,0.19327178001403808,0.08586372295667535,1,0.5,50,7,True,,"{'model__estimator__max_depth': 1, 'model__learning_rate': 0.5, 'model__n_estimators': 50, 'select__k': 7, 'select__prune': True}",0.9967948717948718,0.9935794542536116,0.9878934624697336,0.9911504424778761,0.9919484702093397,0.9922733402410866,0.002922326149550442,135,0.9978013192084749,0.9939783219590526,0.9887005649717514,0.9831608845607628,0.9943842759727236,0.991605073334553,0.005128162090745321,0.9936102236421726,0.9872408293460925,0.9760765550239234,0.9824561403508771,0.9840255591054313,0.9846818614936994,0.005756732302150065,143,0.9956122856003191,0.9880287310454908,0.9776536312849162,0.966879489225858,0.988831272437176,0.9834010819187521,0.010059938516288999,0.9969230769230769,0.9938461538461538,0.9884615384615385,0.9915384615384616,0.9923017705927637,0.9926142002723989,0.0027778968246655253,135,0.997884208501635,0.9942296595499135,0.9892286978265051,0.9840353914214272,0.9946153846153846,0.991998668382973,0.0048487240541465705,0.9997238839222229,0.9998364816539526,0.9998672894582803,0.9999170559114252,0.9997187264121833,0.9998126874716128,7.893676249187627e-05,133,0.9998673846958086,0.9997919586382952,0.9998392272952638,0.9997174253014451,0.9998764691689115,0.9998184930199449,5.848127413631706e-05
0.7757190704345703,0.1318676375533835,0.18355917930603027,0.07267462679274954,1,0.5,50,8,False,,"{'model__estimator__max_depth': 1, 'model__learning_rate': 0.5, 'model__n_estimators': 50, 'select__k': 8, 'select__prune': False}",0.9967948717948718,0.9935794542536116,0.9878934624697336,0.9911504424778761,0.9919484702093397,0.9922733402410866,0.002922326149550442,135,0.9978013192084749,0.9939783219590526,0.9887005649717514,0.9831608845607628,0.9943842759727236,0.991605073334553,0.005128162090745321,0.9936102236421726,0.9872408293460925,0.9760765550239234,0.9824561403508771,0.9840255591054313,0.9846818614936994,0.005756732302150065,143,0.9956122856003191,0.9880287310454908,0.9776536312849162,0.966879489225858,0.988831272437176,0.9834010819187521,0.010059938516288999,0.9969230769230769,0.9938461538461538,0.9884615384615385,0.9915384615384616,0.9923017705927637,0.9926142002723989,0.0027778968246655253,135,0.997884208501635,0.9942296595499135,0.9892286978265051,0.9840353914214272,0.9946153846153846,0.991998668382973,0.0048487240541465705,0.9997238839222229,0.9998364816539526,0.9998672894582803,0.9999170559114252,0.9997187264121833,0.9998126874716128,7.893676249187627e-05,133,0.9998673846958086,0.9997919586382952,0.9998392272952638,0.9997174253014451,0.9998764691689115,0.9998184930199449,5.848127413631706e-05
0.8074775695800781,0.1615966425294416,0.16025276184082032,0.05350286005942207,1,0.5,50,8,True,,"{'model__estimator__max_depth': 1, 'model__learning_rate': 0.5, 'model__n_estimators': 50, 'select__k': 8, 'select__prune': True}",0.9967948717948718,0.9935794542536116,0.9878934624697336,0.9911504424778761,0.9919484702093397,0.9922733402410866,0.002922326149550442,135,0.9978013192084749,0.9939783219590526,0.9887005649717514,0.9831608845607628,0.9943842759727236,0.991605073334553,0.005128162090745321,0.9936102236421726,0.9872408293460925,0.9760765550239234,0.9824561403508771,0.9840255591054313,0.9846818614936994,0.005756732302150065,143,0.9956122856003191,0.9880287310454908,0.9776536312849162,0.966879489225858,0.988831272437176,0.9834010819187521,0.010059938516288999,0.9969230769230769,0.9938461538461538,0.9884615384615385,0.9915384615384616,0.9923017705927637,0.9926142002723989,0.0027778968246655253,135,0.997884208501635,0.9942296595499135,0.9892286978265051,0.9840353914214272,0.9946153846153846,0.991998668382973,0.0048487240541465705,0.9997238839222229,0.9998364816539526,0.9998672894582803,0.9999170559114252,0.9997187264121833,0.9998126874716128,7.893676249187627e-05,133,0.9998673846958086,0.9997919586382952,0.9998392272952638,0.9997174253014451,0.9998764691689115,0.9998184930199449,5.848127413631706e-05
0.792736291885376,0.10563824598213362,0.17799744606018067,0.07802873588360684,1,0.5,50,9,False,,"{'model__estimator__max_depth': 1, 'model__learning_rate': 0.5, 'model__n_estimators': 50, 'select__k': 9, 'select__prune': False}",0.9967948717948718,0.9935794542536116,0.9878934624697336,0.9911504424778761,0.9919484702093397,0.9922733402410866,0.002922326149550442,135,0.9978013192084749,0.9939783219590526,0.9887005649717514,0.9831608845607628,0.9943842759727236,0.991605073334553,0.005128162090745321,0.9936102236421726,0.9872408293460925,0.9760765550239234,0.9824561403508771,0.9840255591054313,0.9846818614936994,0.005756732302150065,143,0.9956122856003191,0.9880287310454908,0.9776536312849162,0.966879489225858,0.988831272437176,0.9834010819187521,0.010059938516288999,0.9969230769230769,0.9938461538461538,0.9884615384615385,0.9915384615384616,0.9923017705927637,0.9926142002723989,0.0027778968246655253,135,0.997884208501635,0.9942296595499135,0.9892286978265051,0.9840353914214272,0.9946153846153846,0.991998668382973,0.0048487240541465705,0.9997238839222229,0.9998364816539526,0.9998672894582803,0.9999170559114252,0.9997187264121833,0.9998126874716128,7.893676249187627e-05,133,0.9998673846958086,0.9997919586382952,0.9998392272952638,0.9997174253014451,0.9998764691689115,0.9998184930199449,5.848127413631706e-05
0.7759504795074463,0.12477364073944826,0.17467718124389647,0.08910954925808669,1,0.5,50,9,True,,"{'model__estimator__max_depth': 1, 'model__learning_rate': 0.5, 'model__n_estimators': 50, 'select__k': 9, 'select__prune': True}",0.9967948717948718,0.9935794542536116,0.9878934624697336,0.9911504424778761,0.9919484702093397,0.9922733402410866,0.002922326149550442,135,0.9978013192084749,0.9939783219590526,0.9887005649717514,0.9831608845607628,0.9943842759727236,0.991605073334553,0.005128162090745321,0.9936102236421726,0.9872408293460925,0.9760765550239234,0.9824561403508771,0.9840255591054313,0.9846818614936994,0.005756732302150065,143,0.9956122856003191,0.9880287310454908,0.9776536312849162,0.966879489225858,0.988831272437176,0.9834010819187521,0.010059938516288999,0.9969230769230769,0.9938461538461538,0.9884615384615385,0.9915384615384616,0.9923017705927637,0.9926142002723989,0.0027778968246655253,135,0.997884208501635,0.9942296595499135,0.9892286978265051,0.9840353914214272,0.9946153846153846,0.991998668382973,0.0048487240541465705,0.9997238839222229,0.9998364816539526,0.9998672894582803,0.9999170559114252,0.9997187264121833,0.9998126874716128,7.893676249187627e-05,133,0.9998673846958086,0.9997919586382952,0.9998392272952638,0.9997174253014451,0.9998764691689115,0.9998184930199449,5.848127413631706e-05
0.7976029872894287,0.13183447013427185,0.2176426410675049,0.08774584993772142,1,0.5,50,10,False,,"{'model__estimator__max_depth': 1, 'model__learning_rate': 0.5, 'model__n_estimators': 50, 'select__k': 10, 'select__prune': False}",0.9967948717948718,0.9935794542536116,0.9878934624697336,0.9911504424778761,0.9919484702093397,0.9922733402410866,0.002922326149550442,135,0.9978013192084749,0.9939783219590526,0.9887005649717514,0.9831608845607628,0.9943842759727236,0.991605073334553,0.005128162090745321,0.9936102236421726,0.9872408293460925,0.9760765550239234,0.9824561403508771,0.9840255591054313,0.9846818614936994,0.005756732302150065,143,0.9956122856003191,0.9880287310454908,0.9776536312849162,0.966879489225858,0.988831272437176,0.9834010819187521,0.010059938516288999,0.9969230769230769,0.9938461538461538,0.9884615384615385,0.9915384615384616,0.9923017705927637,0.9926142002723989,0.0027778968246655253,135,0.997884208501635,0.9942296595499135,0.9892286978265051,0.9840353914214272,0.9946153846153846,0.991998668382973,0.0048487240541465705,0.9997238839222229,0.9998364816539526,0.9998672894582803,0.9999170559114252,0.9997187264121833,0.9998126874716128,7.893676249187627e-05,133,0.9998673846958086,0.9997919586382952,0.9998392272952638,0.9997174253014451,0.9998764691689115,0.9998184930199449,5.848127413631706e-05
0.8986961841583252,0.175276332773203,0.17345161437988282,0.09400369493601016,1,0.5,50,10,True,,"{'model__estimator__max_depth': 1, 'model__learning_rate': 0.5, 'model__n_estimators': 50, 'select__k': 10, 'select__prune': True}",0.9967948717948718,0.9935794542536116,0.9878934624697336,0.9911504424778761,0.9919484702093397,0.9922733402410866,0.002922326149550442,135,0.9978013192084749,0.9939783219590526,0.9887005649717514,0.9831608845607628,0.9943842759727236,0.991605073334553,0.005128162090745321,0.9936102236421726,0.9872408293460925,0.9760765550239234,0.9824561403508771,0.9840255591054313,0.9846818614936994,0.005756732302150065,143,0.9956122856003191,0.9880287310454908,0.9776536312849162,0.966879489225858,0.988831272437176,0.9834010819187521,0.010059938516288999,0.9969230769230769,0.9938461538461538,0.9884615384615385,0.9915384615384616,0.9923017705927637,0.9926142002723989,0.0027778968246655253,135,0.997884208501635,0.9942296595499135,0.9892286978265051,0.9840353914214272,0.9946153846153846,0.991998668382973,0.0048487240541465705,0.9997238839222229,0.9998364816539526,0.9998672894582803,0.9999170559114252,0.9997187264121833,0.9998126874716128,7.893676249187627e-05,133,0.9998673846958086,0.9997919586382952,0.9998392272952638,0.9997174253014451,0.9998764691689115,0.9998184930199449,5.848127413631706e-05
1.1423574924468993,0.1619460294785054,0.15915098190307617,0.08305065854945164,1,0.5,50,21,False,,"{'model__estimator__max_depth': 1, 'model__learning_rate': 0.5, 'model__n_estimators': 50, 'select__k': 21, 'select__prune': False}",0.9967948717948718,0.9984025559105432,0.9952229299363057,0.9935794542536116,0.9951845906902087,0.9958368805171082,0.0016369989726213847,115,0.9978013192084749,0.9973994798959792,0.9946140035906643,0.9872701555869873,0.9982017982017982,0.9950573512967807,0.004092418522712681,0.9936102236421726,0.9968102073365231,0.9968102073365231,0.9872408293460925,0.9904153354632588,0.992977360624914,0.003721658433275464,122,0.9956122856003191,0.9948124501197126,0.9948124501197126,0.9748603351955307,0.9964100518548066,0.9913015145780163,0.00824191259548466,0.9969230769230769,0.9984615384615385,0.9953846153846154,0.9938461538461538,0.9953810623556582,0.9959992893942087,0.0015692084224615283,115,0.997884208501635,0.9974995191382958,0.9948066935949221,0.9878822850548182,0.9982692307692308,0.9952683874117805,0.0038882695076137134,0.9996480408794001,0.9998459609783611,0.9998222626673398,0.9999312748980379,0.9995513864295582,0.9997597851705393,0.00013903615065330888,144,0.999825599761974,0.9997592113869157,0.9997575814332271,0.9996919387528602,0.9998053722877096,0.9997679407245373,4.622878425876886e-05
1.0394164085388184,0.14532360191229615,0.14880175590515138,0.05953148470736582,1,0.5,50,21,True,,"{'model__estimator__max_depth': 1, 'model__learning_rate': 0.5, 'model__n_estimators': 50, 'select__k': 21, 'select__prune': True}",0.9967948717948718,0.9984025559105432,0.9952229299363057,0.9935794542536116,0.9951845906902087,0.9958368805171082,0.0016369989726213847,115,0.9978013192084749,0.9973994798959792,0.9946140035906643,0.9872701555869873,0.9982017982017982,0.9950573512967807,0.004092418522712681,0.9936102236421726,0.9968102073365231,0.9968102073365231,0.9872408293460925,0.9904153354632588,0.992977360624914,0.003721658433275464,122,0.9956122856003191,0.9948124501197126,0.9948124501197126,0.9748603351955307,0.9964100518548066,0.9913015145780163,0.00824191259548466,0.9969230769230769,0.9984615384615385,0.9953846153846154,0.9938461538461538,0.9953810623556582,0.9959992893942087,0.0015692084224615283,115,0.997884208501635,0.9974995191382958,0.9948066935949221,0.9878822850548182,0.9982692307692308,0.9952683874117805,0.0038882695076137134,0.9996480408794001,0.9998459609783611,0.9998222626673398,0.9999312748980379,0.9995513864295582,0.9997597851705393,0.00013903615065330888,144,0.999825599761974,0.9997592113869157,0.9997575814332271,0.9996919387528602,0.9998053722877096,0.9997679407245373,4.622878425876886e-05
1.2564082622528077,0.15621433958694828,0.32252230644226076,0.04152921342241092,1,0.5,150,6,False,,"{'model__estimator__max_depth': 1, 'model__learning_rate': 0.5, 'model__n_estimators': 150, 'select__k': 6, 'select__prune': False}",0.9967948717948718,0.9935794542536116,0.9919614147909968,0.9992019154030327,0.9919484702093397,0.9946972252903705,0.0028629383347727336,119,0.9978013192084749,0.9939783219590526,0.9943820224719101,0.9971988795518207,0.9943842759727236,0.9955489638327965,0.0016112412894993243,0.9936102236421726,0.9872408293460925,0.9840510366826156,0.9984051036682615,0.9840255591054313,0.9894665504889147,0.005673689659613101,132,0.9956122856003191,0.9880287310454908,0.9888268156424581,0.994413407821229,0.988831272437176,0.9911425025093346,0.00319617099920366,0.9969230769230769,0.9938461538461538,0.9923076923076923,0.9992307692307693,0.9923017705927637,0.9949218925800911,0.0027359624588707424,119,0.997884208501635,0.9942296595499135,0.9946143489132525,0.9973071744566263,0.9946153846153846,0.9957301552073623,0.0015405297584825954,0.9994418426067254,0.9999763016889786,0.9998459609783611,0.9998992821781592,0.9994445736746911,0.9997215922253831,0.00023104862840820546,148,0.9997873709927211,0.9997735105260928,0.9997806230512792,0.9998082581751808,0.999793744985263,0.9997887015461074,1.1880215143834691e-05
1.1923970699310302,0.14525937128952787,0.37360377311706544,0.13176182331815514,1,0.5,150,6,True,,"{'model__estimator__max_depth': 1, 'model__learning_rate': 0.5, 'model__n_estimators': 150, 'select__k': 6, 'select__prune': True}",0.9967948717948718,0.9935794542536116,0.9919614147909968,0.9992019154030327,0.9919484702093397,0.9946972252903705,0.0028629383347727336,119,0.9978013192084749,0.9939783219590526,0.9943820224719101,0.9971988795518207,0.9943842759727236,0.9955489638327965,0.0016112412894993243,0.9936102236421726,0.9872408293460925,0.9840510366826156,0.9984051036682615,0.9840255591054313,0.9894665504889147,0.005673689659613101,132,0.9956122856003191,0.9880287310454908,0.9888268156424581,0.994413407821229,0.988831272437176,0.9911425025093346,0.00319617099920366,0.9969230769230769,0.9938461538461538,0.9923076923076923,0.9992307692307693,0.9923017705927637,0.9949218925800911,0.0027359624588707424,119,0.997884208501635,0.9942296595499135,0.9946143489132525,0.9973071744566263,0.9946153846153846,0.9957301552073623,0.0015405297584825954,0.9994418426067254,0.9999763016889786,0.9998459609783611,0.9998992821781592,0.9994445736746911,0.9997215922253831,0.00023104862840820546,148,0.9997873709927211,0.9997735105260928,0.9997806230512792,0.9998082581751808,0.999793744985263,0.9997887015461074,1.1880215143834691e-05
1.2154820442199707,0.0805849695465201,0.3876068592071533,0.06297693327418478,1,0.5,150,7,False,,"{'model__estimator__max_depth': 1, 'model__learning_rate': 0.5, 'model__n_estimators': 150, 'select__k': 7, 'select__prune': False}",0.9975980784627703,1.0,0.9992019154030327,0.9992019154030327,0.9975980784627703,0.9987199975463212,0.0009612804775641835,56,0.9990017967658216,0.9984012789768185,0.9986013986013986,0.9986013986013986,0.9990017967658216,0.9987215339422519,0.00024021771112017916,0.9952076677316294,1.0,0.9984051036682615,0.9984051036682615,0.9952076677316294,0.9974451085599563,0.0019174427974193607,60,0.9980055843637814,0.9968076616121309,0.9972067039106145,0.9972067039106145,0.9980055843637814,0.9974464476321845,0.0004792221724257249,0.9976923076923077,1.0,0.9992307692307693,0.9992307692307693,0.9976905311778291,0.9987688754663351,0.0009234916234883537,56,0.9990382765916522,0.9984612425466436,0.9986535872283131,0.9986535872283131,0.9990384615384615,0.9987690310266768,0.0002308567800788867,0.9999644485736768,1.0,0.9999905206755915,0.999998815084449,0.999971516598702,0.9999850601864839,1.4494685507003064e-05,77,0.999991850456167,0.9999917020539492,0.9999875530809236,0.9999922206755774,0.9999911128898498,0.9999908878312935,1.7051270010512205e-06
1.336806058883667,0.13390042538842822,0.43052048683166505,0.11235051661151793,1,0.5,150,7,True,,"{'model__estimator__max_depth': 1, 'model__learning_rate': 0.5, 'model__n_estimators': 150, 'select__k': 7, 'select__prune': True}",0.9975980784627703,1.0,0.9992019154030327,0.9992019154030327,0.9975980784627703,0.9987199975463212,0.0009612804775641835,56,0.9990017967658216,0.9984012789768185,0.9986013986013986,0.9986013986013986,0.9990017967658216,0.9987215339422519,0.00024021771112017916,0.9952076677316294,1.0,0.9984051036682615,0.9984051036682615,0.9952076677316294,0.9974451085599563,0.0019174427974193607,60,0.9980055843637814,0.9968076616121309,0.9972067039106145,0.9972067039106145,0.9980055843637814,0.9974464476321845,0.0004792221724257249,0.9976923076923077,1.0,0.9992307692307693,0.9992307692307693,0.9976905311778291,0.9987688754663351,0.0009234916234883537,56,0.9990382765916522,0.9984612425466436,0.9986535872283131,0.9986535872283131,0.9990384615384615,0.9987690310266768,0.0002308567800788867,0.9999644485736768,1.0,0.9999905206755915,0.999998815084449,0.999971516598702,0.9999850601864839,1.4494685507003064e-05,77,0.999991850456167,0.9999917020539492,0.9999875530809236,0.9999922206755774,0.9999911128898498,0.9999908878312935,1.7051270010512205e-06
1.3353228092193603,0.18956490254680083,0.32518601417541504,0.09289631389647159,1,0.5,150,8,False,,"{'model__estimator__max_depth': 1, 'model__learning_rate': 0.5, 'model__n_estimators': 150, 'select__k': 8, 'select__prune': False}",0.9975980784627703,1.0,0.9992019154030327,0.9992019154030327,0.9975980784627703,0.9987199975463212,0.0009612804775641835,56,0.9990017967658216,0.9984012789768185,0.9986013986013986,0.9986013986013986,0.9990017967658216,0.9987215339422519,0.00024021771112017916,0.9952076677316294,1.0,0.9984051036682615,0.9984051036682615,0.9952076677316294,0.9974451085599563,0.0019174427974193607,60,0.9980055843637814,0.9968076616121309,0.9972067039106145,0.9972067039106145,0.9980055843637814,0.9974464476321845,0.0004792221724257249,0.9976923076923077,1.0,0.9992307692307693,0.9992307692307693,0.9976905311778291,0.9987688754663351,0.0009234916234883537,56,0.9990382765916522,0.9984612425466436,0.9986535872283131,0.9986535872283131,0.9990384615384615,0.9987690310266768,0.0002308567800788867,0.9999644485736768,1.0,0.9999905206755915,0.999998815084449,0.999971516598702,0.9999850601864839,1.4494685507003064e-05,77,0.999991850456167,0.9999917020539492,0.9999875530809236,0.9999922206755774,0.9999911128898498,0.9999908878312935,1.7051270010512205e-06
1.2480136394500732,0.14099370095386274,0.34308438301086425,0.08022645729468308,1,0.5,150,8,True,,"{'model__estimator__max_depth': 1, 'model__learning_rate': 0.5, 'model__n_estimators': 150, 'select__k': 8, 'select__prune': True}",0.9975980784627703,1.0,0.9992019154030327,0.9992019154030327,0.9975980784627703,0.9987199975463212,0.0009612804775641835,56,0.9990017967658216,0.9984012789768185,0.9986013986013986,0.9986013986013986,0.9990017967658216,0.9987215339422519,0.00024021771112017916,0.9952076677316294,1.0,0.9984051036682615,0.9984051036682615,0.9952076677316294,0.9974451085599563,0.0019174427974193607,60,0.9980055843637814,0.9968076616121309,0.9972067039106145,0.9972067039106145,0.9980055843637814,0.9974464476321845,0.0004792221724257249,0.9976923076923077,1.0,0.9992307692307693,0.9992307692307693,0.9976905311778291,0.9987688754663351,0.0009234916234883537,56,0.9990382765916522,0.9984612425466436,0.9986535872283131,0.9986535872283131,0.9990384615384615,0.9987690310266768,0.0002308567800788867,0.9999644485736768,1.0,0.9999905206755915,0.999998815084449,0.999971516598702,0.9999850601864839,1.4494685507003064e-05,77,0.999991850456167,0.9999917020539492,0.9999875530809236,0.9999922206755774,0.9999911128898498,0.9999908878312935,1.7051270010512205e-06
1.2593915462493896,0.14618102436457445,0.3296516418457031,0.13346991128473915,1,0.5,150,9,False,,"{'model__estimator__max_depth': 1, 'model__learning_rate': 0.5, 'model__n_estimators': 150, 'select__k': 9, 'select__prune': False}",0.9975980784627703,1.0,0.9992019154030327,0.9992019154030327,0.9975980784627703,0.9987199975463212,0.0009612804775641835,56,0.9990017967658216,0.9984012789768185,0.9986013986013986,0.9986013986013986,0.9990017967658216,0.9987215339422519,0.00024021771112017916,0.9952076677316294,1.0,0.9984051036682615,0.9984051036682615,0.9952076677316294,0.9974451085599563,0.0019174427974193607,60,0.9980055843637814,0.9968076616121309,0.9972067039106145,0.9972067039106145,0.9980055843637814,0.9974464476321845,0.0004792221724257249,0.9976923076923077,1.0,0.9992307692307693,0.9992307692307693,0.9976905311778291,0.9987688754663351,0.0009234916234883537,56,0.9990382765916522,0.9984612425466436,0.9986535872283131,0.9986535872283131,0.9990384615384615,0.9987690310266768,0.0002308567800788867,0.9999644485736768,1.0,0.9999905206755916,0.999998815084449,0.9999715165987021,0.9999850601864839,1.4494685506990682e-05,77,0.999991850456167,0.9999917020539492,0.9999875530809237,0.9999922206755774,0.9999911128898498,0.9999908878312935,1.7051270010077948e-06
1.2898359775543213,0.1489915727965765,0.2963852882385254,0.11258322986170319,1,0.5,150,9,True,,"{'model__estimator__max_depth': 1, 'model__learning_rate': 0.5, 'model__n_estimators': 150, 'select__k': 9, 'select__prune': True}",0.9975980784627703,1.0,0.9992019154030327,0.9992019154030327,0.9975980784627703,0.9987199975463212,0.0009612804775641835,56,0.9990017967658216,0.9984012789768185,0.9986013986013986,0.9986013986013986,0.9990017967658216,0.9987215339422519,0.00024021771112017916,0.9952076677316294,1.0,0.9984051036682615,0.9984051036682615,0.9952076677316294,0.9974451085599563,0.0019174427974193607,60,0.9980055843637814,0.9968076616121309,0.9972067039106145,0.9972067039106145,0.9980055843637814,0.9974464476321845,0.0004792221724257249,0.9976923076923077,1.0,0.9992307692307693,0.9992307692307693,0.9976905311778291,0.9987688754663351,0.0009234916234883537,56,0.9990382765916522,0.9984612425466436,0.9986535872283131,0.9986535872283131,0.9990384615384615,0.9987690310266768,0.0002308567800788867,0.9999644485736768,1.0,0.9999905206755916,0.999998815084449,0.9999715165987021,0.9999850601864839,1.4494685506990682e-05,77,0.999991850456167,0.9999917020539492,0.9999875530809237,0.9999922206755774,0.9999911128898498,0.9999908878312935,1.7051270010077948e-06
1.3656518936157227,0.10625672183230557,0.26821141242980956,0.03135233998988509,1,0.5,150,10,False,,"{'model__estimator__max_depth': 1, 'model__learning_rate': 0.5, 'model__n_estimators': 150, 'select__k': 10, 'select__prune': False}",0.9975980784627703,1.0,0.9992019154030327,0.9992019154030327,0.9975980784627703,0.9987199975463212,0.0009612804775641835,56,0.9990017967658216,0.9984012789768185,0.9986013986013986,0.9986013986013986,0.9990017967658216,0.9987215339422519,0.00024021771112017916,0.9952076677316294,1.0,0.9984051036682615,0.9984051036682615,0.9952076677316294,0.9974451085599563,0.0019174427974193607,60,0.9980055843637814,0.9968076616121309,0.9972067039106145,0.9972067039106145,0.9980055843637814,0.9974464476321845,0.0004792221724257249,0.9976923076923077,1.0,0.9992307692307693,0.9992307692307693,0.9976905311778291,0.9987688754663351,0.0009234916234883537,56,0.9990382765916522,0.9984612425466436,0.9986535872283131,0.9986535872283131,0.9990384615384615,0.9987690310266768,0.0002308567800788867,0.9999644485736768,1.0,0.9999905206755915,0.999998815084449,0.9999715165987022,0.9999850601864839,1.449468550696157e-05,77,0.999991850456167,0.9999917020539492,0.9999875530809236,0.9999922206755774,0.9999911128898497,0.9999908878312935,1.7051270010482898e-06
1.363352632522583,0.190213885229826,0.2573227882385254,0.07558432366658893,1,0.5,150,10,True,,"{'model__estimator__max_depth': 1, 'model__learning_rate': 0.5, 'model__n_estimators': 150, 'select__k': 10, 'select__prune': True}",0.9975980784627703,1.0,0.9992019154030327,0.9992019154030327,0.9975980784627703,0.9987199975463212,0.0009612804775641835,56,0.9990017967658216,0.9984012789768185,0.9986013986013986,0.9986013986013986,0.9990017967658216,0.9987215339422519,0.00024021771112017916,0.9952076677316294,1.0,0.9984051036682615,0.9984051036682615,0.9952076677316294,0.9974451085599563,0.0019174427974193607,60,0.9980055843637814,0.9968076616121309,0.9972067039106145,0.9972067039106145,0.9980055843637814,0.9974464476321845,0.0004792221724257249,0.9976923076923077,1.0,0.9992307692307693,0.9992307692307693,0.9976905311778291,0.9987688754663351,0.0009234916234883537,56,0.9990382765916522,0.9984612425466436,0.9986535872283131,0.9986535872283131,0.9990384615384615,0.9987690310266768,0.0002308567800788867,0.9999644485736768,1.0,0.9999905206755915,0.999998815084449,0.9999715165987022,0.9999850601864839,1.449468550696157e-05,77,0.999991850456167,0.9999917020539492,0.9999875530809236,0.9999922206755774,0.9999911128898497,0.9999908878312935,1.7051270010482898e-06
1.8515225410461427,0.09289086970657187,0.2338996410369873,0.10375018348854154,1,0.5,150,21,False,,"{'model__estimator__max_depth': 1, 'model__learning_rate': 0.5, 'model__n_estimators': 150, 'select__k': 21, 'select__prune': False}",0.9975980784627703,1.0,0.9992019154030327,0.9992019154030327,0.9975980784627703,0.9987199975463212,0.0009612804775641835,56,0.9990017967658216,0.9984012789768185,0.9986013986013986,0.9986013986013986,0.9990017967658216,0.9987215339422519,0.00024021771112017916,0.9952076677316294,1.0,0.9984051036682615,0.9984051036682615,0.9952076677316294,0.9974451085599563,0.0019174427974193607,60,0.9980055843637814,0.9968076616121309,0.9972067039106145,0.9972067039106145,0.9980055843637814,0.9974464476321845,0.0004792221724257249,0.9976923076923077,1.0,0.9992307692307693,0.9992307692307693,0.9976905311778291,0.9987688754663351,0.0009234916234883537,56,0.9990382765916522,0.9984612425466436,0.9986535872283131,0.9986535872283131,0.9990384615384615,0.9987690310266768,0.0002308567800788867,0.9999905196196472,1.0,1.0,1.0,0.9999999999999999,0.9999981039239294,3.792152141091076e-06,58,0.999999407305903,1.0,1.0,1.0,1.0,0.9999998814611807,2.3707763880942422e-07
1.8197660446166992,0.09883325265929234,0.26621241569519044,0.0853532364739751,1,0.5,150,21,True,,"{'model__estimator__max_depth': 1, 'model__learning_rate': 0.5, 'model__n_estimators': 150, 'select__k': 21, 'select__prune': True}",0.9975980784627703,1.0,0.9992019154030327,0.9992019154030327,0.9975980784627703,0.9987199975463212,0.0009612804775641835,56,0.9990017967658216,0.9984012789768185,0.9986013986013986,0.9986013986013986,0.9990017967658216,0.9987215339422519,0.00024021771112017916,0.9952076677316294,1.0,0.9984051036682615,0.9984051036682615,0.9952076677316294,0.9974451085599563,0.0019174427974193607,60,0.9980055843637814,0.9968076616121309,0.9972067039106145,0.9972067039106145,0.9980055843637814,0.9974464476321845,0.0004792221724257249,0.9976923076923077,1.0,0.9992307692307693,0.9992307692307693,0.9976905311778291,0.9987688754663351,0.0009234916234883537,56,0.9990382765916522,0.9984612425466436,0.9986535872283131,0.9986535872283131,0.9990384615384615,0.9987690310266768,0.0002308567800788867,0.9999905196196472,1.0,1.0,1.0,0.9999999999999999,0.9999981039239294,3.792152141091076e-06,58,0.999999407305903,1.0,1.0,1.0,1.0,0.9999998814611807,2.3707763880942422e-07
0.5395593643188477,0.056678176181224824,0.215850305557251,0.11329849204184352,1,1.0,50,6,False,,"{'model__estimator__max_depth': 1, 'model__learning_rate': 1.0, 'model__n_estimators': 50, 'select__k': 6, 'select__prune': False}",0.9967948717948718,0.9984025559105432,0.9984025559105432,0.9992019154030327,0.9951845906902087,0.9975972979418399,0.0014378262754934559,107,0.9978013192084749,0.9973994798959792,0.9973994798959792,0.9971988795518207,0.9982017982017982,0.9976001913508105,0.00035888843795626015,0.9936102236421726,0.9968102073365231,0.9968102073365231,0.9984051036682615,0.9904153354632588,0.9952102154893477,0.0028593043445367104,117,0.9956122856003191,0.9948124501197126,0.9948124501197126,0.994413407821229,0.9964100518548066,0.9952121291031559,0.0007145049204812635,0.9969230769230769,0.9984615384615385,0.9984615384615385,0.9992307692307693,0.9953810623556582,0.9976915970865162,0.0013772337721462587,107,0.997884208501635,0.9974995191382958,0.9974995191382958,0.9973071744566263,0.9982692307692308,0.9976919304008167,0.0003441882937884209,0.9994205117509314,0.9999763016889787,0.999843591147259,0.9998992821781593,0.9994445736746911,0.9997168520880038,0.0002360553969361063,150,0.9997390664238202,0.9997735105260928,0.9997723251052284,0.9997534324602017,0.9997885608376753,0.9997653790706036,1.724435658871829e-05
0.6902750968933106,0.07588084274112954,0.2543130874633789,0.10692890286890418,1,1.0,50,6,True,,"{'model__estimator__max_depth': 1, 'model__learning_rate': 1.0, 'model__n_estimators': 50, 'select__k': 6, 'select__prune': True}",0.9967948717948718,0.9984025559105432,0.9984025559105432,0.9992019154030327,0.9951845906902087,0.9975972979418399,0.0014378262754934559,107,0.9978013192084749,0.9973994798959792,0.9973994798959792,0.9971988795518207,0.9982017982017982,0.9976001913508105,0.00035888843795626015,0.9936102236421726,0.9968102073365231,0.9968102073365231,0.9984051036682615,0.9904153354632588,0.9952102154893477,0.0028593043445367104,117,0.9956122856003191,0.9948124501197126,0.9948124501197126,0.994413407821229,0.9964100518548066,0.9952121291031559,0.0007145049204812635,0.9969230769230769,0.9984615384615385,0.9984615384615385,0.9992307692307693,0.9953810623556582,0.9976915970865162,0.0013772337721462587,107,0.997884208501635,0.9974995191382958,0.9974995191382958,0.9973071744566263,0.9982692307692308,0.9976919304008167,0.0003441882937884209,0.9994205117509314,0.9999763016889787,0.999843591147259,0.9998992821781593,0.9994445736746911,0.9997168520880038,0.0002360553969361063,150,0.9997390664238202,0.9997735105260928,0.9997723251052284,0.9997534324602017,0.9997885608376753,0.9997653790706036,1.724435658871829e-05
0.7995139122009277,0.05967929488684438,0.32177295684814455,0.09035957153670733,1,1.0,50,7,False,,"{'model__estimator__max_depth': 1, 'model__learning_rate': 1.0, 'model__n_estimators': 50, 'select__k': 7, 'select__prune': False}",0.9975980784627703,1.0,0.9992019154030327,0.9992019154030327,0.9951845906902087,0.998237299991809,0.001714392915599031,87,0.9990017967658216,0.9984012789768185,0.9986013986013986,0.9986013986013986,0.9982017982017982,0.9985615342294472,0.00026536811896710904,0.9952076677316294,1.0,0.9984051036682615,0.9984051036682615,0.9904153354632588,0.9964866421062822,0.0034117799760117118,94,0.9980055843637814,0.9968076616121309,0.9972067039106145,0.9972067039106145,0.9964100518548066,0.9971273411303896,0.0005292649578479733,0.9976923076923077,1.0,0.9992307692307693,0.9992307692307693,0.9953810623556582,0.9983069817019009,0.0016438920836521357,87,0.9990382765916522,0.9984612425466436,0.9986535872283131,0.9986535872283131,0.9982692307692308,0.9986151848728305,0.00025508373759926777,0.9999431177178828,1.0,0.9999786715200807,0.999998815084449,0.9999501540477287,0.9999741516740283,2.3815294579376315e-05,90,0.9999822191770916,0.9999917020539492,0.9999761434051037,0.9999922206755772,0.999981485187187,0.9999847540997818,6.249472084244934e-06
0.8039022922515869,0.10338124018438422,0.22846693992614747,0.11692921868127841,1,1.0,50,7,True,,"{'model__estimator__max_depth': 1, 'model__learning_rate': 1.0, 'model__n_estimators': 50, 'select__k': 7, 'select__prune': True}",0.9975980784627703,1.0,0.9992019154030327,0.9992019154030327,0.9951845906902087,0.998237299991809,0.001714392915599031,87,0.9990017967658216,0.9984012789768185,0.9986013986013986,0.9986013986013986,0.9982017982017982,0.9985615342294472,0.00026536811896710904,0.9952076677316294,1.0,0.9984051036682615,0.9984051036682615,0.9904153354632588,0.9964866421062822,0.0034117799760117118,94,0.9980055843637814,0.9968076616121309,0.9972067039106145,0.9972067039106145,0.9964100518548066,0.9971273411303896,0.0005292649578479733,0.9976923076923077,1.0,0.9992307692307693,0.9992307692307693,0.9953810623556582,0.9983069817019009,0.0016438920836521357,87,0.9990382765916522,0.9984612425466436,0.9986535872283131,0.9986535872283131,0.9982692307692308,0.9986151848728305,0.00025508373759926777,0.9999431177178828,1.0,0.9999786715200807,0.999998815084449,0.9999501540477287,0.9999741516740283,2.3815294579376315e-05,90,0.9999822191770916,0.9999917020539492,0.9999761434051037,0.9999922206755772,0.999981485187187,0.9999847540997818,6.249472084244934e-06
0.8238658905029297,0.12798969936492247,0.2550674915313721,0.14125880648827713,1,1.0,50,8,False,,"{'model__estimator__max_depth': 1, 'model__learning_rate': 1.0, 'model__n_estimators': 50, 'select__k': 8, 'select__prune': False}",0.9975980784627703,1.0,0.9992019154030327,0.9992019154030327,0.9951845906902087,0.998237299991809,0.001714392915599031,87,0.9990017967658216,0.9984012789768185,0.9986013986013986,0.9986013986013986,0.9982017982017982,0.9985615342294472,0.00026536811896710904,0.9952076677316294,1.0,0.9984051036682615,0.9984051036682615,0.9904153354632588,0.9964866421062822,0.0034117799760117118,94,0.9980055843637814,0.9968076616121309,0.9972067039106145,0.9972067039106145,0.9964100518548066,0.9971273411303896,0.0005292649578479733,0.9976923076923077,1.0,0.9992307692307693,0.9992307692307693,0.9953810623556582,0.9983069817019009,0.0016438920836521357,87,0.9990382765916522,0.9984612425466436,0.9986535872283131,0.9986535872283131,0.9982692307692308,0.9986151848728305,0.00025508373759926777,0.9999431177178828,1.0,0.9999786715200807,0.9999988150844489,0.9999501540477287,0.9999741516740283,2.381529457935332e-05,90,0.9999822191770916,0.9999917020539492,0.9999761434051037,0.9999922206755774,0.999981485187187,0.9999847540997818,6.249472084271462e-06
0.7897546768188477,0.07426894666914657,0.22621898651123046,0.07561655168017202,1,1.0,50,8,True,,"{'model__estimator__max_depth': 1, 'model__learning_rate': 1.0, 'model__n_estimators': 50, 'select__k': 8, 'select__prune': True}",0.9975980784627703,1.0,0.9992019154030327,0.9992019154030327,0.9951845906902087,0.998237299991809,0.001714392915599031,87,0.9990017967658216,0.9984012789768185,0.9986013986013986,0.9986013986013986,0.9982017982017982,0.9985615342294472,0.00026536811896710904,0.9952076677316294,1.0,0.9984051036682615,0.9984051036682615,0.9904153354632588,0.9964866421062822,0.0034117799760117118,94,0.9980055843637814,0.9968076616121309,0.9972067039106145,0.9972067039106145,0.9964100518548066,0.9971273411303896,0.0005292649578479733,0.9976923076923077,1.0,0.9992307692307693,0.9992307692307693,0.9953810623556582,0.9983069817019009,0.0016438920836521357,87,0.9990382765916522,0.9984612425466436,0.9986535872283131,0.9986535872283131,0.9982692307692308,0.9986151848728305,0.00025508373759926777,0.9999431177178828,1.0,0.9999786715200807,0.9999988150844489,0.9999501540477287,0.9999741516740283,2.381529457935332e-05,90,0.9999822191770916,0.9999917020539492,0.9999761434051037,0.9999922206755774,0.999981485187187,0.9999847540997818,6.249472084271462e-06
0.7883315086364746,0.14119203016249973,0.16194334030151367,0.12576660421951694,1,1.0,50,9,False,,"{'model__estimator__max_depth': 1, 'model__learning_rate': 1.0, 'model__n_estimators': 50, 'select__k': 9, 'select__prune': False}",0.9975980784627703,1.0,0.9992019154030327,0.9992019154030327,0.9951845906902087,0.998237299991809,0.001714392915599031,87,0.9990017967658216,0.9984012789768185,0.9986013986013986,0.9986013986013986,0.9982017982017982,0.9985615342294472,0.00026536811896710904,0.9952076677316294,1.0,0.9984051036682615,0.9984051036682615,0.9904153354632588,0.9964866421062822,0.0034117799760117118,94,0.9980055843637814,0.9968076616121309,0.9972067039106145,0.9972067039106145,0.9964100518548066,0.9971273411303896,0.0005292649578479733,0.9976923076923077,1.0,0.9992307692307693,0.9992307692307693,0.9953810623556582,0.9983069817019009,0.0016438920836521357,87,0.9990382765916522,0.9984612425466436,0.9986535872283131,0.9986535872283131,0.9982692307692308,0.9986151848728305,0.00025508373759926777,0.9999431177178828,1.0,0.9999597128712636,0.9999988150844489,0.9999501540477287,0.9999703599442649,2.4298169574887105e-05,95,0.9999822191770916,0.999991702053949,0.9999471005939256,0.9999922206755774,0.999981485187187,0.9999789455375462,1.6554304400101053e-05
0.7524819850921631,0.09632832768266421,0.24897375106811523,0.11717174348864486,1,1.0,50,9,True,,"{'model__estimator__max_depth': 1, 'model__learning_rate': 1.0, 'model__n_estimators': 50, 'select__k': 9, 'select__prune': True}",0.9975980784627703,1.0,0.9992019154030327,0.9992019154030327,0.9951845906902087,0.998237299991809,0.001714392915599031,87,0.9990017967658216,0.9984012789768185,0.9986013986013986,0.9986013986013986,0.9982017982017982,0.9985615342294472,0.00026536811896710904,0.9952076677316294,1.0,0.9984051036682615,0.9984051036682615,0.9904153354632588,0.9964866421062822,0.0034117799760117118,94,0.9980055843637814,0.9968076616121309,0.9972067039106145,0.9972067039106145,0.9964100518548066,0.9971273411303896,0.0005292649578479733,0.9976923076923077,1.0,0.9992307692307693,0.9992307692307693,0.9953810623556582,0.9983069817019009,0.0016438920836521357,87,0.9990382765916522,0.9984612425466436,0.9986535872283131,0.9986535872283131,0.9982692307692308,0.9986151848728305,0.00025508373759926777,0.9999431177178828,1.0,0.9999597128712636,0.9999988150844489,0.9999501540477287,0.9999703599442649,2.4298169574887105e-05,95,0.9999822191770916,0.999991702053949,0.9999471005939256,0.9999922206755774,0.999981485187187,0.9999789455375462,1.6554304400101053e-05
0.8505828857421875,0.12170824418438866,0.1694157600402832,0.08088836720322325,1,1.0,50,10,False,,"{'model__estimator__max_depth': 1, 'model__learning_rate': 1.0, 'model__n_estimators': 50, 'select__k': 10, 'select__prune': False}",0.9975980784627703,1.0,0.9992019154030327,0.9992019154030327,0.9951845906902087,0.998237299991809,0.001714392915599031,87,0.9990017967658216,0.9984012789768185,0.9986013986013986,0.9986013986013986,0.9982017982017982,0.9985615342294472,0.00026536811896710904,0.9952076677316294,1.0,0.9984051036682615,0.9984051036682615,0.9904153354632588,0.9964866421062822,0.0034117799760117118,94,0.9980055843637814,0.9968076616121309,0.9972067039106145,0.9972067039106145,0.9964100518548066,0.9971273411303896,0.0005292649578479733,0.9976923076923077,1.0,0.9992307692307693,0.9992307692307693,0.9953810623556582,0.9983069817019009,0.0016438920836521357,87,0.9990382765916522,0.9984612425466436,0.9986535872283131,0.9986535872283131,0.9982692307692308,0.9986151848728305,0.00025508373759926777,0.9999431177178828,1.0,0.9999597128712636,0.9999988150844489,0.9999501540477287,0.9999703599442649,2.4298169574887105e-05,95,0.9999822191770916,1.0,0.9999471005939256,0.9999922206755774,0.999981485187187,0.9999806051267564,1.8094283448685276e-05
0.8350366115570068,0.08667285740449049,0.20520496368408203,0.08583626360495841,1,1.0,50,10,True,,"{'model__estimator__max_depth': 1, 'model__learning_rate': 1.0, 'model__n_estimators': 50, 'select__k': 10, 'select__prune': True}",0.9975980784627703,1.0,0.9992019154030327,0.9992019154030327,0.9951845906902087,0.998237299991809,0.001714392915599031,87,0.9990017967658216,0.9984012789768185,0.9986013986013986,0.9986013986013986,0.9982017982017982,0.9985615342294472,0.00026536811896710904,0.9952076677316294,1.0,0.9984051036682615,0.9984051036682615,0.9904153354632588,0.9964866421062822,0.0034117799760117118,94,0.9980055843637814,0.9968076616121309,0.9972067039106145,0.9972067039106145,0.9964100518548066,0.9971273411303896,0.0005292649578479733,0.9976923076923077,1.0,0.9992307692307693,0.9992307692307693,0.9953810623556582,0.9983069817019009,0.0016438920836521357,87,0.9990382765916522,0.9984612425466436,0.9986535872283131,0.9986535872283131,0.9982692307692308,0.9986151848728305,0.00025508373759926777,0.9999431177178828,1.0,0.9999597128712636,0.9999988150844489,0.9999501540477287,0.9999703599442649,2.4298169574887105e-05,95,0.9999822191770916,1.0,0.9999471005939256,0.9999922206755774,0.999981485187187,0.9999806051267564,1.8094283448685276e-05
1.1368831634521483,0.0532081003696654,0.17400965690612794,0.09306323396062587,1,1.0,50,21,False,,"{'model__estimator__max_depth': 1, 'model__learning_rate': 1.0, 'model__n_estimators': 50, 'select__k': 21, 'select__prune': False}",0.9975980784627703,1.0,0.9936204146730463,0.9992019154030327,0.9951845906902087,0.9971209998458116,0.002402092105667388,112,0.9990017967658216,0.9984012789768185,0.9976028765481423,0.9986013986013986,0.9982017982017982,0.9983618298187957,0.0004626288612757576,0.9952076677316294,1.0,0.9936204146730463,0.9984051036682615,0.9904153354632588,0.9955297043072392,0.003410493459944704,112,0.9980055843637814,0.9968076616121309,0.9964086193136472,0.9972067039106145,0.9964100518548066,0.9969677242109961,0.0005972406168743371,0.9976923076923077,1.0,0.9938461538461538,0.9992307692307693,0.9953810623556582,0.9972300586249778,0.0023133824199876394,112,0.9990382765916522,0.9984612425466436,0.9976918638199653,0.9986535872283131,0.9982692307692308,0.998422840191161,0.00044528714530352355,0.9999383775277064,1.0,0.9999526033779572,1.0,0.9999572748980531,0.9999696511607434,2.5549727935467247e-05,99,0.9999882942915853,0.999991702053949,0.9999845895287627,0.9999927392972056,0.9999800040021619,0.9999874658347329,4.698795203152485e-06
1.0753156661987304,0.19634342030084692,0.2000748634338379,0.119322189225825,1,1.0,50,21,True,,"{'model__estimator__max_depth': 1, 'model__learning_rate': 1.0, 'model__n_estimators': 50, 'select__k': 21, 'select__prune': True}",0.9975980784627703,1.0,0.9936204146730463,0.9992019154030327,0.9951845906902087,0.9971209998458116,0.002402092105667388,112,0.9990017967658216,0.9984012789768185,0.9976028765481423,0.9986013986013986,0.9982017982017982,0.9983618298187957,0.0004626288612757576,0.9952076677316294,1.0,0.9936204146730463,0.9984051036682615,0.9904153354632588,0.9955297043072392,0.003410493459944704,112,0.9980055843637814,0.9968076616121309,0.9964086193136472,0.9972067039106145,0.9964100518548066,0.9969677242109961,0.0005972406168743371,0.9976923076923077,1.0,0.9938461538461538,0.9992307692307693,0.9953810623556582,0.9972300586249778,0.0023133824199876394,112,0.9990382765916522,0.9984612425466436,0.9976918638199653,0.9986535872283131,0.9982692307692308,0.998422840191161,0.00044528714530352355,0.9999383775277064,1.0,0.9999526033779572,1.0,0.9999572748980531,0.9999696511607434,2.5549727935467247e-05,99,0.9999882942915853,0.999991702053949,0.9999845895287627,0.9999927392972056,0.9999800040021619,0.9999874658347329,4.698795203152485e-06
1.3280659675598145,0.1663705967642082,0.39427571296691893,0.10211860602370294,1,1.0,150,6,False,,"{'model__estimator__max_depth': 1, 'model__learning_rate': 1.0, 'model__n_estimators': 150, 'select__k': 6, 'select__prune': False}",0.9967948717948718,0.9984025559105432,0.9984025559105432,0.9960222752585521,0.9959903769045709,0.9971225271558162,0.001084123949577652,110,0.9978013192084749,0.9973994798959792,0.9973994798959792,0.9958108916816277,0.9988019169329073,0.9974426175229937,0.0009635987459590166,0.9936102236421726,0.9968102073365231,0.9968102073365231,0.9984051036682615,0.9920127795527156,0.9955297043072392,0.0023494877422078125,112,0.9956122856003191,0.9948124501197126,0.9948124501197126,0.9960095770151636,0.9976067012365377,0.995770692818289,0.0010285468931314047,0.9969230769230769,0.9984615384615385,0.9984615384615385,0.9961538461538462,0.9961508852963818,0.9972301770592764,0.001044047051339341,110,0.997884208501635,0.9974995191382958,0.9974995191382958,0.9959607616849394,0.9988461538461538,0.9975380324618639,0.0009297063044287338,0.9996942577336203,0.9999857810133872,0.9999123162492208,0.9999360145602423,0.9997211000289581,0.9998498939170858,0.00011881843534641125,130,0.999891462893497,0.9998822728904029,0.9998553045657375,0.9999000542033691,0.9998957245742371,0.9998849638254488,1.5954083639026108e-05
1.3256304264068604,0.1515961132783081,0.36276865005493164,0.09274374876130734,1,1.0,150,6,True,,"{'model__estimator__max_depth': 1, 'model__learning_rate': 1.0, 'model__n_estimators': 150, 'select__k': 6, 'select__prune': True}",0.9967948717948718,0.9984025559105432,0.9984025559105432,0.9960222752585521,0.9959903769045709,0.9971225271558162,0.001084123949577652,110,0.9978013192084749,0.9973994798959792,0.9973994798959792,0.9958108916816277,0.9988019169329073,0.9974426175229937,0.0009635987459590166,0.9936102236421726,0.9968102073365231,0.9968102073365231,0.9984051036682615,0.9920127795527156,0.9955297043072392,0.0023494877422078125,112,0.9956122856003191,0.9948124501197126,0.9948124501197126,0.9960095770151636,0.9976067012365377,0.995770692818289,0.0010285468931314047,0.9969230769230769,0.9984615384615385,0.9984615384615385,0.9961538461538462,0.9961508852963818,0.9972301770592764,0.001044047051339341,110,0.997884208501635,0.9974995191382958,0.9974995191382958,0.9959607616849394,0.9988461538461538,0.9975380324618639,0.0009297063044287338,0.9996942577336203,0.9999857810133872,0.9999123162492208,0.9999360145602423,0.9997211000289581,0.9998498939170858,0.00011881843534641125,130,0.999891462893497,0.9998822728904029,0.9998553045657375,0.9999000542033691,0.9998957245742371,0.9998849638254488,1.5954083639026108e-05
1.3728646755218505,0.20054652757816033,0.38147730827331544,0.09583460001422028,1,1.0,150,7,False,,"{'model__estimator__max_depth': 1, 'model__learning_rate': 1.0, 'model__n_estimators': 150, 'select__k': 7, 'select__prune': False}",1.0,1.0,1.0,1.0,1.0,1.0,0.0,1,1.0,1.0,1.0,1.0,1.0,1.0,0.0,1.0,1.0,1.0,1.0,1.0,1.0,0.0,1,1.0,1.0,1.0,1.0,1.0,1.0,0.0,1.0,1.0,1.0,1.0,1.0,1.0,0.0,1,1.0,1.0,1.0,1.0,1.0,1.0,0.0,1.0,0.9999999999999999,0.9999999999999999,1.0,1.0,1.0,7.021666937153402e-17,1,0.9999999999999999,1.0,1.0,1.0,1.0,1.0,4.965068306494546e-17
1.235060453414917,0.15186274094167984,0.28537440299987793,0.059006027412280934,1,1.0,150,7,True,,"{'model__estimator__max_depth': 1, 'model__learning_rate': 1.0, 'model__n_estimators': 150, 'select__k': 7, 'select__prune': True}",1.0,1.0,1.0,1.0,1.0,1.0,0.0,1,1.0,1.0,1.0,1.0,1.0,1.0,0.0,1.0,1.0,1.0,1.0,1.0,1.0,0.0,1,1.0,1.0,1.0,1.0,1.0,1.0,0.0,1.0,1.0,1.0,1.0,1.0,1.0,0.0,1,1.0,1.0,1.0,1.0,1.0,1.0,0.0,1.0,0.9999999999999999,0.9999999999999999,1.0,1.0,1.0,7.021666937153402e-17,1,0.9999999999999999,1.0,1.0,1.0,1.0,1.0,4.965068306494546e-17
1.3494527339935303,0.18790552763605264,0.35463595390319824,0.05556417135548949,1,1.0,150,8,False,,"{'model__estimator__max_depth': 1, 'model__learning_rate': 1.0, 'model__n_estimators': 150, 'select__k': 8, 'select__prune': False}",1.0,1.0,1.0,1.0,1.0,1.0,0.0,1,1.0,1.0,1.0,1.0,1.0,1.0,0.0,1.0,1.0,1.0,1.0,1.0,1.0,0.0,1,1.0,1.0,1.0,1.0,1.0,1.0,0.0,1.0,1.0,1.0,1.0,1.0,1.0,0.0,1,1.0,1.0,1.0,1.0,1.0,1.0,0.0,1.0,1.0,1.0,1.0,1.0,1.0,0.0,1,0.9999999999999999,0.9999999999999999,1.0,1.0,1.0,1.0,7.021666937153402e-17
1.3603250503540039,0.11693724167735206,0.34605960845947265,0.05892204967619973,1,1.0,150,8,True,,"{'model__estimator__max_depth': 1, 'model__learning_rate': 1.0, 'model__n_estimators': 150, 'select__k': 8, 'select__prune': True}",1.0,1.0,1.0,1.0,1.0,1.0,0.0,1,1.0,1.0,1.0,1.0,1.0,1.0,0.0,1.0,1.0,1.0,1.0,1.0,1.0,0.0,1,1.0,1.0,1.0,1.0,1.0,1.0,0.0,1.0,1.0,1.0,1.0,1.0,1.0,0.0,1,1.0,1.0,1.0,1.0,1.0,1.0,0.0,1.0,1.0,1.0,1.0,1.0,1.0,0.0,1,0.9999999999999999,0.9999999999999999,1.0,1.0,1.0,1.0,7.021666937153402e-17
1.3555744647979737,0.147106341139325,0.34322423934936525,0.045246630510597775,1,1.0,150,9,False,,"{'model__estimator__max_depth': 1, 'model__learning_rate': 1.0, 'model__n_estimators': 150, 'select__k': 9, 'select__prune': False}",1.0,1.0,1.0,1.0,1.0,1.0,0.0,1,1.0,1.0,1.0,1.0,1.0,1.0,0.0,1.0,1.0,1.0,1.0,1.0,1.0,0.0,1,1.0,1.0,1.0,1.0,1.0,1.0,0.0,1.0,1.0,1.0,1.0,1.0,1.0,0.0,1,1.0,1.0,1.0,1.0,1.0,1.0,0.0,1.0,1.0,0.9999999999999999,1.0,1.0,1.0,4.965068306494546e-17,1,1.0,1.0,0.9999999999999999,1.0,1.0,1.0,4.965068306494546e-17
1.2607447624206543,0.1921229054670152,0.3384558200836182,0.053498988758670526,1,1.0,150,9,True,,"{'model__estimator__max_depth': 1, 'model__learning_rate': 1.0, 'model__n_estimators': 150, 'select__k': 9, 'select__prune': True}",1.0,1.0,1.0,1.0,1.0,1.0,0.0,1,1.0,1.0,1.0,1.0,1.0,1.0,0.0,1.0,1.0,1.0,1.0,1.0,1.0,0.0,1,1.0,1.0,1.0,1.0,1.0,1.0,0.0,1.0,1.0,1.0,1.0,1.0,1.0,0.0,1,1.0,1.0,1.0,1.0,1.0,1.0,0.0,1.0,1.0,0.9999999999999999,1.0,1.0,1.0,4.965068306494546e-17,1,1.0,1.0,0.9999999999999999,1.0,1.0,1.0,4.965068306494546e-17
1.426113986968994,0.16355289396083675,0.2735772609710693,0.027737188670942426,1,1.0,150,10,False,,"{'model__estimator__max_depth': 1, 'model__learning_rate': 1.0, 'model__n_estimators': 150, 'select__k': 10, 'select__prune': False}",1.0,1.0,1.0,1.0,1.0,1.0,0.0,1,1.0,1.0,1.0,1.0,1.0,1.0,0.0,1.0,1.0,1.0,1.0,1.0,1.0,0.0,1,1.0,1.0,1.0,1.0,1.0,1.0,0.0,1.0,1.0,1.0,1.0,1.0,1.0,0.0,1,1.0,1.0,1.0,1.0,1.0,1.0,0.0,1.0,1.0,1.0,1.0,1.0,1.0,0.0,1,1.0,0.9999999999999999,1.0,1.0,1.0,1.0,4.965068306494546e-17
1.3584022521972656,0.1485268105561522,0.27420635223388673,0.0408847371160589,1,1.0,150,10,True,,"{'model__estimator__max_depth': 1, 'model__learning_rate': 1.0, 'model__n_estimators': 150, 'select__k': 10, 'select__prune': True}",1.0,1.0,1.0,1.0,1.0,1.0,0.0,1,1.0,1.0,1.0,1.0,1.0,1.0,0.0,1.0,1.0,1.0,1.0,1.0,1.0,0.0,1,1.0,1.0,1.0,1.0,1.0,1.0,0.0,1.0,1.0,1.0,1.0,1.0,1.0,0.0,1,1.0,1.0,1.0,1.0,1.0,1.0,0.0,1.0,1.0,1.0,1.0,1.0,1.0,0.0,1,1.0,0.9999999999999999,1.0,1.0,1.0,1.0,4.965068306494546e-17
1.8258392333984375,0.17943027839266132,0.4446860790252686,0.23176960819647893,1,1.0,150,21,False,,"{'model__estimator__max_depth': 1, 'model__learning_rate': 1.0, 'model__n_estimators': 150, 'select__k': 21, 'select__prune': False}",1.0,1.0,1.0,1.0,1.0,1.0,0.0,1,1.0,1.0,1.0,1.0,1.0,1.0,0.0,1.0,1.0,1.0,1.0,1.0,1.0,0.0,1,1.0,1.0,1.0,1.0,1.0,1.0,0.0,1.0,1.0,1.0,1.0,1.0,1.0,0.0,1,1.0,1.0,1.0,1.0,1.0,1.0,0.0,1.0,1.0,0.9999999999999999,1.0,1.0,1.0,4.965068306494546e-17,1,1.0,1.0,1.0,1.0,1.0,1.0,0.0
1.6324283123016357,0.22879760817961484,0.4188676357269287,0.12969420532182416,1,1.0,150,21,True,,"{'model__estimator__max_depth': 1, 'model__learning_rate': 1.0, 'model__n_estimators': 150, 'select__k': 21, 'select__prune': True}",1.0,1.0,1.0,1.0,1.0,1.0,0.0,1,1.0,1.0,1.0,1.0,1.0,1.0,0.0,1.0,1.0,1.0,1.0,1.0,1.0,0.0,1,1.0,1.0,1.0,1.0,1.0,1.0,0.0,1.0,1.0,1.0,1.0,1.0,1.0,0.0,1,1.0,1.0,1.0,1.0,1.0,1.0,0.0,1.0,1.0,0.9999999999999999,1.0,1.0,1.0,4.965068306494546e-17,1,1.0,1.0,1.0,1.0,1.0,1.0,0.0
0.7175387859344482,0.09459285601666188,0.18874812126159668,0.09761805774026452,2,0.1,50,6,False,,"{'model__estimator__max_depth': 2, 'model__learning_rate': 0.1, 'model__n_estimators': 50, 'select__k': 6, 'select__prune': False}",0.9845904298459043,0.9837925445705025,0.9813160032493907,0.9911504424778761,0.9829406986190089,0.9847580237525365,0.0033756015971551094,166,0.9848147398258756,0.9850141757796679,0.9856304391823517,0.9831608845607628,0.9852256628212912,0.9847691804339899,0.0008483933987223502,0.9696485623003195,0.9681020733652312,0.9633173843700159,0.9824561403508771,0.9664536741214057,0.9699955669015699,0.0065744162789096025,177,0.9700837654567211,0.9704708699122107,0.9716679968076616,0.966879489225858,0.9708815317112086,0.969996730622732,0.0016447237264415207,0.9853846153846154,0.9846153846153847,0.9823076923076923,0.9915384615384616,0.9838337182448037,0.9855359744181914,0.003169218459995814,166,0.9855741488747836,0.9857664935564532,0.9863435276014618,0.9840353914214272,0.9859615384615384,0.9855362199831328,0.0007924130601786428,0.9988054720755397,0.9999857810133871,0.9995947588815345,0.9995663209083088,0.9988001367203263,0.9993504939198192,0.00047112168481437076,156,0.9994719836463845,0.9992848207747377,0.9993064547055133,0.9992785973151995,0.9994737349606028,0.9993631182804876,9.008082095575659e-05
0.7047714710235595,0.16406241459661666,0.1662834644317627,0.07999206310824145,2,0.1,50,6,True,,"{'model__estimator__max_depth': 2, 'model__learning_rate': 0.1, 'model__n_estimators': 50, 'select__k': 6, 'select__prune': True}",0.9845904298459043,0.9837925445705025,0.9813160032493907,0.9911504424778761,0.9829406986190089,0.9847580237525365,0.0033756015971551094,166,0.9848147398258756,0.9850141757796679,0.9856304391823517,0.9831608845607628,0.9852256628212912,0.9847691804339899,0.0008483933987223502,0.9696485623003195,0.9681020733652312,0.9633173843700159,0.9824561403508771,0.9664536741214057,0.9699955669015699,0.0065744162789096025,177,0.9700837654567211,0.9704708699122107,0.9716679968076616,0.966879489225858,0.9708815317112086,0.969996730622732,0.0016447237264415207,0.9853846153846154,0.9846153846153847,0.9823076923076923,0.9915384615384616,0.9838337182448037,0.9855359744181914,0.003169218459995814,166,0.9855741488747836,0.9857664935564532,0.9863435276014618,0.9840353914214272,0.9859615384615384,0.9855362199831328,0.0007924130601786428,0.9988054720755397,0.9999857810133871,0.9995947588815345,0.9995663209083088,0.9988001367203263,0.9993504939198192,0.00047112168481437076,156,0.9994719836463845,0.9992848207747377,0.9993064547055133,0.9992785973151995,0.9994737349606028,0.9993631182804876,9.008082095575659e-05
0.7790716171264649,0.18036549903114893,0.11557350158691407,0.020296795568683423,2,0.1,50,7,False,,"{'model__estimator__max_depth': 2, 'model__learning_rate': 0.1, 'model__n_estimators': 50, 'select__k': 7, 'select__prune': False}",0.9862348178137652,0.9887096774193549,0.9878934624697336,0.9935794542536116,0.9862348178137652,0.988530445954046,0.002700747074548964,149,0.9891129032258065,0.9884964682139253,0.9887005649717514,0.9872701555869873,0.9891129032258065,0.9885385990448554,0.0006777325960457193,0.9728434504792333,0.9776714513556619,0.9760765550239234,0.9872408293460925,0.9728434504792333,0.9773351473368288,0.005294721378748934,160,0.9784603111288392,0.9772545889864326,0.9776536312849162,0.9748603351955307,0.9784603111288392,0.9773378355449116,0.0013239764192094538,0.9869230769230769,0.9892307692307692,0.9884615384615385,0.9938461538461538,0.9869130100076983,0.9890749096938473,0.002548312451451958,149,0.9896133871898442,0.9890363531448355,0.9892286978265051,0.9878822850548182,0.9896153846153846,0.9890752215662776,0.0006371124853620406,0.9997582503010021,0.9999431240535487,0.999913501164772,0.999931274898038,0.9997258472625077,0.9998543995359738,9.278494084381423e-05,124,0.9999155410911854,0.999860268515607,0.999874419477176,0.9998475252413146,0.9998725440285952,0.9998740596707757,2.287971494046406e-05
0.7454892158508301,0.15607142264009835,0.16299571990966796,0.08420831537959031,2,0.1,50,7,True,,"{'model__estimator__max_depth': 2, 'model__learning_rate': 0.1, 'model__n_estimators': 50, 'select__k': 7, 'select__prune': True}",0.9862348178137652,0.9887096774193549,0.9878934624697336,0.9935794542536116,0.9862348178137652,0.988530445954046,0.002700747074548964,149,0.9891129032258065,0.9884964682139253,0.9887005649717514,0.9872701555869873,0.9891129032258065,0.9885385990448554,0.0006777325960457193,0.9728434504792333,0.9776714513556619,0.9760765550239234,0.9872408293460925,0.9728434504792333,0.9773351473368288,0.005294721378748934,160,0.9784603111288392,0.9772545889864326,0.9776536312849162,0.9748603351955307,0.9784603111288392,0.9773378355449116,0.0013239764192094538,0.9869230769230769,0.9892307692307692,0.9884615384615385,0.9938461538461538,0.9869130100076983,0.9890749096938473,0.002548312451451958,149,0.9896133871898442,0.9890363531448355,0.9892286978265051,0.9878822850548182,0.9896153846153846,0.9890752215662776,0.0006371124853620406,0.9997582503010021,0.9999431240535487,0.999913501164772,0.999931274898038,0.9997258472625077,0.9998543995359738,9.278494084381423e-05,124,0.9999155410911854,0.999860268515607,0.999874419477176,0.9998475252413146,0.9998725440285952,0.9998740596707757,2.287971494046406e-05
0.8101332664489747,0.12231298673723512,0.1814042568206787,0.083953827691399,2,0.1,50,8,False,,"{'model__estimator__max_depth': 2, 'model__learning_rate': 0.1, 'model__n_estimators': 50, 'select__k': 8, 'select__prune': False}",0.9862348178137652,0.9887096774193549,0.9878934624697336,0.9935794542536116,0.9862348178137652,0.988530445954046,0.002700747074548964,149,0.9891129032258065,0.9884964682139253,0.9887005649717514,0.9872701555869873,0.9891129032258065,0.9885385990448554,0.0006777325960457193,0.9728434504792333,0.9776714513556619,0.9760765550239234,0.9872408293460925,0.9728434504792333,0.9773351473368288,0.005294721378748934,160,0.9784603111288392,0.9772545889864326,0.9776536312849162,0.9748603351955307,0.9784603111288392,0.9773378355449116,0.0013239764192094538,0.9869230769230769,0.9892307692307692,0.9884615384615385,0.9938461538461538,0.9869130100076983,0.9890749096938473,0.002548312451451958,149,0.9896133871898442,0.9890363531448355,0.9892286978265051,0.9878822850548182,0.9896153846153846,0.9890752215662776,0.0006371124853620406,0.9997582503010021,0.9999431240535487,0.999913501164772,0.999931274898038,0.9997258472625077,0.9998543995359738,9.278494084381423e-05,124,0.9999155410911854,0.999860268515607,0.999874419477176,0.9998475252413146,0.9998725440285952,0.9998740596707757,2.287971494046406e-05
0.8260520458221435,0.11262516241675877,0.13148908615112304,0.06693707149390299,2,0.1,50,8,True,,"{'model__estimator__max_depth': 2, 'model__learning_rate': 0.1, 'model__n_estimators': 50, 'select__k': 8, 'select__prune': True}",0.9862348178137652,0.9887096774193549,0.9878934624697336,0.9935794542536116,0.9862348178137652,0.988530445954046,0.002700747074548964,149,0.9891129032258065,0.9884964682139253,0.9887005649717514,0.9872701555869873,0.9891129032258065,0.9885385990448554,0.0006777325960457193,0.9728434504792333,0.9776714513556619,0.9760765550239234,0.9872408293460925,0.9728434504792333,0.9773351473368288,0.005294721378748934,160,0.9784603111288392,0.9772545889864326,0.9776536312849162,0.9748603351955307,0.9784603111288392,0.9773378355449116,0.0013239764192094538,0.9869230769230769,0.9892307692307692,0.9884615384615385,0.9938461538461538,0.9869130100076983,0.9890749096938473,0.002548312451451958,149,0.9896133871898442,0.9890363531448355,0.9892286978265051,0.9878822850548182,0.9896153846153846,0.9890752215662776,0.0006371124853620406,0.9997582503010021,0.9999431240535487,0.999913501164772,0.999931274898038,0.9997258472625077,0.9998543995359738,9.278494084381423e-05,124,0.9999155410911854,0.999860268515607,0.999874419477176,0.9998475252413146,0.9998725440285952,0.9998740596707757,2.287971494046406e-05
0.9057892322540283,0.1656725415001454,0.16795687675476073,0.09726584446636127,2,0.1,50,9,False,,"{'model__estimator__max_depth': 2, 'model__learning_rate': 0.1, 'model__n_estimators': 50, 'select__k': 9, 'select__prune': False}",0.9862348178137652,0.9887096774193549,0.9878934624697336,0.9935794542536116,0.9862348178137652,0.988530445954046,0.002700747074548964,149,0.9891129032258065,0.9884964682139253,0.9887005649717514,0.9872701555869873,0.9891129032258065,0.9885385990448554,0.0006777325960457193,0.9728434504792333,0.9776714513556619,0.9760765550239234,0.9872408293460925,0.9728434504792333,0.9773351473368288,0.005294721378748934,160,0.9784603111288392,0.9772545889864326,0.9776536312849162,0.9748603351955307,0.9784603111288392,0.9773378355449116,0.0013239764192094538,0.9869230769230769,0.9892307692307692,0.9884615384615385,0.9938461538461538,0.9869130100076983,0.9890749096938473,0.002548312451451958,149,0.9896133871898442,0.9890363531448355,0.9892286978265051,0.9878822850548182,0.9896153846153846,0.9890752215662776,0.0006371124853620406,0.9997582503010021,0.9999431240535487,0.999913501164772,0.999931274898038,0.9997258472625077,0.9998543995359738,9.278494084381423e-05,124,0.9999155410911854,0.999860268515607,0.999874419477176,0.9998475252413146,0.9998725440285952,0.9998740596707757,2.287971494046406e-05
0.9760586738586425,0.13913354109785792,0.1251682758331299,0.02789808141498745,2,0.1,50,9,True,,"{'model__estimator__max_depth': 2, 'model__learning_rate': 0.1, 'model__n_estimators': 50, 'select__k': 9, 'select__prune': True}",0.9862348178137652,0.9887096774193549,0.9878934624697336,0.9935794542536116,0.9862348178137652,0.988530445954046,0.002700747074548964,149,0.9891129032258065,0.9884964682139253,0.9887005649717514,0.9872701555869873,0.9891129032258065,0.9885385990448554,0.0006777325960457193,0.9728434504792333,0.9776714513556619,0.9760765550239234,0.9872408293460925,0.9728434504792333,0.9773351473368288,0.005294721378748934,160,0.9784603111288392,0.9772545889864326,0.9776536312849162,0.9748603351955307,0.9784603111288392,0.9773378355449116,0.0013239764192094538,0.9869230769230769,0.9892307692307692,0.9884615384615385,0.9938461538461538,0.9869130100076983,0.9890749096938473,0.002548312451451958,149,0.9896133871898442,0.9890363531448355,0.9892286978265051,0.9878822850548182,0.9896153846153846,0.9890752215662776,0.0006371124853620406,0.9997582503010021,0.9999431240535487,0.999913501164772,0.999931274898038,0.9997258472625077,0.9998543995359738,9.278494084381423e-05,124,0.9999155410911854,0.999860268515607,0.999874419477176,0.9998475252413146,0.9998725440285952,0.9998740596707757,2.287971494046406e-05
0.905278205871582,0.0801285816735874,0.13427844047546386,0.06389260942369146,2,0.1,50,10,False,,"{'model__estimator__max_depth': 2, 'model__learning_rate': 0.1, 'model__n_estimators': 50, 'select__k': 10, 'select__prune': False}",0.9862348178137652,0.9887096774193549,0.9878934624697336,0.9935794542536116,0.9862348178137652,0.988530445954046,0.002700747074548964,149,0.9891129032258065,0.9884964682139253,0.9887005649717514,0.9872701555869873,0.9891129032258065,0.9885385990448554,0.0006777325960457193,0.9728434504792333,0.9776714513556619,0.9760765550239234,0.9872408293460925,0.9728434504792333,0.9773351473368288,0.005294721378748934,160,0.9784603111288392,0.9772545889864326,0.9776536312849162,0.9748603351955307,0.9784603111288392,0.9773378355449116,0.0013239764192094538,0.9869230769230769,0.9892307692307692,0.9884615384615385,0.9938461538461538,0.9869130100076983,0.9890749096938473,0.002548312451451958,149,0.9896133871898442,0.9890363531448355,0.9892286978265051,0.9878822850548182,0.9896153846153846,0.9890752215662776,0.0006371124853620406,0.9998139475355752,0.9999763016889787,0.9999383843913445,0.9999526033779573,0.9997685723644546,0.9998899618716621,8.274884232229858e-05,115,0.9999238388085427,0.9998824951568148,0.9999123529448373,0.9998729377010955,0.9998920956709256,0.9998967440564431,1.8810338496226628e-05
0.846879529953003,0.15705762737809448,0.20356526374816894,0.13973700679883685,2,0.1,50,10,True,,"{'model__estimator__max_depth': 2, 'model__learning_rate': 0.1, 'model__n_estimators': 50, 'select__k': 10, 'select__prune': True}",0.9862348178137652,0.9887096774193549,0.9878934624697336,0.9935794542536116,0.9862348178137652,0.988530445954046,0.002700747074548964,149,0.9891129032258065,0.9884964682139253,0.9887005649717514,0.9872701555869873,0.9891129032258065,0.9885385990448554,0.0006777325960457193,0.9728434504792333,0.9776714513556619,0.9760765550239234,0.9872408293460925,0.9728434504792333,0.9773351473368288,0.005294721378748934,160,0.9784603111288392,0.9772545889864326,0.9776536312849162,0.9748603351955307,0.9784603111288392,0.9773378355449116,0.0013239764192094538,0.9869230769230769,0.9892307692307692,0.9884615384615385,0.9938461538461538,0.9869130100076983,0.9890749096938473,0.002548312451451958,149,0.9896133871898442,0.9890363531448355,0.9892286978265051,0.9878822850548182,0.9896153846153846,0.9890752215662776,0.0006371124853620406,0.9998139475355752,0.9999763016889787,0.9999383843913445,0.9999526033779573,0.9997685723644546,0.9998899618716621,8.274884232229858e-05,115,0.9999238388085427,0.9998824951568148,0.9999123529448373,0.9998729377010955,0.9998920956709256,0.9998967440564431,1.8810338496226628e-05
1.3539039134979247,0.16436127440482995,0.16328778266906738,0.19272377043264313,2,0.1,50,21,False,,"{'model__estimator__max_depth': 2, 'model__learning_rate': 0.1, 'model__n_estimators': 50, 'select__k': 21, 'select__prune': False}",0.9862348178137652,0.9887096774193549,0.9829683698296837,0.9935794542536116,0.9862348178137652,0.9875454274260361,0.003525615099659192,159,0.9891129032258065,0.9884964682139253,0.9874747474747475,0.9872701555869873,0.9891129032258065,0.9882934355454547,0.0007876076248066549,0.9728434504792333,0.9776714513556619,0.9665071770334929,0.9872408293460925,0.9728434504792333,0.9754212717387428,0.006892266095385164,169,0.9784603111288392,0.9772545889864326,0.9752593774940144,0.9748603351955307,0.9784603111288392,0.9768589847867313,0.00153872274760584,0.9869230769230769,0.9892307692307692,0.9838461538461538,0.9938461538461538,0.9869130100076983,0.9881518327707705,0.003321830524506172,159,0.9896133871898442,0.9890363531448355,0.9880746297364877,0.9878822850548182,0.9896153846153846,0.9888444079482742,0.000740380444248807,0.9996776670680029,0.9999431240535487,0.9999158709958741,0.9999597128712636,0.9999074289457819,0.9998807607868944,0.0001032604326741596,119,0.9997809995311789,0.99987982795987,0.9998804947591062,0.9999320605667082,0.9999540832642237,0.9998854932162174,5.974800872521568e-05
1.2811065673828126,0.0896633226664297,0.16446242332458497,0.09288840483669533,2,0.1,50,21,True,,"{'model__estimator__max_depth': 2, 'model__learning_rate': 0.1, 'model__n_estimators': 50, 'select__k': 21, 'select__prune': True}",0.9862348178137652,0.9887096774193549,0.9829683698296837,0.9935794542536116,0.9862348178137652,0.9875454274260361,0.003525615099659192,159,0.9891129032258065,0.9884964682139253,0.9874747474747475,0.9872701555869873,0.9891129032258065,0.9882934355454547,0.0007876076248066549,0.9728434504792333,0.9776714513556619,0.9665071770334929,0.9872408293460925,0.9728434504792333,0.9754212717387428,0.006892266095385164,169,0.9784603111288392,0.9772545889864326,0.9752593774940144,0.9748603351955307,0.9784603111288392,0.9768589847867313,0.00153872274760584,0.9869230769230769,0.9892307692307692,0.9838461538461538,0.9938461538461538,0.9869130100076983,0.9881518327707705,0.003321830524506172,159,0.9896133871898442,0.9890363531448355,0.9880746297364877,0.9878822850548182,0.9896153846153846,0.9888444079482742,0.000740380444248807,0.9996776670680029,0.9999431240535487,0.9999158709958741,0.9999597128712636,0.9999074289457819,0.9998807607868944,0.0001032604326741596,119,0.9997809995311789,0.99987982795987,0.9998804947591062,0.9999320605667082,0.9999540832642237,0.9998854932162174,5.974800872521568e-05
1.4339113235473633,0.1390331578324758,0.2791133880615234,0.07196664520012175,2,0.1,150,6,False,,"{'model__estimator__max_depth': 2, 'model__learning_rate': 0.1, 'model__n_estimators': 150, 'select__k': 6, 'select__prune': False}",0.9951845906902087,0.9935794542536116,0.9919614147909968,0.9968,0.9919484702093397,0.9938947859888312,0.001883049018147801,124,0.9935768767563228,0.9939783219590526,0.9943820224719101,0.9931699477701889,0.9943842759727236,0.9938982889860396,0.00047124801569160986,0.9904153354632588,0.9872408293460925,0.9840510366826156,0.9936204146730463,0.9840255591054313,0.9878706350540888,0.0037230649158761196,135,0.987235739928201,0.9880287310454908,0.9888268156424581,0.9864325618515563,0.988831272437176,0.9878710241809763,0.0009309398951034156,0.9953846153846154,0.9938461538461538,0.9923076923076923,0.9969230769230769,0.9923017705927637,0.9941526618108604,0.0017953588723796517,124,0.9938449701865744,0.9942296595499135,0.9946143489132525,0.9934602808232352,0.9946153846153846,0.994152928817672,0.00044883432074176773,0.9996729268778264,0.9999857810133872,0.9999383843913444,0.9999277201513848,0.9997946821489776,0.999863898916584,0.00011466277686157871,122,0.9998630876636058,0.9998615280252755,0.9998939789214389,0.9998829396896391,0.9999152021573163,0.9998833472914551,2.0072185090817863e-05
1.492988109588623,0.0963968619724618,0.3135500431060791,0.07180875112702421,2,0.1,150,6,True,,"{'model__estimator__max_depth': 2, 'model__learning_rate': 0.1, 'model__n_estimators': 150, 'select__k': 6, 'select__prune': True}",0.9951845906902087,0.9935794542536116,0.9919614147909968,0.9968,0.9919484702093397,0.9938947859888312,0.001883049018147801,124,0.9935768767563228,0.9939783219590526,0.9943820224719101,0.9931699477701889,0.9943842759727236,0.9938982889860396,0.00047124801569160986,0.9904153354632588,0.9872408293460925,0.9840510366826156,0.9936204146730463,0.9840255591054313,0.9878706350540888,0.0037230649158761196,135,0.987235739928201,0.9880287310454908,0.9888268156424581,0.9864325618515563,0.988831272437176,0.9878710241809763,0.0009309398951034156,0.9953846153846154,0.9938461538461538,0.9923076923076923,0.9969230769230769,0.9923017705927637,0.9941526618108604,0.0017953588723796517,124,0.9938449701865744,0.9942296595499135,0.9946143489132525,0.9934602808232352,0.9946153846153846,0.994152928817672,0.00044883432074176773,0.9996729268778264,0.9999857810133872,0.9999383843913444,0.9999277201513848,0.9997946821489776,0.999863898916584,0.00011466277686157871,122,0.9998630876636058,0.9998615280252755,0.9998939789214389,0.9998829396896391,0.9999152021573163,0.9998833472914551,2.0072185090817863e-05
1.3400228023529053,0.12254858048407118,0.35976409912109375,0.06287575052483528,2,0.1,150,7,False,,"{'model__estimator__max_depth': 2, 'model__learning_rate': 0.1, 'model__n_estimators': 150, 'select__k': 7, 'select__prune': False}",0.9975980784627703,1.0,0.9992019154030327,0.9992019154030327,0.9951845906902087,0.998237299991809,0.001714392915599031,87,0.9990017967658216,0.9984012789768185,0.9986013986013986,0.9986013986013986,0.9982017982017982,0.9985615342294472,0.00026536811896710904,0.9952076677316294,1.0,0.9984051036682615,0.9984051036682615,0.9904153354632588,0.9964866421062822,0.0034117799760117118,94,0.9980055843637814,0.9968076616121309,0.9972067039106145,0.9972067039106145,0.9964100518548066,0.9971273411303896,0.0005292649578479733,0.9976923076923077,1.0,0.9992307692307693,0.9992307692307693,0.9953810623556582,0.9983069817019009,0.0016438920836521357,87,0.9990382765916522,0.9984612425466436,0.9986535872283131,0.9986535872283131,0.9982692307692308,0.9986151848728305,0.00025508373759926777,0.9999822242868384,1.0,0.9999893357600403,0.9999988150844489,0.9999857582993511,0.9999912266861358,7.058000761600223e-06,70,0.9999959252280834,0.9999917020539492,0.9999880717025518,0.9999922206755772,0.9999955564449249,0.9999926952210172,2.870820269458617e-06
1.3602603912353515,0.027755202890408785,0.36097373962402346,0.0560558449671006,2,0.1,150,7,True,,"{'model__estimator__max_depth': 2, 'model__learning_rate': 0.1, 'model__n_estimators': 150, 'select__k': 7, 'select__prune': True}",0.9975980784627703,1.0,0.9992019154030327,0.9992019154030327,0.9951845906902087,0.998237299991809,0.001714392915599031,87,0.9990017967658216,0.9984012789768185,0.9986013986013986,0.9986013986013986,0.9982017982017982,0.9985615342294472,0.00026536811896710904,0.9952076677316294,1.0,0.9984051036682615,0.9984051036682615,0.9904153354632588,0.9964866421062822,0.0034117799760117118,94,0.9980055843637814,0.9968076616121309,0.9972067039106145,0.9972067039106145,0.9964100518548066,0.9971273411303896,0.0005292649578479733,0.9976923076923077,1.0,0.9992307692307693,0.9992307692307693,0.9953810623556582,0.9983069817019009,0.0016438920836521357,87,0.9990382765916522,0.9984612425466436,0.9986535872283131,0.9986535872283131,0.9982692307692308,0.9986151848728305,0.00025508373759926777,0.9999822242868384,1.0,0.9999893357600403,0.9999988150844489,0.9999857582993511,0.9999912266861358,7.058000761600223e-06,70,0.9999959252280834,0.9999917020539492,0.9999880717025518,0.9999922206755772,0.9999955564449249,0.9999926952210172,2.870820269458617e-06
1.5406527042388916,0.11069550794254433,0.28499741554260255,0.08568932309604659,2,0.1,150,8,False,,"{'model__estimator__max_depth': 2, 'model__learning_rate': 0.1, 'model__n_estimators': 150, 'select__k': 8, 'select__prune': False}",0.9975980784627703,1.0,0.9992019154030327,0.9992019154030327,0.9951845906902087,0.998237299991809,0.001714392915599031,87,0.9990017967658216,0.9984012789768185,0.9986013986013986,0.9986013986013986,0.9982017982017982,0.9985615342294472,0.00026536811896710904,0.9952076677316294,1.0,0.9984051036682615,0.9984051036682615,0.9904153354632588,0.9964866421062822,0.0034117799760117118,94,0.9980055843637814,0.9968076616121309,0.9972067039106145,0.9972067039106145,0.9964100518548066,0.9971273411303896,0.0005292649578479733,0.9976923076923077,1.0,0.9992307692307693,0.9992307692307693,0.9953810623556582,0.9983069817019009,0.0016438920836521357,87,0.9990382765916522,0.9984612425466436,0.9986535872283131,0.9986535872283131,0.9982692307692308,0.9986151848728305,0.00025508373759926777,0.9999822242868384,1.0,0.9999893357600403,0.9999988150844489,0.9999857582993511,0.9999912266861358,7.058000761600223e-06,70,0.9999959252280834,0.9999917020539492,0.9999880717025518,0.9999922206755772,0.9999955564449249,0.9999926952210172,2.870820269458617e-06
1.6061622142791747,0.10851219273258916,0.2981268882751465,0.08581186722646608,2,0.1,150,8,True,,"{'model__estimator__max_depth': 2, 'model__learning_rate': 0.1, 'model__n_estimators': 150, 'select__k': 8, 'select__prune': True}",0.9975980784627703,1.0,0.9992019154030327,0.9992019154030327,0.9951845906902087,0.998237299991809,0.001714392915599031,87,0.9990017967658216,0.9984012789768185,0.9986013986013986,0.9986013986013986,0.9982017982017982,0.9985615342294472,0.00026536811896710904,0.9952076677316294,1.0,0.9984051036682615,0.9984051036682615,0.9904153354632588,0.9964866421062822,0.0034117799760117118,94,0.9980055843637814,0.9968076616121309,0.9972067039106145,0.9972067039106145,0.9964100518548066,0.9971273411303896,0.0005292649578479733,0.9976923076923077,1.0,0.9992307692307693,0.9992307692307693,0.9953810623556582,0.9983069817019009,0.0016438920836521357,87,0.9990382765916522,0.9984612425466436,0.9986535872283131,0.9986535872283131,0.9982692307692308,0.9986151848728305,0.00025508373759926777,0.9999822242868384,1.0,0.9999893357600403,0.9999988150844489,0.9999857582993511,0.9999912266861358,7.058000761600223e-06,70,0.9999959252280834,0.9999917020539492,0.9999880717025518,0.9999922206755772,0.9999955564449249,0.9999926952210172,2.870820269458617e-06
1.5240910053253174,0.02977998194830305,0.25930142402648926,0.08839379065116044,2,0.1,150,9,False,,"{'model__estimator__max_depth': 2, 'model__learning_rate': 0.1, 'model__n_estimators': 150, 'select__k': 9, 'select__prune': False}",0.9975980784627703,1.0,0.9992019154030327,0.9992019154030327,0.9951845906902087,0.998237299991809,0.001714392915599031,87,0.9990017967658216,0.9984012789768185,0.9986013986013986,0.9986013986013986,0.9982017982017982,0.9985615342294472,0.00026536811896710904,0.9952076677316294,1.0,0.9984051036682615,0.9984051036682615,0.9904153354632588,0.9964866421062822,0.0034117799760117118,94,0.9980055843637814,0.9968076616121309,0.9972067039106145,0.9972067039106145,0.9964100518548066,0.9971273411303896,0.0005292649578479733,0.9976923076923077,1.0,0.9992307692307693,0.9992307692307693,0.9953810623556582,0.9983069817019009,0.0016438920836521357,87,0.9990382765916522,0.9984612425466436,0.9986535872283131,0.9986535872283131,0.9982692307692308,0.9986151848728305,0.00025508373759926777,0.9999822242868384,1.0,0.9999893357600403,0.9999988150844489,0.9999857582993511,0.9999912266861358,7.058000761600223e-06,70,0.9999959252280836,0.9999917020539492,0.9999880717025518,0.9999922206755772,0.9999955564449249,0.9999926952210172,2.8708202694835997e-06
1.5202942371368409,0.11928071487957427,0.2086463451385498,0.06108600886881501,2,0.1,150,9,True,,"{'model__estimator__max_depth': 2, 'model__learning_rate': 0.1, 'model__n_estimators': 150, 'select__k': 9, 'select__prune': True}",0.9975980784627703,1.0,0.9992019154030327,0.9992019154030327,0.9951845906902087,0.998237299991809,0.001714392915599031,87,0.9990017967658216,0.9984012789768185,0.9986013986013986,0.9986013986013986,0.9982017982017982,0.9985615342294472,0.00026536811896710904,0.9952076677316294,1.0,0.9984051036682615,0.9984051036682615,0.9904153354632588,0.9964866421062822,0.0034117799760117118,94,0.9980055843637814,0.9968076616121309,0.9972067039106145,0.9972067039106145,0.9964100518548066,0.9971273411303896,0.0005292649578479733,0.9976923076923077,1.0,0.9992307692307693,0.9992307692307693,0.9953810623556582,0.9983069817019009,0.0016438920836521357,87,0.9990382765916522,0.9984612425466436,0.9986535872283131,0.9986535872283131,0.9982692307692308,0.9986151848728305,0.00025508373759926777,0.9999822242868384,1.0,0.9999893357600403,0.9999988150844489,0.9999857582993511,0.9999912266861358,7.058000761600223e-06,70,0.9999959252280836,0.9999917020539492,0.9999880717025518,0.9999922206755772,0.9999955564449249,0.9999926952210172,2.8708202694835997e-06
1.4733610153198242,0.06012092781603896,0.3089242458343506,0.0800382188573144,2,0.1,150,10,False,,"{'model__estimator__max_depth': 2, 'model__learning_rate': 0.1, 'model__n_estimators': 150, 'select__k': 10, 'select__prune': False}",0.9975980784627703,1.0,0.9992019154030327,0.9992019154030327,0.9951845906902087,0.998237299991809,0.001714392915599031,87,0.9990017967658216,0.9984012789768185,0.9986013986013986,0.9986013986013986,0.9982017982017982,0.9985615342294472,0.00026536811896710904,0.9952076677316294,1.0,0.9984051036682615,0.9984051036682615,0.9904153354632588,0.9964866421062822,0.0034117799760117118,94,0.9980055843637814,0.9968076616121309,0.9972067039106145,0.9972067039106145,0.9964100518548066,0.9971273411303896,0.0005292649578479733,0.9976923076923077,1.0,0.9992307692307693,0.9992307692307693,0.9953810623556582,0.9983069817019009,0.0016438920836521357,87,0.9990382765916522,0.9984612425466436,0.9986535872283131,0.9986535872283131,0.9982692307692308,0.9986151848728305,0.00025508373759926777,0.9999822242868384,1.0,1.0,0.999998815084449,0.9999857582993511,0.9999933595341277,7.74244283975234e-06,60,0.9999959252280836,0.999991702053949,1.0,0.9999922206755774,0.9999955564449249,0.9999950808805069,2.9911222669848534e-06
1.5044823169708252,0.05769504591013832,0.32268710136413575,0.08131796058548497,2,0.1,150,10,True,,"{'model__estimator__max_depth': 2, 'model__learning_rate': 0.1, 'model__n_estimators': 150, 'select__k': 10, 'select__prune': True}",0.9975980784627703,1.0,0.9992019154030327,0.9992019154030327,0.9951845906902087,0.998237299991809,0.001714392915599031,87,0.9990017967658216,0.9984012789768185,0.9986013986013986,0.9986013986013986,0.9982017982017982,0.9985615342294472,0.00026536811896710904,0.9952076677316294,1.0,0.9984051036682615,0.9984051036682615,0.9904153354632588,0.9964866421062822,0.0034117799760117118,94,0.9980055843637814,0.9968076616121309,0.9972067039106145,0.9972067039106145,0.9964100518548066,0.9971273411303896,0.0005292649578479733,0.9976923076923077,1.0,0.9992307692307693,0.9992307692307693,0.9953810623556582,0.9983069817019009,0.0016438920836521357,87,0.9990382765916522,0.9984612425466436,0.9986535872283131,0.9986535872283131,0.9982692307692308,0.9986151848728305,0.00025508373759926777,0.9999822242868384,1.0,1.0,0.999998815084449,0.9999857582993511,0.9999933595341277,7.74244283975234e-06,60,0.9999959252280836,0.999991702053949,1.0,0.9999922206755774,0.9999955564449249,0.9999950808805069,2.9911222669848534e-06
2.07034854888916,0.1106874699530907,0.28067264556884763,0.13754242152568766,2,0.1,150,21,False,,"{'model__estimator__max_depth': 2, 'model__learning_rate': 0.1, 'model__n_estimators': 150, 'select__k': 21, 'select__prune': False}",0.9975980784627703,1.0,0.9992019154030327,0.9992019154030327,0.9975980784627703,0.9987199975463212,0.0009612804775641835,56,0.9990017967658216,0.9984012789768185,0.9986013986013986,0.9986013986013986,0.9990017967658216,0.9987215339422519,0.00024021771112017916,0.9952076677316294,1.0,0.9984051036682615,0.9984051036682615,0.9952076677316294,0.9974451085599563,0.0019174427974193607,60,0.9980055843637814,0.9968076616121309,0.9972067039106145,0.9972067039106145,0.9980055843637814,0.9974464476321845,0.0004792221724257249,0.9976923076923077,1.0,0.9992307692307693,0.9992307692307693,0.9976905311778291,0.9987688754663351,0.0009234916234883537,56,0.9990382765916522,0.9984612425466436,0.9986535872283131,0.9986535872283131,0.9990384615384615,0.9987690310266768,0.0002308567800788867,1.0,1.0,1.0,1.0,1.0,1.0,0.0,1,1.0,1.0,1.0,1.0,1.0,1.0,0.0
2.391534423828125,0.24924314307011974,0.2853799819946289,0.12565731505051883,2,0.1,150,21,True,,"{'model__estimator__max_depth': 2, 'model__learning_rate': 0.1, 'model__n_estimators': 150, 'select__k': 21, 'select__prune': True}",0.9975980784627703,1.0,0.9992019154030327,0.9992019154030327,0.9975980784627703,0.9987199975463212,0.0009612804775641835,56,0.9990017967658216,0.9984012789768185,0.9986013986013986,0.9986013986013986,0.9990017967658216,0.9987215339422519,0.00024021771112017916,0.9952076677316294,1.0,0.9984051036682615,0.9984051036682615,0.9952076677316294,0.9974451085599563,0.0019174427974193607,60,0.9980055843637814,0.9968076616121309,0.9972067039106145,0.9972067039106145,0.9980055843637814,0.9974464476321845,0.0004792221724257249,0.9976923076923077,1.0,0.9992307692307693,0.9992307692307693,0.9976905311778291,0.9987688754663351,0.0009234916234883537,56,0.9990382765916522,0.9984612425466436,0.9986535872283131,0.9986535872283131,0.9990384615384615,0.9987690310266768,0.0002308567800788867,1.0,1.0,1.0,1.0,1.0,1.0,0.0,1,1.0,1.0,1.0,1.0,1.0,1.0,0.0
0.5956236362457276,0.13718488462814307,0.1611917495727539,0.06716229455713728,2,0.5,50,6,False,,"{'model__estimator__max_depth': 2, 'model__learning_rate': 0.5, 'model__n_estimators': 50, 'select__k': 6, 'select__prune': False}",0.9975980784627703,0.9992019154030327,0.9984025559105432,0.9992019154030327,0.9959903769045709,0.9980789684167899,0.001201682020064151,105,0.9984019176987615,0.998000799680128,0.9973994798959792,0.9971988795518207,0.9988019169329073,0.9979605987519193,0.0005998775407401183,0.9952076677316294,0.9984051036682615,0.9968102073365231,0.9984051036682615,0.9920127795527156,0.9961681723914783,0.002392061487119112,110,0.9968089349820503,0.9960095770151636,0.9948124501197126,0.994413407821229,0.9976067012365377,0.9959302142349387,0.001194918874466191,0.9976923076923077,0.9992307692307693,0.9984615384615385,0.9992307692307693,0.9961508852963818,0.9981532539823533,0.0011523080645478596,105,0.9984612425466436,0.9980765531833045,0.9974995191382958,0.9973071744566263,0.9988461538461538,0.9980381286342048,0.0005758126033391098,0.9997973568699576,0.9999999999999999,0.9999383843913443,0.9999537882935083,0.9999181102212685,0.9999215279552157,6.769471175479664e-05,112,0.9999133184883218,0.9999573248488811,0.9998939789214389,0.9999119825008173,0.9999626000781178,0.9999278409675153,2.7153366504671436e-05
0.716064739227295,0.05479739970049411,0.2420673370361328,0.0049970511107043395,2,0.5,50,6,True,,"{'model__estimator__max_depth': 2, 'model__learning_rate': 0.5, 'model__n_estimators': 50, 'select__k': 6, 'select__prune': True}",0.9975980784627703,0.9992019154030327,0.9984025559105432,0.9992019154030327,0.9959903769045709,0.9980789684167899,0.001201682020064151,105,0.9984019176987615,0.998000799680128,0.9973994798959792,0.9971988795518207,0.9988019169329073,0.9979605987519193,0.0005998775407401183,0.9952076677316294,0.9984051036682615,0.9968102073365231,0.9984051036682615,0.9920127795527156,0.9961681723914783,0.002392061487119112,110,0.9968089349820503,0.9960095770151636,0.9948124501197126,0.994413407821229,0.9976067012365377,0.9959302142349387,0.001194918874466191,0.9976923076923077,0.9992307692307693,0.9984615384615385,0.9992307692307693,0.9961508852963818,0.9981532539823533,0.0011523080645478596,105,0.9984612425466436,0.9980765531833045,0.9974995191382958,0.9973071744566263,0.9988461538461538,0.9980381286342048,0.0005758126033391098,0.9997973568699576,0.9999999999999999,0.9999383843913443,0.9999537882935083,0.9999181102212685,0.9999215279552157,6.769471175479664e-05,112,0.9999133184883218,0.9999573248488811,0.9998939789214389,0.9999119825008173,0.9999626000781178,0.9999278409675153,2.7153366504671436e-05
0.8050962448120117,0.013979147430968493,0.12296357154846191,0.05662731631565288,2,0.5,50,7,False,,"{'model__estimator__max_depth': 2, 'model__learning_rate': 0.5, 'model__n_estimators': 50, 'select__k': 7, 'select__prune': False}",0.9975980784627703,1.0,1.0,0.9992019154030327,0.9975980784627703,0.9988796144657147,0.0010861928409590241,54,0.9990017967658216,0.9984012789768185,1.0,0.9986013986013986,0.9990017967658216,0.999001254221972,0.0005508808455442086,0.9952076677316294,1.0,1.0,0.9984051036682615,0.9952076677316294,0.997764087826304,0.002167029081831472,58,0.9980055843637814,0.9968076616121309,1.0,0.9972067039106145,0.9980055843637814,0.9980051068500616,0.0011000837683804482,0.9976923076923077,1.0,1.0,0.9992307692307693,0.9976905311778291,0.9989227216201811,0.0010438546321943527,54,0.9990382765916522,0.9984612425466436,1.0,0.9986535872283131,0.9990384615384615,0.9990383135810141,0.0005302576990282381,1.0,1.0,1.0,1.0,0.9999999999999999,1.0,4.965068306494546e-17,1,1.0,1.0,1.0,0.9999999999999999,1.0,1.0,4.965068306494546e-17
0.8044400691986084,0.03135266425108598,0.15207123756408691,0.0778497200596511,2,0.5,50,7,True,,"{'model__estimator__max_depth': 2, 'model__learning_rate': 0.5, 'model__n_estimators': 50, 'select__k': 7, 'select__prune': True}",0.9975980784627703,1.0,1.0,0.9992019154030327,0.9975980784627703,0.9988796144657147,0.0010861928409590241,54,0.9990017967658216,0.9984012789768185,1.0,0.9986013986013986,0.9990017967658216,0.999001254221972,0.0005508808455442086,0.9952076677316294,1.0,1.0,0.9984051036682615,0.9952076677316294,0.997764087826304,0.002167029081831472,58,0.9980055843637814,0.9968076616121309,1.0,0.9972067039106145,0.9980055843637814,0.9980051068500616,0.0011000837683804482,0.9976923076923077,1.0,1.0,0.9992307692307693,0.9976905311778291,0.9989227216201811,0.0010438546321943527,54,0.9990382765916522,0.9984612425466436,1.0,0.9986535872283131,0.9990384615384615,0.9990383135810141,0.0005302576990282381,1.0,1.0,1.0,1.0,0.9999999999999999,1.0,4.965068306494546e-17,1,1.0,1.0,1.0,0.9999999999999999,1.0,1.0,4.965068306494546e-17
0.8936210632324219,0.10580978309868282,0.11663684844970704,0.05852625795520454,2,0.5,50,8,False,,"{'model__estimator__max_depth': 2, 'model__learning_rate': 0.5, 'model__n_estimators': 50, 'select__k': 8, 'select__prune': False}",0.9975980784627703,1.0,1.0,1.0,0.9975980784627703,0.9990392313851082,0.0011766964336828475,51,0.9990017967658216,0.9984012789768185,1.0,1.0,0.9990017967658216,0.9992809745016924,0.0006266960933862673,0.9952076677316294,1.0,1.0,1.0,0.9952076677316294,0.9980830670926517,0.002347753747076532,55,0.9980055843637814,0.9968076616121309,1.0,1.0,0.9980055843637814,0.9985637660679387,0.001251604754275773,0.9976923076923077,1.0,1.0,1.0,0.9976905311778291,0.9990765677740274,0.0011309690223642525,51,0.9990382765916522,0.9984612425466436,1.0,1.0,0.9990384615384615,0.9993075961353515,0.0006033451861978543,1.0,1.0,1.0,0.9999999999999999,0.9999999999999999,1.0,7.021666937153402e-17,1,1.0,1.0,1.0,1.0,1.0,1.0,0.0
0.837851095199585,0.13212983158257544,0.20308942794799806,0.12718679337475833,2,0.5,50,8,True,,"{'model__estimator__max_depth': 2, 'model__learning_rate': 0.5, 'model__n_estimators': 50, 'select__k': 8, 'select__prune': True}",0.9975980784627703,1.0,1.0,1.0,0.9975980784627703,0.9990392313851082,0.0011766964336828475,51,0.9990017967658216,0.9984012789768185,1.0,1.0,0.9990017967658216,0.9992809745016924,0.0006266960933862673,0.9952076677316294,1.0,1.0,1.0,0.9952076677316294,0.9980830670926517,0.002347753747076532,55,0.9980055843637814,0.9968076616121309,1.0,1.0,0.9980055843637814,0.9985637660679387,0.001251604754275773,0.9976923076923077,1.0,1.0,1.0,0.9976905311778291,0.9990765677740274,0.0011309690223642525,51,0.9990382765916522,0.9984612425466436,1.0,1.0,0.9990384615384615,0.9993075961353515,0.0006033451861978543,1.0,1.0,1.0,0.9999999999999999,0.9999999999999999,1.0,7.021666937153402e-17,1,1.0,1.0,1.0,1.0,1.0,1.0,0.0
0.9602857112884522,0.07649811174076082,0.08348536491394043,0.005208307325115373,2,0.5,50,9,False,,"{'model__estimator__max_depth': 2, 'model__learning_rate': 0.5, 'model__n_estimators': 50, 'select__k': 9, 'select__prune': False}",1.0,1.0,1.0,1.0,0.9975980784627703,0.9995196156925541,0.0009607686148918938,47,1.0,0.9984012789768185,1.0,1.0,0.9990017967658216,0.999480615148528,0.0006638547261252052,1.0,1.0,1.0,1.0,0.9952076677316294,0.999041533546326,0.0019169329073482457,51,1.0,0.9968076616121309,1.0,1.0,0.9980055843637814,0.9989626491951824,0.0013257627730011226,1.0,1.0,1.0,1.0,0.9976905311778291,0.9995381062355658,0.0009237875288683473,47,1.0,0.9984612425466436,1.0,1.0,0.9990384615384615,0.9994999408170211,0.0006390672548127709,1.0,1.0,1.0,0.9999999999999999,1.0,1.0,4.965068306494546e-17,1,1.0,1.0,1.0,1.0,1.0,1.0,0.0
0.9290908336639404,0.0821184113878487,0.0795125961303711,0.006846666127670587,2,0.5,50,9,True,,"{'model__estimator__max_depth': 2, 'model__learning_rate': 0.5, 'model__n_estimators': 50, 'select__k': 9, 'select__prune': True}",1.0,1.0,1.0,1.0,0.9975980784627703,0.9995196156925541,0.0009607686148918938,47,1.0,0.9984012789768185,1.0,1.0,0.9990017967658216,0.999480615148528,0.0006638547261252052,1.0,1.0,1.0,1.0,0.9952076677316294,0.999041533546326,0.0019169329073482457,51,1.0,0.9968076616121309,1.0,1.0,0.9980055843637814,0.9989626491951824,0.0013257627730011226,1.0,1.0,1.0,1.0,0.9976905311778291,0.9995381062355658,0.0009237875288683473,47,1.0,0.9984612425466436,1.0,1.0,0.9990384615384615,0.9994999408170211,0.0006390672548127709,1.0,1.0,1.0,0.9999999999999999,1.0,1.0,4.965068306494546e-17,1,1.0,1.0,1.0,1.0,1.0,1.0,0.0
1.0261629104614258,0.09634855729551335,0.10958681106567383,0.021941053553780395,2,0.5,50,10,False,,"{'model__estimator__max_depth': 2, 'model__learning_rate': 0.5, 'model__n_estimators': 50, 'select__k': 10, 'select__prune': False}",1.0,1.0,1.0,1.0,0.9975980784627703,0.9995196156925541,0.0009607686148918938,47,1.0,1.0,1.0,1.0,0.9990017967658216,0.9998003593531642,0.00039928129367137186,1.0,1.0,1.0,1.0,0.9952076677316294,0.999041533546326,0.0019169329073482457,51,1.0,1.0,1.0,1.0,0.9980055843637814,0.9996011168727563,0.000797766254487442,1.0,1.0,1.0,1.0,0.9976905311778291,0.9995381062355658,0.0009237875288683473,47,1.0,1.0,1.0,1.0,0.9990384615384615,0.9998076923076923,0.0003846153846153832,0.9999999999999999,1.0,1.0,1.0,1.0,1.0,4.965068306494546e-17,1,1.0,1.0,1.0,1.0,1.0,1.0,0.0
0.9914403438568116,0.13488727753322216,0.16519660949707032,0.13362637153720297,2,0.5,50,10,True,,"{'model__estimator__max_depth': 2, 'model__learning_rate': 0.5, 'model__n_estimators': 50, 'select__k': 10, 'select__prune': True}",1.0,1.0,1.0,1.0,0.9975980784627703,0.9995196156925541,0.0009607686148918938,47,1.0,1.0,1.0,1.0,0.9990017967658216,0.9998003593531642,0.00039928129367137186,1.0,1.0,1.0,1.0,0.9952076677316294,0.999041533546326,0.0019169329073482457,51,1.0,1.0,1.0,1.0,0.9980055843637814,0.9996011168727563,0.000797766254487442,1.0,1.0,1.0,1.0,0.9976905311778291,0.9995381062355658,0.0009237875288683473,47,1.0,1.0,1.0,1.0,0.9990384615384615,0.9998076923076923,0.0003846153846153832,0.9999999999999999,1.0,1.0,1.0,1.0,1.0,4.965068306494546e-17,1,1.0,1.0,1.0,1.0,1.0,1.0,0.0
1.2445337772369385,0.18581757934050674,0.21904616355895995,0.13577715415430006,2,0.5,50,21,False,,"{'model__estimator__max_depth': 2, 'model__learning_rate': 0.5, 'model__n_estimators': 50, 'select__k': 21, 'select__prune': False}",1.0,1.0,1.0,1.0,1.0,1.0,0.0,1,1.0,1.0,1.0,1.0,1.0,1.0,0.0,1.0,1.0,1.0,1.0,1.0,1.0,0.0,1,1.0,1.0,1.0,1.0,1.0,1.0,0.0,1.0,1.0,1.0,1.0,1.0,1.0,0.0,1,1.0,1.0,1.0,1.0,1.0,1.0,0.0,1.0,1.0,1.0,1.0,1.0,1.0,0.0,1,1.0,1.0,1.0,1.0,1.0,1.0,0.0
1.2268199443817138,0.16986111091291023,0.14014716148376466,0.06351089784806029,2,0.5,50,21,True,,"{'model__estimator__max_depth': 2, 'model__learning_rate': 0.5, 'model__n_estimators': 50, 'select__k': 21, 'select__prune': True}",1.0,1.0,1.0,1.0,1.0,1.0,0.0,1,1.0,1.0,1.0,1.0,1.0,1.0,0.0,1.0,1.0,1.0,1.0,1.0,1.0,0.0,1,1.0,1.0,1.0,1.0,1.0,1.0,0.0,1.0,1.0,1.0,1.0,1.0,1.0,0.0,1,1.0,1.0,1.0,1.0,1.0,1.0,0.0,1.0,1.0,1.0,1.0,1.0,1.0,0.0,1,1.0,1.0,1.0,1.0,1.0,1.0,0.0
1.4448134422302246,0.10876426756639332,0.3667121410369873,0.06628511655612582,2,0.5,150,6,False,,"{'model__estimator__max_depth': 2, 'model__learning_rate': 0.5, 'model__n_estimators': 150, 'select__k': 6, 'select__prune': False}",0.9975980784627703,1.0,0.9984025559105432,0.9992019154030327,0.9959903769045709,0.9982385853361834,0.0013800118109438628,85,0.9990017967658216,0.9984012789768185,0.998000799680128,0.9978004399120176,0.9988019169329073,0.9984012464535386,0.00045662317732411803,0.9952076677316294,1.0,0.9968102073365231,0.9984051036682615,0.9920127795527156,0.996487151657826,0.0027488213187972857,92,0.9980055843637814,0.9968076616121309,0.9960095770151636,0.9956105347166799,0.9976067012365377,0.9968080117888587,0.0009103333955100144,0.9976923076923077,1.0,0.9984615384615385,0.9992307692307693,0.9961508852963818,0.9983071001361994,0.0013243985748987307,85,0.9990382765916522,0.9984612425466436,0.9980765531833045,0.997884208501635,0.9988461538461538,0.9984612869338777,0.000438652295811582,0.9999324522899858,1.0,0.9999573430401615,0.9999549732090594,0.9999608353232152,0.9999611207724843,2.1843175134736717e-05,101,0.9999718470303952,0.999965622794932,0.9999227253774008,0.9999205027132803,0.9999874099272872,0.999953621568659,2.7089788785450376e-05
1.2580038070678712,0.07604464613380327,0.30947375297546387,0.06164127359083575,2,0.5,150,6,True,,"{'model__estimator__max_depth': 2, 'model__learning_rate': 0.5, 'model__n_estimators': 150, 'select__k': 6, 'select__prune': True}",0.9975980784627703,1.0,0.9984025559105432,0.9992019154030327,0.9959903769045709,0.9982385853361834,0.0013800118109438628,85,0.9990017967658216,0.9984012789768185,0.998000799680128,0.9978004399120176,0.9988019169329073,0.9984012464535386,0.00045662317732411803,0.9952076677316294,1.0,0.9968102073365231,0.9984051036682615,0.9920127795527156,0.996487151657826,0.0027488213187972857,92,0.9980055843637814,0.9968076616121309,0.9960095770151636,0.9956105347166799,0.9976067012365377,0.9968080117888587,0.0009103333955100144,0.9976923076923077,1.0,0.9984615384615385,0.9992307692307693,0.9961508852963818,0.9983071001361994,0.0013243985748987307,85,0.9990382765916522,0.9984612425466436,0.9980765531833045,0.997884208501635,0.9988461538461538,0.9984612869338777,0.000438652295811582,0.9999324522899858,1.0,0.9999573430401615,0.9999549732090594,0.9999608353232152,0.9999611207724843,2.1843175134736717e-05,101,0.9999718470303952,0.999965622794932,0.9999227253774008,0.9999205027132803,0.9999874099272872,0.999953621568659,2.7089788785450376e-05
1.2692645072937012,0.07908346994121819,0.32395143508911134,0.09047311458446095,2,0.5,150,7,False,,"{'model__estimator__max_depth': 2, 'model__learning_rate': 0.5, 'model__n_estimators': 150, 'select__k': 7, 'select__prune': False}",1.0,1.0,1.0,1.0,1.0,1.0,0.0,1,1.0,1.0,1.0,1.0,1.0,1.0,0.0,1.0,1.0,1.0,1.0,1.0,1.0,0.0,1,1.0,1.0,1.0,1.0,1.0,1.0,0.0,1.0,1.0,1.0,1.0,1.0,1.0,0.0,1,1.0,1.0,1.0,1.0,1.0,1.0,0.0,1.0,0.9999999999999999,1.0,0.9999999999999999,1.0,1.0,7.021666937153402e-17,1,1.0,1.0,0.9999999999999999,0.9999999999999999,1.0,1.0,7.021666937153402e-17
1.350317907333374,0.06438285488415474,0.36701297760009766,0.06995561690339877,2,0.5,150,7,True,,"{'model__estimator__max_depth': 2, 'model__learning_rate': 0.5, 'model__n_estimators': 150, 'select__k': 7, 'select__prune': True}",1.0,1.0,1.0,1.0,1.0,1.0,0.0,1,1.0,1.0,1.0,1.0,1.0,1.0,0.0,1.0,1.0,1.0,1.0,1.0,1.0,0.0,1,1.0,1.0,1.0,1.0,1.0,1.0,0.0,1.0,1.0,1.0,1.0,1.0,1.0,0.0,1,1.0,1.0,1.0,1.0,1.0,1.0,0.0,1.0,0.9999999999999999,1.0,0.9999999999999999,1.0,1.0,7.021666937153402e-17,1,1.0,1.0,0.9999999999999999,0.9999999999999999,1.0,1.0,7.021666937153402e-17
1.4404750347137452,0.12643067422635126,0.34847192764282225,0.11796008232762897,2,0.5,150,8,False,,"{'model__estimator__max_depth': 2, 'model__learning_rate': 0.5, 'model__n_estimators': 150, 'select__k': 8, 'select__prune': False}",1.0,1.0,1.0,1.0,1.0,1.0,0.0,1,1.0,1.0,1.0,1.0,1.0,1.0,0.0,1.0,1.0,1.0,1.0,1.0,1.0,0.0,1,1.0,1.0,1.0,1.0,1.0,1.0,0.0,1.0,1.0,1.0,1.0,1.0,1.0,0.0,1,1.0,1.0,1.0,1.0,1.0,1.0,0.0,1.0,0.9999999999999999,1.0,1.0,1.0,1.0,4.965068306494546e-17,1,1.0,1.0,1.0,1.0,1.0,1.0,0.0
1.4827107906341552,0.0962754759625435,0.28060240745544435,0.1420519475850898,2,0.5,150,8,True,,"{'model__estimator__max_depth': 2, 'model__learning_rate': 0.5, 'model__n_estimators': 150, 'select__k': 8, 'select__prune': True}",1.0,1.0,1.0,1.0,1.0,1.0,0.0,1,1.0,1.0,1.0,1.0,1.0,1.0,0.0,1.0,1.0,1.0,1.0,1.0,1.0,0.0,1,1.0,1.0,1.0,1.0,1.0,1.0,0.0,1.0,1.0,1.0,1.0,1.0,1.0,0.0,1,1.0,1.0,1.0,1.0,1.0,1.0,0.0,1.0,0.9999999999999999,1.0,1.0,1.0,1.0,4.965068306494546e-17,1,1.0,1.0,1.0,1.0,1.0,1.0,0.0
1.5429943084716797,0.09178822575761798,0.28337388038635253,0.07593522441613335,2,0.5,150,9,False,,"{'model__estimator__max_depth': 2, 'model__learning_rate': 0.5, 'model__n_estimators': 150, 'select__k': 9, 'select__prune': False}",1.0,1.0,1.0,1.0,1.0,1.0,0.0,1,1.0,1.0,1.0,1.0,1.0,1.0,0.0,1.0,1.0,1.0,1.0,1.0,1.0,0.0,1,1.0,1.0,1.0,1.0,1.0,1.0,0.0,1.0,1.0,1.0,1.0,1.0,1.0,0.0,1,1.0,1.0,1.0,1.0,1.0,1.0,0.0,0.9999999999999999,1.0,1.0,1.0,1.0,1.0,4.965068306494546e-17,1,1.0,1.0,1.0,1.0,1.0,1.0,0.0
1.530831241607666,0.05081463959097795,0.32506961822509767,0.06426305512300957,2,0.5,150,9,True,,"{'model__estimator__max_depth': 2, 'model__learning_rate': 0.5, 'model__n_estimators': 150, 'select__k': 9, 'select__prune': True}",1.0,1.0,1.0,1.0,1.0,1.0,0.0,1,1.0,1.0,1.0,1.0,1.0,1.0,0.0,1.0,1.0,1.0,1.0,1.0,1.0,0.0,1,1.0,1.0,1.0,1.0,1.0,1.0,0.0,1.0,1.0,1.0,1.0,1.0,1.0,0.0,1,1.0,1.0,1.0,1.0,1.0,1.0,0.0,0.9999999999999999,1.0,1.0,1.0,1.0,1.0,4.965068306494546e-17,1,1.0,1.0,1.0,1.0,1.0,1.0,0.0
1.605929183959961,0.08807243364891318,0.327330493927002,0.06791937890289733,2,0.5,150,10,False,,"{'model__estimator__max_depth': 2, 'model__learning_rate': 0.5, 'model__n_estimators': 150, 'select__k': 10, 'select__prune': False}",1.0,1.0,1.0,1.0,1.0,1.0,0.0,1,1.0,1.0,1.0,1.0,1.0,1.0,0.0,1.0,1.0,1.0,1.0,1.0,1.0,0.0,1,1.0,1.0,1.0,1.0,1.0,1.0,0.0,1.0,1.0,1.0,1.0,1.0,1.0,0.0,1,1.0,1.0,1.0,1.0,1.0,1.0,0.0,1.0,1.0,1.0,1.0,0.9999999999999999,1.0,4.965068306494546e-17,1,1.0,1.0,1.0,1.0,1.0,1.0,0.0
1.6313182830810546,0.10764194655411947,0.2429497718811035,0.0988012395546687,2,0.5,150,10,True,,"{'model__estimator__max_depth': 2, 'model__learning_rate': 0.5, 'model__n_estimators': 150, 'select__k': 10, 'select__prune': True}",1.0,1.0,1.0,1.0,1.0,1.0,0.0,1,1.0,1.0,1.0,1.0,1.0,1.0,0.0,1.0,1.0,1.0,1.0,1.0,1.0,0.0,1,1.0,1.0,1.0,1.0,1.0,1.0,0.0,1.0,1.0,1.0,1.0,1.0,1.0,0.0,1,1.0,1.0,1.0,1.0,1.0,1.0,0.0,1.0,1.0,1.0,1.0,0.9999999999999999,1.0,4.965068306494546e-17,1,1.0,1.0,1.0,1.0,1.0,1.0,0.0
2.2638288021087645,0.1802285902564353,0.14795150756835937,0.02120911998389371,2,0.5,150,21,False,,"{'model__estimator__max_depth': 2, 'model__learning_rate': 0.5, 'model__n_estimators': 150, 'select__k': 21, 'select__prune': False}",1.0,1.0,1.0,1.0,1.0,1.0,0.0,1,1.0,1.0,1.0,1.0,1.0,1.0,0.0,1.0,1.0,1.0,1.0,1.0,1.0,0.0,1,1.0,1.0,1.0,1.0,1.0,1.0,0.0,1.0,1.0,1.0,1.0,1.0,1.0,0.0,1,1.0,1.0,1.0,1.0,1.0,1.0,0.0,0.9999999999999999,1.0,1.0,1.0,1.0,1.0,4.965068306494546e-17,1,0.9999999999999999,1.0,1.0,0.9999999999999999,1.0,1.0,7.021666937153402e-17
2.3685801029205322,0.37519371071403024,0.37754077911376954,0.12955509391382933,2,0.5,150,21,True,,"{'model__estimator__max_depth': 2, 'model__learning_rate': 0.5, 'model__n_estimators': 150, 'select__k': 21, 'select__prune': True}",1.0,1.0,1.0,1.0,1.0,1.0,0.0,1,1.0,1.0,1.0,1.0,1.0,1.0,0.0,1.0,1.0,1.0,1.0,1.0,1.0,0.0,1,1.0,1.0,1.0,1.0,1.0,1.0,0.0,1.0,1.0,1.0,1.0,1.0,1.0,0.0,1,1.0,1.0,1.0,1.0,1.0,1.0,0.0,0.9999999999999999,1.0,1.0,1.0,1.0,1.0,4.965068306494546e-17,1,0.9999999999999999,1.0,1.0,0.9999999999999999,1.0,1.0,7.021666937153402e-17
0.5055506706237793,0.08242782308734707,0.09641156196594239,0.030240840020254373,2,1.0,50,6,False,,"{'model__estimator__max_depth': 2, 'model__learning_rate': 1.0, 'model__n_estimators': 50, 'select__k': 6, 'select__prune': False}",0.9975980784627703,1.0,0.9992019154030327,0.9992019154030327,0.9975980784627703,0.9987199975463212,0.0009612804775641835,56,0.9990017967658216,0.9984012789768185,0.9986013986013986,0.9986013986013986,0.9990017967658216,0.9987215339422519,0.00024021771112017916,0.9952076677316294,1.0,0.9984051036682615,0.9984051036682615,0.9952076677316294,0.9974451085599563,0.0019174427974193607,60,0.9980055843637814,0.9968076616121309,0.9972067039106145,0.9972067039106145,0.9980055843637814,0.9974464476321845,0.0004792221724257249,0.9976923076923077,1.0,0.9992307692307693,0.9992307692307693,0.9976905311778291,0.9987688754663351,0.0009234916234883537,56,0.9990382765916522,0.9984612425466436,0.9986535872283131,0.9986535872283131,0.9990384615384615,0.9987690310266768,0.0002308567800788867,0.9999715588589415,1.0,0.9999928905066936,0.9999869659289382,0.9999608353232154,0.9999824501235578,1.4305324184892223e-05,86,0.9999862939490082,0.9999786624244406,0.9999797737565008,0.9999823668646418,0.9999874099272871,0.9999829013843756,3.460433578920568e-06
0.7198909282684326,0.1526528219773187,0.10874900817871094,0.028496784341618977,2,1.0,50,6,True,,"{'model__estimator__max_depth': 2, 'model__learning_rate': 1.0, 'model__n_estimators': 50, 'select__k': 6, 'select__prune': True}",0.9975980784627703,1.0,0.9992019154030327,0.9992019154030327,0.9975980784627703,0.9987199975463212,0.0009612804775641835,56,0.9990017967658216,0.9984012789768185,0.9986013986013986,0.9986013986013986,0.9990017967658216,0.9987215339422519,0.00024021771112017916,0.9952076677316294,1.0,0.9984051036682615,0.9984051036682615,0.9952076677316294,0.9974451085599563,0.0019174427974193607,60,0.9980055843637814,0.9968076616121309,0.9972067039106145,0.9972067039106145,0.9980055843637814,0.9974464476321845,0.0004792221724257249,0.9976923076923077,1.0,0.9992307692307693,0.9992307692307693,0.9976905311778291,0.9987688754663351,0.0009234916234883537,56,0.9990382765916522,0.9984612425466436,0.9986535872283131,0.9986535872283131,0.9990384615384615,0.9987690310266768,0.0002308567800788867,0.9999715588589415,1.0,0.9999928905066936,0.9999869659289382,0.9999608353232154,0.9999824501235578,1.4305324184892223e-05,86,0.9999862939490082,0.9999786624244406,0.9999797737565008,0.9999823668646418,0.9999874099272871,0.9999829013843756,3.460433578920568e-06
0.8687418460845947,0.11634706262182479,0.1747135639190674,0.12885450057745296,2,1.0,50,7,False,,"{'model__estimator__max_depth': 2, 'model__learning_rate': 1.0, 'model__n_estimators': 50, 'select__k': 7, 'select__prune': False}",1.0,1.0,1.0,1.0,1.0,1.0,0.0,1,1.0,1.0,1.0,1.0,1.0,1.0,0.0,1.0,1.0,1.0,1.0,1.0,1.0,0.0,1,1.0,1.0,1.0,1.0,1.0,1.0,0.0,1.0,1.0,1.0,1.0,1.0,1.0,0.0,1,1.0,1.0,1.0,1.0,1.0,1.0,0.0,1.0,1.0,1.0,1.0,1.0,1.0,0.0,1,0.9999999999999999,1.0,1.0,1.0,1.0,1.0,4.965068306494546e-17
0.8238449573516846,0.11296717486533094,0.21684255599975585,0.13333607963729738,2,1.0,50,7,True,,"{'model__estimator__max_depth': 2, 'model__learning_rate': 1.0, 'model__n_estimators': 50, 'select__k': 7, 'select__prune': True}",1.0,1.0,1.0,1.0,1.0,1.0,0.0,1,1.0,1.0,1.0,1.0,1.0,1.0,0.0,1.0,1.0,1.0,1.0,1.0,1.0,0.0,1,1.0,1.0,1.0,1.0,1.0,1.0,0.0,1.0,1.0,1.0,1.0,1.0,1.0,0.0,1,1.0,1.0,1.0,1.0,1.0,1.0,0.0,1.0,1.0,1.0,1.0,1.0,1.0,0.0,1,0.9999999999999999,1.0,1.0,1.0,1.0,1.0,4.965068306494546e-17
0.8645438194274903,0.10497148679487636,0.2739241600036621,0.09788096628824859,2,1.0,50,8,False,,"{'model__estimator__max_depth': 2, 'model__learning_rate': 1.0, 'model__n_estimators': 50, 'select__k': 8, 'select__prune': False}",1.0,1.0,1.0,1.0,1.0,1.0,0.0,1,1.0,1.0,1.0,1.0,1.0,1.0,0.0,1.0,1.0,1.0,1.0,1.0,1.0,0.0,1,1.0,1.0,1.0,1.0,1.0,1.0,0.0,1.0,1.0,1.0,1.0,1.0,1.0,0.0,1,1.0,1.0,1.0,1.0,1.0,1.0,0.0,1.0,1.0,0.9999999999999999,1.0,1.0,1.0,4.965068306494546e-17,1,1.0,1.0,0.9999999999999999,0.9999999999999999,1.0,1.0,7.021666937153402e-17
0.8174384593963623,0.1032108258771419,0.1533583641052246,0.12617375777798034,2,1.0,50,8,True,,"{'model__estimator__max_depth': 2, 'model__learning_rate': 1.0, 'model__n_estimators': 50, 'select__k': 8, 'select__prune': True}",1.0,1.0,1.0,1.0,1.0,1.0,0.0,1,1.0,1.0,1.0,1.0,1.0,1.0,0.0,1.0,1.0,1.0,1.0,1.0,1.0,0.0,1,1.0,1.0,1.0,1.0,1.0,1.0,0.0,1.0,1.0,1.0,1.0,1.0,1.0,0.0,1,1.0,1.0,1.0,1.0,1.0,1.0,0.0,1.0,1.0,0.9999999999999999,1.0,1.0,1.0,4.965068306494546e-17,1,1.0,1.0,0.9999999999999999,0.9999999999999999,1.0,1.0,7.021666937153402e-17
0.8328606128692627,0.13270422122190478,0.2545727252960205,0.13359565084274294,2,1.0,50,9,False,,"{'model__estimator__max_depth': 2, 'model__learning_rate': 1.0, 'model__n_estimators': 50, 'select__k': 9, 'select__prune': False}",1.0,1.0,1.0,1.0,1.0,1.0,0.0,1,1.0,1.0,1.0,1.0,1.0,1.0,0.0,1.0,1.0,1.0,1.0,1.0,1.0,0.0,1,1.0,1.0,1.0,1.0,1.0,1.0,0.0,1.0,1.0,1.0,1.0,1.0,1.0,0.0,1,1.0,1.0,1.0,1.0,1.0,1.0,0.0,1.0,1.0,1.0,1.0,1.0,1.0,0.0,1,1.0,1.0,1.0,0.9999999999999999,0.9999999999999999,1.0,7.021666937153402e-17
0.8364335536956787,0.09795811122560917,0.166709566116333,0.08501528146143902,2,1.0,50,9,True,,"{'model__estimator__max_depth': 2, 'model__learning_rate': 1.0, 'model__n_estimators': 50, 'select__k': 9, 'select__prune': True}",1.0,1.0,1.0,1.0,1.0,1.0,0.0,1,1.0,1.0,1.0,1.0,1.0,1.0,0.0,1.0,1.0,1.0,1.0,1.0,1.0,0.0,1,1.0,1.0,1.0,1.0,1.0,1.0,0.0,1.0,1.0,1.0,1.0,1.0,1.0,0.0,1,1.0,1.0,1.0,1.0,1.0,1.0,0.0,1.0,1.0,1.0,1.0,1.0,1.0,0.0,1,1.0,1.0,1.0,0.9999999999999999,0.9999999999999999,1.0,7.021666937153402e-17
0.8954535007476807,0.13224446495664,0.19700727462768555,0.1615715224381492,2,1.0,50,10,False,,"{'model__estimator__max_depth': 2, 'model__learning_rate': 1.0, 'model__n_estimators': 50, 'select__k': 10, 'select__prune': False}",1.0,1.0,1.0,1.0,1.0,1.0,0.0,1,1.0,1.0,1.0,1.0,1.0,1.0,0.0,1.0,1.0,1.0,1.0,1.0,1.0,0.0,1,1.0,1.0,1.0,1.0,1.0,1.0,0.0,1.0,1.0,1.0,1.0,1.0,1.0,0.0,1,1.0,1.0,1.0,1.0,1.0,1.0,0.0,1.0,1.0,1.0,1.0,1.0,1.0,0.0,1,0.9999999999999999,1.0,1.0,1.0,1.0,1.0,4.965068306494546e-17
0.9003137111663818,0.14998937544081475,0.19369029998779297,0.10438368760275105,2,1.0,50,10,True,,"{'model__estimator__max_depth': 2, 'model__learning_rate': 1.0, 'model__n_estimators': 50, 'select__k': 10, 'select__prune': True}",1.0,1.0,1.0,1.0,1.0,1.0,0.0,1,1.0,1.0,1.0,1.0,1.0,1.0,0.0,1.0,1.0,1.0,1.0,1.0,1.0,0.0,1,1.0,1.0,1.0,1.0,1.0,1.0,0.0,1.0,1.0,1.0,1.0,1.0,1.0,0.0,1,1.0,1.0,1.0,1.0,1.0,1.0,0.0,1.0,1.0,1.0,1.0,1.0,1.0,0.0,1,0.9999999999999999,1.0,1.0,1.0,1.0,1.0,4.965068306494546e-17
1.2861174583435058,0.09020344743498786,0.1363455295562744,0.07839902793738872,2,1.0,50,21,False,,"{'model__estimator__max_depth': 2, 'model__learning_rate': 1.0, 'model__n_estimators': 50, 'select__k': 21, 'select__prune': False}",1.0,1.0,1.0,1.0,1.0,1.0,0.0,1,1.0,1.0,1.0,1.0,1.0,1.0,0.0,1.0,1.0,1.0,1.0,1.0,1.0,0.0,1,1.0,1.0,1.0,1.0,1.0,1.0,0.0,1.0,1.0,1.0,1.0,1.0,1.0,0.0,1,1.0,1.0,1.0,1.0,1.0,1.0,0.0,1.0,1.0,1.0,1.0,1.0,1.0,0.0,1,1.0,1.0,1.0,1.0,1.0,1.0,0.0
1.2415546417236327,0.09305378474179864,0.1502233028411865,0.07684785413218342,2,1.0,50,21,True,,"{'model__estimator__max_depth': 2, 'model__learning_rate': 1.0, 'model__n_estimators': 50, 'select__k': 21, 'select__prune': True}",1.0,1.0,1.0,1.0,1.0,1.0,0.0,1,1.0,1.0,1.0,1.0,1.0,1.0,0.0,1.0,1.0,1.0,1.0,1.0,1.0,0.0,1,1.0,1.0,1.0,1.0,1.0,1.0,0.0,1.0,1.0,1.0,1.0,1.0,1.0,0.0,1,1.0,1.0,1.0,1.0,1.0,1.0,0.0,1.0,1.0,1.0,1.0,1.0,1.0,0.0,1,1.0,1.0,1.0,1.0,1.0,1.0,0.0
1.3477602005004883,0.18646912996569728,0.434724760055542,0.1546001355469346,2,1.0,150,6,False,,"{'model__estimator__max_depth': 2, 'model__learning_rate': 1.0, 'model__n_estimators': 150, 'select__k': 6, 'select__prune': False}",0.9975980784627703,1.0,0.9992019154030327,0.9992019154030327,0.9975980784627703,0.9987199975463212,0.0009612804775641835,56,0.9990017967658216,0.9984012789768185,0.9986013986013986,0.9986013986013986,0.9990017967658216,0.9987215339422519,0.00024021771112017916,0.9952076677316294,1.0,0.9984051036682615,0.9984051036682615,0.9952076677316294,0.9974451085599563,0.0019174427974193607,60,0.9980055843637814,0.9968076616121309,0.9972067039106145,0.9972067039106145,0.9980055843637814,0.9974464476321845,0.0004792221724257249,0.9976923076923077,1.0,0.9992307692307693,0.9992307692307693,0.9976905311778291,0.9987688754663351,0.0009234916234883537,56,0.9990382765916522,0.9984612425466436,0.9986535872283131,0.9986535872283131,0.9990384615384615,0.9987690310266768,0.0002308567800788867,0.9999715588589414,1.0,0.9999928905066935,0.9999869659289382,0.9999608353232153,0.9999824501235578,1.4305324184926472e-05,86,0.9999862939490083,0.9999786624244406,0.9999797737565009,0.9999823668646419,0.9999874099272871,0.9999829013843756,3.4604335789188385e-06
1.2649484634399415,0.11527515557202585,0.349993371963501,0.1558348184666022,2,1.0,150,6,True,,"{'model__estimator__max_depth': 2, 'model__learning_rate': 1.0, 'model__n_estimators': 150, 'select__k': 6, 'select__prune': True}",0.9975980784627703,1.0,0.9992019154030327,0.9992019154030327,0.9975980784627703,0.9987199975463212,0.0009612804775641835,56,0.9990017967658216,0.9984012789768185,0.9986013986013986,0.9986013986013986,0.9990017967658216,0.9987215339422519,0.00024021771112017916,0.9952076677316294,1.0,0.9984051036682615,0.9984051036682615,0.9952076677316294,0.9974451085599563,0.0019174427974193607,60,0.9980055843637814,0.9968076616121309,0.9972067039106145,0.9972067039106145,0.9980055843637814,0.9974464476321845,0.0004792221724257249,0.9976923076923077,1.0,0.9992307692307693,0.9992307692307693,0.9976905311778291,0.9987688754663351,0.0009234916234883537,56,0.9990382765916522,0.9984612425466436,0.9986535872283131,0.9986535872283131,0.9990384615384615,0.9987690310266768,0.0002308567800788867,0.9999715588589414,1.0,0.9999928905066935,0.9999869659289382,0.9999608353232153,0.9999824501235578,1.4305324184926472e-05,86,0.9999862939490083,0.9999786624244406,0.9999797737565009,0.9999823668646419,0.9999874099272871,0.9999829013843756,3.4604335789188385e-06
1.3920586585998536,0.16892320282126636,0.406154727935791,0.1386925182054147,2,1.0,150,7,False,,"{'model__estimator__max_depth': 2, 'model__learning_rate': 1.0, 'model__n_estimators': 150, 'select__k': 7, 'select__prune': False}",1.0,1.0,1.0,1.0,1.0,1.0,0.0,1,1.0,1.0,1.0,1.0,1.0,1.0,0.0,1.0,1.0,1.0,1.0,1.0,1.0,0.0,1,1.0,1.0,1.0,1.0,1.0,1.0,0.0,1.0,1.0,1.0,1.0,1.0,1.0,0.0,1,1.0,1.0,1.0,1.0,1.0,1.0,0.0,1.0,1.0,1.0,0.9999999999999999,1.0,1.0,4.965068306494546e-17,1,0.9999999999999999,1.0,0.9999999999999999,1.0,1.0,1.0,7.021666937153402e-17
1.3895743370056153,0.15260443478714955,0.29245729446411134,0.1039816778084855,2,1.0,150,7,True,,"{'model__estimator__max_depth': 2, 'model__learning_rate': 1.0, 'model__n_estimators': 150, 'select__k': 7, 'select__prune': True}",1.0,1.0,1.0,1.0,1.0,1.0,0.0,1,1.0,1.0,1.0,1.0,1.0,1.0,0.0,1.0,1.0,1.0,1.0,1.0,1.0,0.0,1,1.0,1.0,1.0,1.0,1.0,1.0,0.0,1.0,1.0,1.0,1.0,1.0,1.0,0.0,1,1.0,1.0,1.0,1.0,1.0,1.0,0.0,1.0,1.0,1.0,0.9999999999999999,1.0,1.0,4.965068306494546e-17,1,0.9999999999999999,1.0,0.9999999999999999,1.0,1.0,1.0,7.021666937153402e-17
1.4941386222839355,0.07880241252955922,0.30100069046020506,0.0729271646972614,2,1.0,150,8,False,,"{'model__estimator__max_depth': 2, 'model__learning_rate': 1.0, 'model__n_estimators': 150, 'select__k': 8, 'select__prune': False}",1.0,1.0,1.0,1.0,1.0,1.0,0.0,1,1.0,1.0,1.0,1.0,1.0,1.0,0.0,1.0,1.0,1.0,1.0,1.0,1.0,0.0,1,1.0,1.0,1.0,1.0,1.0,1.0,0.0,1.0,1.0,1.0,1.0,1.0,1.0,0.0,1,1.0,1.0,1.0,1.0,1.0,1.0,0.0,1.0,1.0,1.0,1.0,1.0,1.0,0.0,1,1.0,1.0,0.9999999999999999,1.0,1.0,1.0,4.965068306494546e-17
1.4300856590270996,0.1748566419264166,0.30900187492370607,0.10624271482070745,2,1.0,150,8,True,,"{'model__estimator__max_depth': 2, 'model__learning_rate': 1.0, 'model__n_estimators': 150, 'select__k': 8, 'select__prune': True}",1.0,1.0,1.0,1.0,1.0,1.0,0.0,1,1.0,1.0,1.0,1.0,1.0,1.0,0.0,1.0,1.0,1.0,1.0,1.0,1.0,0.0,1,1.0,1.0,1.0,1.0,1.0,1.0,0.0,1.0,1.0,1.0,1.0,1.0,1.0,0.0,1,1.0,1.0,1.0,1.0,1.0,1.0,0.0,1.0,1.0,1.0,1.0,1.0,1.0,0.0,1,1.0,1.0,0.9999999999999999,1.0,1.0,1.0,4.965068306494546e-17
1.5488590717315673,0.13413653109262821,0.3347579002380371,0.13445087869214153,2,1.0,150,9,False,,"{'model__estimator__max_depth': 2, 'model__learning_rate': 1.0, 'model__n_estimators': 150, 'select__k': 9, 'select__prune': False}",1.0,1.0,1.0,1.0,1.0,1.0,0.0,1,1.0,1.0,1.0,1.0,1.0,1.0,0.0,1.0,1.0,1.0,1.0,1.0,1.0,0.0,1,1.0,1.0,1.0,1.0,1.0,1.0,0.0,1.0,1.0,1.0,1.0,1.0,1.0,0.0,1,1.0,1.0,1.0,1.0,1.0,1.0,0.0,1.0,1.0,1.0,1.0,1.0,1.0,0.0,1,1.0,1.0,1.0,0.9999999999999999,1.0,1.0,4.965068306494546e-17
1.5453285694122314,0.11191228347323413,0.2930605888366699,0.07748858281687589,2,1.0,150,9,True,,"{'model__estimator__max_depth': 2, 'model__learning_rate': 1.0, 'model__n_estimators': 150, 'select__k': 9, 'select__prune': True}",1.0,1.0,1.0,1.0,1.0,1.0,0.0,1,1.0,1.0,1.0,1.0,1.0,1.0,0.0,1.0,1.0,1.0,1.0,1.0,1.0,0.0,1,1.0,1.0,1.0,1.0,1.0,1.0,0.0,1.0,1.0,1.0,1.0,1.0,1.0,0.0,1,1.0,1.0,1.0,1.0,1.0,1.0,0.0,1.0,1.0,1.0,1.0,1.0,1.0,0.0,1,1.0,1.0,1.0,0.9999999999999999,1.0,1.0,4.965068306494546e-17
1.5666654109954834,0.13982504613455532,0.27402520179748535,0.09496394549348111,2,1.0,150,10,False,,"{'model__estimator__max_depth': 2, 'model__learning_rate': 1.0, 'model__n_estimators': 150, 'select__k': 10, 'select__prune': False}",1.0,1.0,1.0,1.0,1.0,1.0,0.0,1,1.0,1.0,1.0,1.0,1.0,1.0,0.0,1.0,1.0,1.0,1.0,1.0,1.0,0.0,1,1.0,1.0,1.0,1.0,1.0,1.0,0.0,1.0,1.0,1.0,1.0,1.0,1.0,0.0,1,1.0,1.0,1.0,1.0,1.0,1.0,0.0,1.0,1.0,1.0,1.0,1.0,1.0,0.0,1,1.0,1.0,1.0,1.0,1.0,1.0,0.0
1.5902229309082032,0.17480965056386863,0.32103633880615234,0.11972860993312995,2,1.0,150,10,True,,"{'model__estimator__max_depth': 2, 'model__learning_rate': 1.0, 'model__n_estimators': 150, 'select__k': 10, 'select__prune': True}",1.0,1.0,1.0,1.0,1.0,1.0,0.0,1,1.0,1.0,1.0,1.0,1.0,1.0,0.0,1.0,1.0,1.0,1.0,1.0,1.0,0.0,1,1.0,1.0,1.0,1.0,1.0,1.0,0.0,1.0,1.0,1.0,1.0,1.0,1.0,0.0,1,1.0,1.0,1.0,1.0,1.0,1.0,0.0,1.0,1.0,1.0,1.0,1.0,1.0,0.0,1,1.0,1.0,1.0,1.0,1.0,1.0,0.0
2.295334720611572,0.14348606749404128,0.14363656044006348,0.01924022711524642,2,1.0,150,21,False,,"{'model__estimator__max_depth': 2, 'model__learning_rate': 1.0, 'model__n_estimators': 150, 'select__k': 21, 'select__prune': False}",1.0,1.0,1.0,1.0,1.0,1.0,0.0,1,1.0,1.0,1.0,1.0,1.0,1.0,0.0,1.0,1.0,1.0,1.0,1.0,1.0,0.0,1,1.0,1.0,1.0,1.0,1.0,1.0,0.0,1.0,1.0,1.0,1.0,1.0,1.0,0.0,1,1.0,1.0,1.0,1.0,1.0,1.0,0.0,0.9999999999999999,1.0,1.0,0.9999999999999999,1.0,1.0,7.021666937153402e-17,1,1.0,1.0,0.9999999999999999,0.9999999999999999,1.0,1.0,7.021666937153402e-17
2.1270010471343994,0.07416781007427814,0.3134021282196045,0.16633499090247153,2,1.0,150,21,True,,"{'model__estimator__max_depth': 2, 'model__learning_rate': 1.0, 'model__n_estimators': 150, 'select__k': 21, 'select__prune': True}",1.0,1.0,1.0,1.0,1.0,1.0,0.0,1,1.0,1.0,1.0,1.0,1.0,1.0,0.0,1.0,1.0,1.0,1.0,1.0,1.0,0.0,1,1.0,1.0,1.0,1.0,1.0,1.0,0.0,1.0,1.0,1.0,1.0,1.0,1.0,0.0,1,1.0,1.0,1.0,1.0,1.0,1.0,0.0,0.9999999999999999,1.0,1.0,0.9999999999999999,1.0,1.0,7.021666937153402e-17,1,1.0,1.0,0.9999999999999999,0.9999999999999999,1.0,1.0,7.021666937153402e-17
0.4733299255371094,0.06660667077519282,0.11350011825561523,0.049203417697131845,1,0.1,50,7,False,"('gill-color', 'stalk-surface-above-ring')","{'model__estimator__max_depth': 1, 'model__learning_rate': 0.1, 'model__n_estimators': 50, 'select__drop': ('gill-color', 'stalk-surface-above-ring'), 'select__k': 7, 'select__prune': False}",0.966183574879227,0.9677938808373591,0.9654062751407884,0.9769291964996022,0.9685230024213075,0.9689671859556569,0.0041327020766316535,207,0.9696848022485445,0.9692832764505119,0.9698795180722891,0.9669754329440193,0.9691011235955056,0.9689848306621741,0.0010421803018853505,0.9584664536741214,0.9585326953748007,0.9569377990430622,0.9792663476874003,0.9584664536741214,0.9623339498907011,0.00848750998799185,201,0.963302752293578,0.9632881085395052,0.9636871508379888,0.9581005586592178,0.963302752293578,0.9623362645247736,0.002123219360010314,0.9676923076923077,0.9692307692307692,0.9669230769230769,0.9776923076923076,0.9699769053117783,0.970303073370048,0.003849609825533326,207,0.9709559530678977,0.9705712637045586,0.9711482977495672,0.9684554722061935,0.9703846153846154,0.9703031204225665,0.0009625862410058931,0.9852568235037589,0.9841801924776821,0.9847371027866845,0.991614352645087,0.9849607641147122,0.986149847105585,0.002754908933799984,201,0.9874501470177708,0.9857542788506988,0.9875824941788427,0.9858709687170397,0.9846381857497855,0.9862592149028275,0.0011138059415593815
0.5660344123840332,0.06844402234534926,0.24409666061401367,0.034238955964328716,1,0.1,50,7,False,"('gill-color', 'stalk-surface-above-ring', 'odor')","{'model__estimator__max_depth': 1, 'model__learning_rate': 0.1, 'model__n_estimators': 50, 'select__drop': ('gill-color', 'stalk-surface-above-ring', 'odor'), 'select__k': 7, 'select__prune': False}",0.8762711864406779,0.889267461669506,0.8463564530289728,0.8642413487133984,0.8753269398430689,0.8702926779391248,0.014357508299025264,216,0.8950369588173178,0.8917949799620333,0.867907995618839,0.8634476731483505,0.8606539389949528,0.8757683093082986,0.014629844994368073,0.8258785942492013,0.8325358851674641,0.7687400318979266,0.7767145135566188,0.8019169329073482,0.8011571915557119,0.02547415992287464,216,0.8452333466294376,0.8435754189944135,0.7905027932960894,0.7885075818036712,0.7822098125249302,0.8100057906497083,0.028224304904754815,0.8876923076923077,0.9,0.8653846153846154,0.8823076923076923,0.8899153194765204,0.8850599869722272,0.011387736635536145,216,0.9044046932102328,0.9013271783035199,0.8840161569532602,0.8797845739565301,0.8778846153846154,0.8894834435616318,0.011148182392362243,0.962937638058039,0.9721130125055987,0.9639607935142461,0.9810804533960864,0.9736659086917099,0.970751561233136,0.00669634087526433,216,0.9709242797729507,0.9686356902364884,0.973915480677788,0.9737850102938984,0.9715115537616101,0.9717544029485472,0.0019630625225616318
0.5761305332183838,0.05657391060796066,0.22320427894592285,0.06042758198461787,1,0.1,50,7,False,"('gill-color', 'stalk-surface-above-ring', 'spore-print-color')","{'model__estimator__max_depth': 1, 'model__learning_rate': 0.1, 'model__n_estimators': 50, 'select__drop': ('gill-color', 'stalk-surface-above-ring', 'spore-print-color'), 'select__k': 7, 'select__prune': False}",0.966183574879227,0.9677938808373591,0.9654062751407884,0.9769291964996022,0.9685230024213075,0.9689671859556569,0.0041327020766316535,207,0.9696848022485445,0.9692832764505119,0.9698795180722891,0.9669754329440193,0.9691011235955056,0.9689848306621741,0.0010421803018853505,0.9584664536741214,0.9585326953748007,0.9569377990430622,0.9792663476874003,0.9584664536741214,0.9623339498907011,0.00848750998799185,201,0.963302752293578,0.9632881085395052,0.9636871508379888,0.9581005586592178,0.963302752293578,0.9623362645247736,0.002123219360010314,0.9676923076923077,0.9692307692307692,0.9669230769230769,0.9776923076923076,0.9699769053117783,0.970303073370048,0.003849609825533326,207,0.9709559530678977,0.9705712637045586,0.9711482977495672,0.9684554722061935,0.9703846153846154,0.9703031204225665,0.0009625862410058931,0.9810072430105896,0.981868422237547,0.9795305838552886,0.9886496939363132,0.98306305750324,0.9828238001085957,0.0031322893496795847,212,0.9831477064812877,0.9829457204676841,0.9835215386525735,0.9812611633305466,0.983484046378273,0.9828720350620731,0.000833396036831565
0.6530306816101075,0.08290337306368725,0.2226555347442627,0.05668856001559318,1,0.1,50,7,False,"('gill-color', 'stalk-surface-above-ring', 'ring-type')","{'model__estimator__max_depth': 1, 'model__learning_rate': 0.1, 'model__n_estimators': 50, 'select__drop': ('gill-color', 'stalk-surface-above-ring', 'ring-type'), 'select__k': 7, 'select__prune': False}",0.966183574879227,0.9677938808373591,0.9654062751407884,0.9769291964996022,0.9685230024213075,0.9689671859556569,0.0041327020766316535,207,0.9696848022485445,0.9692832764505119,0.9698795180722891,0.9669754329440193,0.9691011235955056,0.9689848306621741,0.0010421803018853505,0.9584664536741214,0.9585326953748007,0.9569377990430622,0.9792663476874003,0.9584664536741214,0.9623339498907011,0.00848750998799185,201,0.963302752293578,0.9632881085395052,0.9636871508379888,0.9581005586592178,0.963302752293578,0.9623362645247736,0.002123219360010314,0.9676923076923077,0.9692307692307692,0.9669230769230769,0.9776923076923076,0.9699769053117783,0.970303073370048,0.003849609825533326,207,0.9709559530678977,0.9705712637045586,0.9711482977495672,0.9684554722061935,0.9703846153846154,0.9703031204225665,0.0009625862410058931,0.9886164332913037,0.9886082218920258,0.9865547632420237,0.9928158570138705,0.9903014018580671,0.9893793354594582,0.002088766664849865,196,0.9892962409562289,0.9900346113256887,0.9897900441835992,0.9882938207862957,0.989617781685473,0.9894064997874571,0.0006060498359359938
0.6588158130645752,0.06008265578288849,0.19534859657287598,0.06766168030657434,1,0.1,50,7,False,"('gill-color', 'stalk-surface-above-ring', 'stalk-surface-below-ring')","{'model__estimator__max_depth': 1, 'model__learning_rate': 0.1, 'model__n_estimators': 50, 'select__drop': ('gill-color', 'stalk-surface-above-ring', 'stalk-surface-below-ring'), 'select__k': 7, 'select__prune': False}",0.966183574879227,0.9677938808373591,0.9654062751407884,0.9769291964996022,0.9685230024213075,0.9689671859556569,0.0041327020766316535,207,0.9696848022485445,0.9692832764505119,0.9698795180722891,0.9669754329440193,0.9691011235955056,0.9689848306621741,0.0010421803018853505,0.9584664536741214,0.9585326953748007,0.9569377990430622,0.9792663476874003,0.9584664536741214,0.9623339498907011,0.00848750998799185,201,0.963302752293578,0.9632881085395052,0.9636871508379888,0.9581005586592178,0.963302752293578,0.9623362645247736,0.002123219360010314,0.9676923076923077,0.9692307692307692,0.9669230769230769,0.9776923076923076,0.9699769053117783,0.970303073370048,0.003849609825533326,207,0.9709559530678977,0.9705712637045586,0.9711482977495672,0.9684554722061935,0.9703846153846154,0.9703031204225665,0.0009625862410058931,0.9858801585119595,0.9873059997014013,0.9861684807723753,0.9922873846780941,0.9874233915185926,0.9878130830364846,0.002318157975314423,199,0.9886753198029173,0.9880408816093511,0.9885811371683082,0.9870535001180976,0.9872762503386359,0.9879254178074619,0.0006614093486082418
0.6125500679016114,0.06061109740126182,0.25965170860290526,0.07862368997320764,1,0.1,50,7,False,"('gill-color', 'stalk-surface-above-ring', 'gill-size')","{'model__estimator__max_depth': 1, 'model__learning_rate': 0.1, 'model__n_estimators': 50, 'select__drop': ('gill-color', 'stalk-surface-above-ring', 'gill-size'), 'select__k': 7, 'select__prune': False}",0.9845904298459043,0.9837925445705025,0.9813160032493907,0.9887640449438202,0.9829406986190089,0.9842807442457253,0.0024907685842090097,174,0.9848147398258756,0.9850141757796679,0.9856304391823517,0.9801779935275081,0.9852256628212912,0.9841726022273389,0.002015525271790663,0.9696485623003195,0.9681020733652312,0.9633173843700159,0.9824561403508771,0.9664536741214057,0.9699955669015699,0.0065744162789096025,177,0.9700837654567211,0.9704708699122107,0.9716679968076616,0.966879489225858,0.9708815317112086,0.969996730622732,0.0016447237264415207,0.9853846153846154,0.9846153846153847,0.9823076923076923,0.9892307692307692,0.9838337182448037,0.985074435956653,0.0023141433212546716,174,0.9855741488747836,0.9857664935564532,0.9863435276014618,0.981150221196384,0.9859615384615384,0.9849591859381241,0.0019214187378051844,0.9828902835581763,0.9846671927691714,0.9823613471067918,0.9923359662156878,0.9817884252951594,0.9848086429889973,0.0038851429338652072,203,0.9856280571902387,0.9852043176584144,0.9856099538604564,0.9856661131739081,0.9833595527769182,0.9850935989319872,0.0008830872327761314
1.1971853733062745,0.14690669939236534,0.326355504989624,0.04029620013372507,1,0.1,150,7,False,"('gill-color', 'stalk-surface-above-ring')","{'model__estimator__max_depth': 1, 'model__learning_rate': 0.1, 'model__n_estimators': 150, 'select__drop': ('gill-color', 'stalk-surface-above-ring'), 'select__k': 7, 'select__prune': False}",0.9719775820656525,0.9743178170144462,0.9687249398556536,0.9832402234636871,0.9758064516129032,0.9748134028024685,0.004844673734641588,180,0.9731892757102841,0.9765107408150974,0.974,0.9742661841576197,0.9761379586926008,0.9748208318751204,0.0012832762645274625,0.9696485623003195,0.9681020733652312,0.9633173843700159,0.9824561403508771,0.9664536741214057,0.9699955669015699,0.0065744162789096025,177,0.9700837654567211,0.9704708699122107,0.9716679968076616,0.966879489225858,0.9708815317112086,0.969996730622732,0.0016447237264415207,0.9730769230769231,0.9753846153846154,0.97,0.9838461538461538,0.976905311778291,0.9758426008171966,0.00462992276399441,179,0.97422581265628,0.9774956722446624,0.9749951913829583,0.9753798807462973,0.9771153846153846,0.9758423883291165,0.0012568882278076049,0.9977235236677695,0.9974832393695302,0.9977865777506036,0.9990805055323707,0.9984203580363543,0.9980988408713257,0.0005804093836274256,163,0.9983468279900972,0.9976010045256405,0.9984406529416663,0.9981074015011576,0.998293378614147,0.9981578531145416,0.0002988913257726014
1.212052297592163,0.1506716866551007,0.3412968158721924,0.04451442415448467,1,0.1,150,7,False,"('gill-color', 'stalk-surface-above-ring', 'odor')","{'model__estimator__max_depth': 1, 'model__learning_rate': 0.1, 'model__n_estimators': 150, 'select__drop': ('gill-color', 'stalk-surface-above-ring', 'odor'), 'select__k': 7, 'select__prune': False}",0.9002433090024331,0.9182186234817814,0.9042207792207793,0.9209677419354839,0.9212022745735174,0.912970545642799,0.008919638957674857,215,0.9161603888213852,0.9116693679092382,0.9151650131605589,0.9109714053944433,0.9109311740890689,0.9129794698749389,0.002228858476527974,0.8865814696485623,0.9043062200956937,0.8883572567783095,0.9106858054226475,0.9057507987220448,0.8991363101334515,0.00977427522198444,213,0.9022736338252892,0.8978451715881883,0.9018355945730248,0.8962490023942538,0.8974870362983646,0.899138087735824,0.002443465143632525,0.9053846153846153,0.9223076923076923,0.9092307692307692,0.9246153846153846,0.9253271747498075,0.9173731272576537,0.008367670004775054,215,0.9203693017888055,0.9161377187920754,0.9194075783804578,0.9155606847470668,0.9153846153846154,0.9173719798186042,0.0020919564053459403,0.977759027692191,0.9832393695301336,0.9771346846110277,0.9836280218308842,0.9838249884879586,0.981117218430439,0.0030092423746594724,213,0.9826323589639945,0.9812870944119557,0.9827659810291172,0.9779716204317954,0.981072306861249,0.9811458723396225,0.0017283301407936616
1.259615993499756,0.0954021271192981,0.37657575607299804,0.06750459090900056,1,0.1,150,7,False,"('gill-color', 'stalk-surface-above-ring', 'spore-print-color')","{'model__estimator__max_depth': 1, 'model__learning_rate': 0.1, 'model__n_estimators': 150, 'select__drop': ('gill-color', 'stalk-surface-above-ring', 'spore-print-color'), 'select__k': 7, 'select__prune': False}",0.966183574879227,0.9727564102564102,0.9687249398556536,0.9785544082605242,0.9726688102893891,0.9717776287082408,0.004202125807314093,197,0.9696848022485445,0.9729945989197839,0.974,0.9715316760224539,0.9730161902858285,0.972245453495322,0.0015033363291497635,0.9584664536741214,0.9681020733652312,0.9633173843700159,0.9824561403508771,0.9664536741214057,0.9677591451763302,0.008048687793601858,197,0.963302752293578,0.9704708699122107,0.9716679968076616,0.966879489225858,0.9708815317112086,0.9686405279901033,0.0031346745791775675,0.9676923076923077,0.9738461538461538,0.97,0.9792307692307692,0.9738260200153964,0.9729190501569255,0.003933436254776828,196,0.9709559530678977,0.9740334679746105,0.9749951913829583,0.9726870552029236,0.9740384615384615,0.9733420258333704,0.0014013137428307103,0.9836522691290375,0.9851980349360501,0.9835592967289222,0.9914176566636096,0.9860716167653301,0.9859797748445898,0.002879795411656517,202,0.9865771086129713,0.9861987375860504,0.9865957053980212,0.9846228687244191,0.9859834720487795,0.9859955784740482,0.0007244421128568437
1.2239439010620117,0.17407109225559692,0.3822196006774902,0.02297039102450235,1,0.1,150,7,False,"('gill-color', 'stalk-surface-above-ring', 'ring-type')","{'model__estimator__max_depth': 1, 'model__learning_rate': 0.1, 'model__n_estimators': 150, 'select__drop': ('gill-color', 'stalk-surface-above-ring', 'ring-type'), 'select__k': 7, 'select__prune': False}",0.966183574879227,0.9743178170144462,0.9687249398556536,0.9832402234636871,0.9758064516129032,0.9736546013651834,0.005951004366554669,182,0.9696848022485445,0.9765107408150974,0.974,0.9742661841576197,0.9761379586926008,0.9741199371827725,0.0024287670869286987,0.9584664536741214,0.9681020733652312,0.9633173843700159,0.9824561403508771,0.9664536741214057,0.9677591451763302,0.008048687793601858,197,0.963302752293578,0.9704708699122107,0.9716679968076616,0.966879489225858,0.9708815317112086,0.9686405279901033,0.0031346745791775675,0.9676923076923077,0.9753846153846154,0.97,0.9838461538461538,0.976905311778291,0.9747656777402736,0.005659689251068251,182,0.9709559530678977,0.9774956722446624,0.9749951913829583,0.9753798807462973,0.9771153846153846,0.97518841641144,0.0023248387641527047,0.9977839610925191,0.9982937216064611,0.9977534001151738,0.9990662865457579,0.9984144239944173,0.9982623586708659,0.0004813129083589205,162,0.9983668314158691,0.9983072190056156,0.9983722689755504,0.9980976958678304,0.9982775299343791,0.998284309039849,9.994217488714035e-05
1.176039743423462,0.10484604741784746,0.33815817832946776,0.0545687242881986,1,0.1,150,7,False,"('gill-color', 'stalk-surface-above-ring', 'stalk-surface-below-ring')","{'model__estimator__max_depth': 1, 'model__learning_rate': 0.1, 'model__n_estimators': 150, 'select__drop': ('gill-color', 'stalk-surface-above-ring', 'stalk-surface-below-ring'), 'select__k': 7, 'select__prune': False}",0.9719775820656525,0.9743178170144462,0.9687249398556536,0.9832402234636871,0.9758064516129032,0.9748134028024685,0.004844673734641588,180,0.9731892757102841,0.9765107408150974,0.974,0.9742661841576197,0.9761379586926008,0.9748208318751204,0.0012832762645274625,0.9696485623003195,0.9681020733652312,0.9633173843700159,0.9824561403508771,0.9664536741214057,0.9699955669015699,0.0065744162789096025,177,0.9700837654567211,0.9704708699122107,0.9716679968076616,0.966879489225858,0.9708815317112086,0.969996730622732,0.0016447237264415207,0.9730769230769231,0.9753846153846154,0.97,0.9838461538461538,0.976905311778291,0.9758426008171966,0.00462992276399441,179,0.97422581265628,0.9774956722446624,0.9749951913829583,0.9753798807462973,0.9771153846153846,0.9758423883291165,0.0012568882278076049,0.9978396583270921,0.9983363785662995,0.9977865777506038,0.9992132160740904,0.9984203580363543,0.998319237750888,0.0005144782719751712,161,0.9984249154373698,0.9983116643338572,0.9984406529416664,0.9983179618821993,0.998293378614147,0.998357714641848,6.202377886197746e-05
1.2142951011657714,0.17202184439893584,0.40491604804992676,0.07966378698218887,1,0.1,150,7,False,"('gill-color', 'stalk-surface-above-ring', 'gill-size')","{'model__estimator__max_depth': 1, 'model__learning_rate': 0.1, 'model__n_estimators': 150, 'select__drop': ('gill-color', 'stalk-surface-above-ring', 'gill-size'), 'select__k': 7, 'select__prune': False}",0.9845904298459043,0.9837925445705025,0.9813160032493907,0.9911504424778761,0.9829406986190089,0.9847580237525365,0.0033756015971551094,166,0.9848147398258756,0.9850141757796679,0.9856304391823517,0.9831608845607628,0.9852256628212912,0.9847691804339899,0.0008483933987223502,0.9696485623003195,0.9681020733652312,0.9633173843700159,0.9824561403508771,0.9664536741214057,0.9699955669015699,0.0065744162789096025,177,0.9700837654567211,0.9704708699122107,0.9716679968076616,0.966879489225858,0.9708815317112086,0.969996730622732,0.0016447237264415207,0.9853846153846154,0.9846153846153847,0.9823076923076923,0.9915384615384616,0.9838337182448037,0.9855359744181914,0.003169218459995814,166,0.9855741488747836,0.9857664935564532,0.9863435276014618,0.9840353914214272,0.9859615384615384,0.9855362199831328,0.0007924130601786428,0.9934632777467032,0.9934403075092838,0.9925196281261035,0.9961039976680861,0.9931093905026845,0.9937273203105722,0.0012362077289242346,187,0.993543486854934,0.9938807093202827,0.9941200902460905,0.993278960053984,0.9939681702225229,0.9937582833395628,0.00030523210968443965
0.5641241550445557,0.1001066581390942,0.20671868324279785,0.10762557826921824,1,0.5,50,7,False,"('gill-color', 'stalk-surface-above-ring')","{'model__estimator__max_depth': 1, 'model__learning_rate': 0.5, 'model__n_estimators': 50, 'select__drop': ('gill-color', 'stalk-surface-above-ring'), 'select__k': 7, 'select__prune': False}",0.991207034372502,0.9837925445705025,0.9813160032493907,0.9968,0.9919484702093397,0.989012810480347,0.005666834299118216,147,0.9907926341072858,0.9850141757796679,0.9856304391823517,0.9931699477701889,0.9943842759727236,0.9897982945624436,0.0038378846511128496,0.9904153354632588,0.9681020733652312,0.9633173843700159,0.9936204146730463,0.9840255591054313,0.9798961533953967,0.01208318200365254,151,0.987235739928201,0.9704708699122107,0.9716679968076616,0.9864325618515563,0.988831272437176,0.9809276881873611,0.008095044505184466,0.9915384615384616,0.9846153846153847,0.9823076923076923,0.9969230769230769,0.9923017705927637,0.9895372771954758,0.0053420805750964825,147,0.9911521446432006,0.9857664935564532,0.9863435276014618,0.9934602808232352,0.9946153846153846,0.9902675662479471,0.003620418885324055,0.9996409305941354,0.9997819755386034,0.9994881164819382,0.9999253503202827,0.9995264634534224,0.9996725672776764,0.00016262763445609325,154,0.9996962442753159,0.9997212779192545,0.9997225374289229,0.9997699542634995,0.9996605123922604,0.9997141052558506,3.5868844285393696e-05
0.5811534881591797,0.11771126377608536,0.2964012622833252,0.08944408640391568,1,0.5,50,7,False,"('gill-color', 'stalk-surface-above-ring', 'odor')","{'model__estimator__max_depth': 1, 'model__learning_rate': 0.5, 'model__n_estimators': 50, 'select__drop': ('gill-color', 'stalk-surface-above-ring', 'odor'), 'select__k': 7, 'select__prune': False}",0.9439252336448598,0.9537979639780736,0.9494163424124513,0.9603729603729604,0.957613814756672,0.9530252630330034,0.005856199668410019,212,0.9552996291235604,0.9528265107212476,0.9539242483404919,0.951171875,0.9518799922072861,0.9530204510785172,0.0014674464125802589,0.9680511182108626,0.9712918660287081,0.9728867623604466,0.9856459330143541,0.9744408945686901,0.9744633148366123,0.005978483466500708,171,0.976067012365377,0.9752593774940144,0.9748603351955307,0.9716679968076616,0.974471479856402,0.9744652403437971,0.0014951279340783608,0.9446153846153846,0.9546153846153846,0.95,0.9607692307692308,0.9584295612009238,0.9536859122401848,0.005820651959660774,212,0.9559530678976726,0.9534525870359685,0.9546066551259857,0.9519138295826121,0.9525,0.9536852279284478,0.0014552570448709196,0.9864217252396166,0.990078702090902,0.9856530425076604,0.9909555395986929,0.9908900588182237,0.9887998136510191,0.002289511213481348,197,0.989722239838408,0.9888102197503563,0.9898565759296144,0.9875482651513827,0.9885656219029346,0.9889005845145393,0.0008412098975506868
0.6945607662200928,0.0686885644504407,0.3225436210632324,0.1052598264538944,1,0.5,50,7,False,"('gill-color', 'stalk-surface-above-ring', 'spore-print-color')","{'model__estimator__max_depth': 1, 'model__learning_rate': 0.5, 'model__n_estimators': 50, 'select__drop': ('gill-color', 'stalk-surface-above-ring', 'spore-print-color'), 'select__k': 7, 'select__prune': False}",0.9830781627719581,0.9887459807073955,0.9855305466237942,0.9927826784282278,0.9855072463768116,0.9871289229816375,0.003351809260878549,161,0.9881454691581274,0.9867310012062727,0.987535182951347,0.9857171595252464,0.987540192926045,0.9871338011534077,0.000838910611735157,0.9744408945686901,0.9808612440191388,0.9776714513556619,0.9872408293460925,0.9776357827476039,0.9795700404074374,0.0043396391514859585,153,0.9808536098923015,0.9792498004788508,0.9800478850758181,0.9776536312849162,0.9800558436378142,0.97957215407394,0.0010850848931794985,0.9838461538461538,0.9892307692307692,0.9861538461538462,0.9930769230769231,0.9861431870669746,0.9876901758749334,0.003191252482890622,161,0.9886516637814965,0.9873052510098096,0.9880746297364877,0.9863435276014618,0.9880769230769231,0.9876903990412357,0.0007979305282537491,0.9840741460547398,0.985747835751746,0.9842228494375205,0.991632126378353,0.9865332852280334,0.9864420485700786,0.0027553210460100255,200,0.9870477818127075,0.9866352688193712,0.987014825762396,0.9851472692793144,0.9864441205915675,0.9864578532530714,0.0006939062332972321
0.7094982147216797,0.06195413388620782,0.24536395072937012,0.09114322600218387,1,0.5,50,7,False,"('gill-color', 'stalk-surface-above-ring', 'ring-type')","{'model__estimator__max_depth': 1, 'model__learning_rate': 0.5, 'model__n_estimators': 50, 'select__drop': ('gill-color', 'stalk-surface-above-ring', 'ring-type'), 'select__k': 7, 'select__prune': False}",0.9951845906902087,0.9935794542536116,0.9919614147909968,0.9968,0.9919484702093397,0.9938947859888312,0.001883049018147801,124,0.9935768767563228,0.9939783219590526,0.9943820224719101,0.9931699477701889,0.9943842759727236,0.9938982889860396,0.00047124801569160986,0.9904153354632588,0.9872408293460925,0.9840510366826156,0.9936204146730463,0.9840255591054313,0.9878706350540888,0.0037230649158761196,135,0.987235739928201,0.9880287310454908,0.9888268156424581,0.9864325618515563,0.988831272437176,0.9878710241809763,0.0009309398951034156,0.9953846153846154,0.9938461538461538,0.9923076923076923,0.9969230769230769,0.9923017705927637,0.9941526618108604,0.0017953588723796517,124,0.9938449701865744,0.9942296595499135,0.9946143489132525,0.9934602808232352,0.9946153846153846,0.994152928817672,0.00044883432074176773,0.9998151325831193,0.9997819755386034,0.9996563744901901,0.9999383843913445,0.9998219787418882,0.9998027691490291,9.030739424844192e-05,141,0.9998103378889778,0.9998155188779755,0.9998402645385202,0.99976573120167,0.9998112970278097,0.9998086299069907,2.4077115638532966e-05
0.6544258117675781,0.06833012882723366,0.24478769302368164,0.05609135914984859,1,0.5,50,7,False,"('gill-color', 'stalk-surface-above-ring', 'stalk-surface-below-ring')","{'model__estimator__max_depth': 1, 'model__learning_rate': 0.5, 'model__n_estimators': 50, 'select__drop': ('gill-color', 'stalk-surface-above-ring', 'stalk-surface-below-ring'), 'select__k': 7, 'select__prune': False}",0.991207034372502,0.9837925445705025,0.9813160032493907,0.9968,0.9919484702093397,0.989012810480347,0.005666834299118216,147,0.9907926341072858,0.9850141757796679,0.9856304391823517,0.9931699477701889,0.9943842759727236,0.9897982945624436,0.0038378846511128496,0.9904153354632588,0.9681020733652312,0.9633173843700159,0.9936204146730463,0.9840255591054313,0.9798961533953967,0.01208318200365254,151,0.987235739928201,0.9704708699122107,0.9716679968076616,0.9864325618515563,0.988831272437176,0.9809276881873611,0.008095044505184466,0.9915384615384616,0.9846153846153847,0.9823076923076923,0.9969230769230769,0.9923017705927637,0.9895372771954758,0.0053420805750964825,147,0.9911521446432006,0.9857664935564532,0.9863435276014618,0.9934602808232352,0.9946153846153846,0.9902675662479471,0.003620418885324055,0.9996409305941354,0.9997819755386034,0.999605423121494,0.9999253503202827,0.9995264634534224,0.9996960286055876,0.00014140212839143965,152,0.9996962442753159,0.9997212779192545,0.9997661016456901,0.9997699542634995,0.9996605123922604,0.999722818099204,4.167931086033342e-05
0.6641703605651855,0.05123355377536967,0.28872227668762207,0.06773949813510374,1,0.5,50,7,False,"('gill-color', 'stalk-surface-above-ring', 'gill-size')","{'model__estimator__max_depth': 1, 'model__learning_rate': 0.5, 'model__n_estimators': 50, 'select__drop': ('gill-color', 'stalk-surface-above-ring', 'gill-size'), 'select__k': 7, 'select__prune': False}",0.9845904298459043,0.9837925445705025,0.9813160032493907,0.9968,0.9829406986190089,0.9858879352569613,0.0055630226578511546,162,0.9848147398258756,0.9850141757796679,0.9856304391823517,0.9931699477701889,0.9852256628212912,0.9867709930758751,0.003210883484339786,0.9696485623003195,0.9681020733652312,0.9633173843700159,0.9936204146730463,0.9664536741214057,0.9722284217660035,0.010900037471070287,174,0.9700837654567211,0.9704708699122107,0.9716679968076616,0.9864325618515563,0.9708815317112086,0.9739073451478717,0.006284590760207731,0.9853846153846154,0.9846153846153847,0.9823076923076923,0.9969230769230769,0.9838337182448037,0.9866128974951145,0.005254658190512545,162,0.9855741488747836,0.9857664935564532,0.9863435276014618,0.9934602808232352,0.9859615384615384,0.9874211978634945,0.0030302520709821596,0.9984783989533661,0.9996492649968837,0.9990887999412282,0.9994217612110784,0.9981082274304649,0.9989492905066044,0.0005765035453374692,158,0.9990807314556389,0.9987803501081252,0.9989186739052416,0.9988196171742589,0.9991552801802187,0.9989509305646967,0.0001455942494777904
1.2550666332244873,0.15125558520720964,0.34295172691345216,0.03599916084477273,1,0.5,150,7,False,"('gill-color', 'stalk-surface-above-ring')","{'model__estimator__max_depth': 1, 'model__learning_rate': 0.5, 'model__n_estimators': 150, 'select__drop': ('gill-color', 'stalk-surface-above-ring'), 'select__k': 7, 'select__prune': False}",0.9975980784627703,1.0,0.9992019154030327,0.9992019154030327,0.9975980784627703,0.9987199975463212,0.0009612804775641835,56,0.9990017967658216,0.9984012789768185,0.9986013986013986,0.9986013986013986,0.9990017967658216,0.9987215339422519,0.00024021771112017916,0.9952076677316294,1.0,0.9984051036682615,0.9984051036682615,0.9952076677316294,0.9974451085599563,0.0019174427974193607,60,0.9980055843637814,0.9968076616121309,0.9972067039106145,0.9972067039106145,0.9980055843637814,0.9974464476321845,0.0004792221724257249,0.9976923076923077,1.0,0.9992307692307693,0.9992307692307693,0.9976905311778291,0.9987688754663351,0.0009234916234883537,56,0.9990382765916522,0.9984612425466436,0.9986535872283131,0.9986535872283131,0.9990384615384615,0.9987690310266768,0.0002308567800788867,0.9999644485736767,0.9999999999999999,0.9999905206755914,0.9999976301688979,0.9999715165987021,0.9999848232033737,1.4275895590933784e-05,85,0.9999918504561671,0.9999834041078982,0.9999875530809237,0.9999844413511545,0.9999911128898498,0.9999876723771987,3.404859905768331e-06
1.2003850936889648,0.132010353838703,0.29669919013977053,0.04690271637492681,1,0.5,150,7,False,"('gill-color', 'stalk-surface-above-ring', 'odor')","{'model__estimator__max_depth': 1, 'model__learning_rate': 0.5, 'model__n_estimators': 150, 'select__drop': ('gill-color', 'stalk-surface-above-ring', 'odor'), 'select__k': 7, 'select__prune': False}",0.9679437060203284,0.9748822605965463,0.9681429681429682,0.9735202492211839,0.9756480754124116,0.9720274518786877,0.0033242588835112165,196,0.9749412685982772,0.9732055544690006,0.9678800856531049,0.9735449735449735,0.973015252248729,0.9725174269028172,0.002414835156076459,0.9888178913738019,0.9904306220095693,0.9936204146730463,0.9968102073365231,0.9920127795527156,0.9923383829891312,0.0027488269861538294,124,0.9932189868368568,0.9928172386272945,0.9920191540303273,0.99122106943336,0.9924212205823694,0.9923395339020414,0.0006873016823389953,0.9684615384615385,0.9753846153846154,0.9684615384615385,0.9738461538461538,0.9761354888375674,0.9724578669982826,0.003345426203904342,197,0.9753798807462973,0.9736487786112714,0.9682631275245239,0.9740334679746105,0.9734615384615385,0.9729573586636484,0.0024410935783029095,0.993174126145941,0.9956418806031694,0.994273303141685,0.9959641776330601,0.995868720003418,0.9949844415054546,0.0010915142676314786,173,0.995356167663677,0.9947541422309443,0.99507924390301,0.9946753117434607,0.9951797055137557,0.9950089142109695,0.00025725483989270194
1.1938775539398194,0.13128557169213015,0.2840908050537109,0.03890684086801761,1,0.5,150,7,False,"('gill-color', 'stalk-surface-above-ring', 'spore-print-color')","{'model__estimator__max_depth': 1, 'model__learning_rate': 0.5, 'model__n_estimators': 150, 'select__drop': ('gill-color', 'stalk-surface-above-ring', 'spore-print-color'), 'select__k': 7, 'select__prune': False}",0.9830781627719581,0.9837925445705025,0.9813160032493907,0.9911504424778761,0.9855072463768116,0.9849688798893078,0.0033705678529830567,165,0.9881454691581274,0.9850141757796679,0.9856304391823517,0.9831608845607628,0.987540192926045,0.9858982323213908,0.0017940150458966074,0.9744408945686901,0.9681020733652312,0.9633173843700159,0.9824561403508771,0.9776357827476039,0.9731904550804836,0.006790384587720028,173,0.9808536098923015,0.9704708699122107,0.9716679968076616,0.966879489225858,0.9800558436378142,0.9739855618951692,0.005517949622413046,0.9838461538461538,0.9846153846153847,0.9823076923076923,0.9915384615384616,0.9861431870669746,0.9856901758749335,0.0031750418239521365,165,0.9886516637814965,0.9857664935564532,0.9863435276014618,0.9840353914214272,0.9880769230769231,0.9865747998875524,0.0016568149602807774,0.9895111441871048,0.9904401013339779,0.9897824732031347,0.9946726196823953,0.9912733979273578,0.9911359472667941,0.001869921020275827,193,0.9915706304664917,0.9913455386241236,0.9915129052324181,0.9902536178303895,0.9911416988984871,0.9911648782103819,0.00047944314514711755
1.1660396099090575,0.1357368670050202,0.2718170166015625,0.03545800839734287,1,0.5,150,7,False,"('gill-color', 'stalk-surface-above-ring', 'ring-type')","{'model__estimator__max_depth': 1, 'model__learning_rate': 0.5, 'model__n_estimators': 150, 'select__drop': ('gill-color', 'stalk-surface-above-ring', 'ring-type'), 'select__k': 7, 'select__prune': False}",0.9975980784627703,1.0,0.9992019154030327,0.9992019154030327,0.9975980784627703,0.9987199975463212,0.0009612804775641835,56,0.9990017967658216,0.9984012789768185,0.9986013986013986,0.9986013986013986,0.9990017967658216,0.9987215339422519,0.00024021771112017916,0.9952076677316294,1.0,0.9984051036682615,0.9984051036682615,0.9952076677316294,0.9974451085599563,0.0019174427974193607,60,0.9980055843637814,0.9968076616121309,0.9972067039106145,0.9972067039106145,0.9980055843637814,0.9974464476321845,0.0004792221724257249,0.9976923076923077,1.0,0.9992307692307693,0.9992307692307693,0.9976905311778291,0.9987688754663351,0.0009234916234883537,56,0.9990382765916522,0.9984612425466436,0.9986535872283131,0.9986535872283131,0.9990384615384615,0.9987690310266768,0.0002308567800788867,0.9999822242868384,1.0,0.9999952603377957,0.9999988150844489,0.9999857582993511,0.999992411601687,7.137947795462817e-06,62,0.9999959252280834,0.999991702053949,0.9999937765404618,0.9999922206755772,0.9999955564449249,0.9999938361885994,1.702429952870836e-06
1.232724952697754,0.13943142761575725,0.33072352409362793,0.04258898556213883,1,0.5,150,7,False,"('gill-color', 'stalk-surface-above-ring', 'stalk-surface-below-ring')","{'model__estimator__max_depth': 1, 'model__learning_rate': 0.5, 'model__n_estimators': 150, 'select__drop': ('gill-color', 'stalk-surface-above-ring', 'stalk-surface-below-ring'), 'select__k': 7, 'select__prune': False}",0.9951845906902087,0.9935794542536116,0.9919614147909968,0.9968,0.9919484702093397,0.9938947859888312,0.001883049018147801,124,0.9935768767563228,0.9939783219590526,0.9943820224719101,0.9931699477701889,0.9943842759727236,0.9938982889860396,0.00047124801569160986,0.9904153354632588,0.9872408293460925,0.9840510366826156,0.9936204146730463,0.9840255591054313,0.9878706350540888,0.0037230649158761196,135,0.987235739928201,0.9880287310454908,0.9888268156424581,0.9864325618515563,0.988831272437176,0.9878710241809763,0.0009309398951034156,0.9953846153846154,0.9938461538461538,0.9923076923076923,0.9969230769230769,0.9923017705927637,0.9941526618108604,0.0017953588723796517,124,0.9938449701865744,0.9942296595499135,0.9946143489132525,0.9934602808232352,0.9946153846153846,0.994152928817672,0.00044883432074176773,0.9999146765768243,0.9999526033779572,0.9998826933604442,0.999982226266734,0.9998920004367455,0.999924840003741,3.7475485524551495e-05,110,0.999934210955239,0.9999239848870694,0.9999403585127591,0.9999119084120132,0.999938901117717,0.9999298727769595,1.0655205658841333e-05
1.2133762836456299,0.20749660485380295,0.35239105224609374,0.09879200192252038,1,0.5,150,7,False,"('gill-color', 'stalk-surface-above-ring', 'gill-size')","{'model__estimator__max_depth': 1, 'model__learning_rate': 0.5, 'model__n_estimators': 150, 'select__drop': ('gill-color', 'stalk-surface-above-ring', 'gill-size'), 'select__k': 7, 'select__prune': False}",0.9951845906902087,0.9935794542536116,0.9919614147909968,0.9968,0.9919484702093397,0.9938947859888312,0.001883049018147801,124,0.9935768767563228,0.9939783219590526,0.9943820224719101,0.9931699477701889,0.9943842759727236,0.9938982889860396,0.00047124801569160986,0.9904153354632588,0.9872408293460925,0.9840510366826156,0.9936204146730463,0.9840255591054313,0.9878706350540888,0.0037230649158761196,135,0.987235739928201,0.9880287310454908,0.9888268156424581,0.9864325618515563,0.988831272437176,0.9878710241809763,0.0009309398951034156,0.9953846153846154,0.9938461538461538,0.9923076923076923,0.9969230769230769,0.9923017705927637,0.9941526618108604,0.0017953588723796517,124,0.9938449701865744,0.9942296595499135,0.9946143489132525,0.9934602808232352,0.9946153846153846,0.994152928817672,0.00044883432074176773,0.9994489528919901,1.0,0.9997997492718694,0.9998412213161567,0.9993698047462841,0.9996919456452602,0.00024150468742480588,153,0.9997651449640858,0.9996236288755482,0.9996784545905275,0.9996603028335411,0.9997733786911687,0.9997001819909741,5.916206792196381e-05
0.47174897193908694,0.08398096324576308,0.22781310081481934,0.11205452586605309,1,1.0,50,7,False,"('gill-color', 'stalk-surface-above-ring')","{'model__estimator__max_depth': 1, 'model__learning_rate': 1.0, 'model__n_estimators': 50, 'select__drop': ('gill-color', 'stalk-surface-above-ring'), 'select__k': 7, 'select__prune': False}",0.9975980784627703,1.0,0.9992019154030327,0.9992019154030327,0.9975980784627703,0.9987199975463212,0.0009612804775641835,56,0.9990017967658216,0.9984012789768185,0.9986013986013986,0.9986013986013986,0.9990017967658216,0.9987215339422519,0.00024021771112017916,0.9952076677316294,1.0,0.9984051036682615,0.9984051036682615,0.9952076677316294,0.9974451085599563,0.0019174427974193607,60,0.9980055843637814,0.9968076616121309,0.9972067039106145,0.9972067039106145,0.9980055843637814,0.9974464476321845,0.0004792221724257249,0.9976923076923077,1.0,0.9992307692307693,0.9992307692307693,0.9976905311778291,0.9987688754663351,0.0009234916234883537,56,0.9990382765916522,0.9984612425466436,0.9986535872283131,0.9986535872283131,0.9990384615384615,0.9987690310266768,0.0002308567800788867,0.9999431177178828,1.0,0.9999786715200807,0.9999928905066936,0.9999501540477287,0.9999729667584771,2.267898230200984e-05,94,0.9999822191770916,0.999991702053949,0.9999761434051037,0.9999699199455655,0.999981485187187,0.9999802939537794,7.2127300246972115e-06
0.6341488361358643,0.0708170920463256,0.19408698081970216,0.06945291853699284,1,1.0,50,7,False,"('gill-color', 'stalk-surface-above-ring', 'odor')","{'model__estimator__max_depth': 1, 'model__learning_rate': 1.0, 'model__n_estimators': 50, 'select__drop': ('gill-color', 'stalk-surface-above-ring', 'odor'), 'select__k': 7, 'select__prune': False}",0.9679437060203284,0.9748822605965463,0.975724353954581,0.9735202492211839,0.9756480754124116,0.9735437290410103,0.002909841044586001,183,0.9749412685982772,0.9732055544690006,0.9729941291585127,0.9735449735449735,0.973015252248729,0.9735402356038986,0.0007278416221097824,0.9888178913738019,0.9904306220095693,0.9936204146730463,0.9968102073365231,0.9920127795527156,0.9923383829891312,0.0027488269861538294,124,0.9932189868368568,0.9928172386272945,0.9920191540303273,0.99122106943336,0.9924212205823694,0.9923395339020414,0.0006873016823389953,0.9684615384615385,0.9753846153846154,0.9761538461538461,0.9738461538461538,0.9761354888375674,0.9739963285367441,0.0028918742381709842,183,0.9753798807462973,0.9736487786112714,0.9734564339296018,0.9740334679746105,0.9734615384615385,0.9739960199446639,0.0007230315539885031,0.9936754012570984,0.9963409807782999,0.9942898919594001,0.9962852897473996,0.9955387872717174,0.9952260702027832,0.0010717991866757725,169,0.995752161407198,0.9955500041637908,0.9950968770383684,0.9951042118299668,0.9947871914821196,0.9952580891842888,0.00034662197240849707
0.648020601272583,0.05660276729684742,0.19611787796020508,0.06719555734861664,1,1.0,50,7,False,"('gill-color', 'stalk-surface-above-ring', 'spore-print-color')","{'model__estimator__max_depth': 1, 'model__learning_rate': 1.0, 'model__n_estimators': 50, 'select__drop': ('gill-color', 'stalk-surface-above-ring', 'spore-print-color'), 'select__k': 7, 'select__prune': False}",0.9845904298459043,0.9837925445705025,0.9813160032493907,0.9911504424778761,0.9829406986190089,0.9847580237525365,0.0033756015971551094,166,0.9848147398258756,0.9850141757796679,0.9856304391823517,0.9831608845607628,0.9852256628212912,0.9847691804339899,0.0008483933987223502,0.9696485623003195,0.9681020733652312,0.9633173843700159,0.9824561403508771,0.9664536741214057,0.9699955669015699,0.0065744162789096025,177,0.9700837654567211,0.9704708699122107,0.9716679968076616,0.966879489225858,0.9708815317112086,0.969996730622732,0.0016447237264415207,0.9853846153846154,0.9846153846153847,0.9823076923076923,0.9915384615384616,0.9838337182448037,0.9855359744181914,0.003169218459995814,166,0.9855741488747836,0.9857664935564532,0.9863435276014618,0.9840353914214272,0.9859615384615384,0.9855362199831328,0.0007924130601786428,0.9896936415088973,0.9917387687779492,0.9902753980723793,0.9948550966772598,0.9915166936467773,0.9916159197366528,0.0017893773706912177,192,0.991857420322651,0.9924605751247136,0.9917709565368404,0.9905839798075411,0.9914186804981698,0.9916183224579832,0.000616372636669339
0.6225574016571045,0.07806234299380933,0.23290939331054689,0.05431711234951032,1,1.0,50,7,False,"('gill-color', 'stalk-surface-above-ring', 'ring-type')","{'model__estimator__max_depth': 1, 'model__learning_rate': 1.0, 'model__n_estimators': 50, 'select__drop': ('gill-color', 'stalk-surface-above-ring', 'ring-type'), 'select__k': 7, 'select__prune': False}",0.9975980784627703,1.0,0.9992019154030327,0.9992019154030327,0.9975980784627703,0.9987199975463212,0.0009612804775641835,56,0.9990017967658216,0.9984012789768185,0.9986013986013986,0.9986013986013986,0.9990017967658216,0.9987215339422519,0.00024021771112017916,0.9952076677316294,1.0,0.9984051036682615,0.9984051036682615,0.9952076677316294,0.9974451085599563,0.0019174427974193607,60,0.9980055843637814,0.9968076616121309,0.9972067039106145,0.9972067039106145,0.9980055843637814,0.9974464476321845,0.0004792221724257249,0.9976923076923077,1.0,0.9992307692307693,0.9992307692307693,0.9976905311778291,0.9987688754663351,0.0009234916234883537,56,0.9990382765916522,0.9984612425466436,0.9986535872283131,0.9986535872283131,0.9990384615384615,0.9987690310266768,0.0002308567800788867,0.9999822242868384,1.0,0.9999952603377957,0.999998815084449,0.9999857582993511,0.999992411601687,7.137947795482736e-06,62,0.9999959252280836,0.999991702053949,0.9999937765404618,0.9999922206755772,0.9999955564449249,0.9999938361885994,1.7024299528980828e-06
0.5911869049072266,0.05498357762425542,0.21809859275817872,0.05814916890192057,1,1.0,50,7,False,"('gill-color', 'stalk-surface-above-ring', 'stalk-surface-below-ring')","{'model__estimator__max_depth': 1, 'model__learning_rate': 1.0, 'model__n_estimators': 50, 'select__drop': ('gill-color', 'stalk-surface-above-ring', 'stalk-surface-below-ring'), 'select__k': 7, 'select__prune': False}",0.9912490055688147,0.9935794542536116,0.9920760697305864,0.9968,0.9919484702093397,0.9931305999524703,0.0019857406192919065,133,0.9942380290085436,0.9939783219590526,0.9940334128878282,0.9931699477701889,0.9943842759727236,0.9939607975196674,0.0004212397708067422,0.9952076677316294,0.9872408293460925,0.9984051036682615,0.9936204146730463,0.9840255591054313,0.9916999149048922,0.0052864238680376706,127,0.9980055843637814,0.9880287310454908,0.9972067039106145,0.9864325618515563,0.988831272437176,0.9917009707217238,0.004889537721097321,0.9915384615384616,0.9938461538461538,0.9923076923076923,0.9969230769230769,0.9923017705927637,0.9933834310416298,0.0019222029537916865,133,0.994422004231583,0.9942296595499135,0.9942296595499135,0.9934602808232352,0.9946153846153846,0.9941913977540059,0.0003925312987862046,0.9999146765768243,0.9999526033779573,0.9998826933604442,0.999982226266734,0.9998920004367454,0.999924840003741,3.7475485524587395e-05,110,0.9999342109552392,0.999939988068739,0.9999403585127592,0.9999119084120132,0.999938901117717,0.9999330734132934,1.0808316741074936e-05
0.6137359142303467,0.04009878384022679,0.23068227767944335,0.10267239354334878,1,1.0,50,7,False,"('gill-color', 'stalk-surface-above-ring', 'gill-size')","{'model__estimator__max_depth': 1, 'model__learning_rate': 1.0, 'model__n_estimators': 50, 'select__drop': ('gill-color', 'stalk-surface-above-ring', 'gill-size'), 'select__k': 7, 'select__prune': False}",0.9951845906902087,0.9935794542536116,0.9919614147909968,0.9968,0.9975980784627703,0.9950247076395173,0.0020626188874499013,117,0.9935768767563228,0.9939783219590526,0.9943820224719101,0.9931699477701889,0.9990017967658216,0.9948217931446592,0.00212864661762337,0.9904153354632588,0.9872408293460925,0.9840510366826156,0.9936204146730463,0.9952076677316294,0.9901070567793285,0.0040827831349184275,130,0.987235739928201,0.9880287310454908,0.9888268156424581,0.9864325618515563,0.9980055843637814,0.9897058865662973,0.004225798834812333,0.9953846153846154,0.9938461538461538,0.9923076923076923,0.9969230769230769,0.9976905311778291,0.9952304139278736,0.001969748239295497,117,0.9938449701865744,0.9942296595499135,0.9946143489132525,0.9934602808232352,0.9990384615384615,0.9950375442022874,0.00203711089265923,0.9995058351741072,1.0,0.99981159842738,0.9998672894582803,0.9994516945250155,0.9997272835169566,0.00021263753614029511,147,0.9998010770437129,0.9996787509457435,0.999691420131232,0.9997074974017056,0.9998067053542321,0.9997370901753252,5.532728684195528e-05
1.210237741470337,0.15094396714107763,0.29026079177856445,0.03218597045837803,1,1.0,150,7,False,"('gill-color', 'stalk-surface-above-ring')","{'model__estimator__max_depth': 1, 'model__learning_rate': 1.0, 'model__n_estimators': 150, 'select__drop': ('gill-color', 'stalk-surface-above-ring'), 'select__k': 7, 'select__prune': False}",1.0,1.0,1.0,1.0,1.0,1.0,0.0,1,1.0,1.0,1.0,1.0,1.0,1.0,0.0,1.0,1.0,1.0,1.0,1.0,1.0,0.0,1,1.0,1.0,1.0,1.0,1.0,1.0,0.0,1.0,1.0,1.0,1.0,1.0,1.0,0.0,1,1.0,1.0,1.0,1.0,1.0,1.0,0.0,1.0,1.0,1.0,0.9999999999999999,1.0,1.0,4.965068306494546e-17,1,1.0,1.0,0.9999999999999999,1.0,1.0,1.0,4.965068306494546e-17
1.1823660850524902,0.1780393009532609,0.29341826438903806,0.0543136795262585,1,1.0,150,7,False,"('gill-color', 'stalk-surface-above-ring', 'odor')","{'model__estimator__max_depth': 1, 'model__learning_rate': 1.0, 'model__n_estimators': 150, 'select__drop': ('gill-color', 'stalk-surface-above-ring', 'odor'), 'select__k': 7, 'select__prune': False}",0.973561430793157,0.9796875,0.9789227166276346,0.9751166407465007,0.9796557120500783,0.9773888000434742,0.002552930663847978,178,0.9783414634146341,0.9768076398362893,0.9769980506822612,0.9779512195121951,0.976816676407559,0.9773830099705878,0.0006389793795268202,1.0,1.0,1.0,1.0,1.0,1.0,0.0,1,1.0,1.0,1.0,1.0,1.0,1.0,0.0,0.9738461538461538,0.98,0.9792307692307692,0.9753846153846154,0.9799846035411856,0.9776892284005448,0.0025715840929733556,178,0.9786497403346798,0.9771109828813234,0.9773033275629929,0.9782650509713406,0.9771153846153846,0.9776888972731441,0.0006429211906784203,0.9956532456082138,0.9973694874766276,0.9967426671501122,0.9971135457175967,0.9973095053857365,0.9968376902676572,0.0006314194407096104,167,0.9971006145645092,0.9967847681716869,0.9969320567140905,0.9969379838184125,0.9968904742176787,0.9969291794972757,0.00010181208803634646
1.2053696155548095,0.11391847357903287,0.3146092891693115,0.03237234355643177,1,1.0,150,7,False,"('gill-color', 'stalk-surface-above-ring', 'spore-print-color')","{'model__estimator__max_depth': 1, 'model__learning_rate': 1.0, 'model__n_estimators': 150, 'select__drop': ('gill-color', 'stalk-surface-above-ring', 'spore-print-color'), 'select__k': 7, 'select__prune': False}",0.9870550161812298,0.9903381642512077,0.9887096774193549,0.9935794542536116,0.9829406986190089,0.9885246021448826,0.0035274481343507053,157,0.9903342730567861,0.989516129032258,0.9899234179766223,0.9887005649717514,0.9852256628212912,0.9887400095717418,0.0018382971407446946,0.9744408945686901,0.9808612440191388,0.9776714513556619,0.9872408293460925,0.9664536741214057,0.9773336186821979,0.006891329929914175,168,0.9808536098923015,0.9792498004788508,0.9800478850758181,0.9776536312849162,0.9708815317112086,0.977737291688619,0.0035873780876598286,0.9876923076923076,0.9907692307692307,0.9892307692307692,0.9938461538461538,0.9838337182448037,0.9890744359566531,0.003317874676376784,157,0.9907674552798615,0.9899980765531833,0.9903827659165224,0.9892286978265051,0.9859615384615384,0.9892677068075221,0.0017296423384509595,0.9934620926991592,0.9939569306895497,0.9935161421045522,0.9964867253910814,0.9947032741669792,0.9944250330102644,0.0011225373150416992,185,0.9946877568958477,0.9944525267097546,0.9946756821874808,0.9939440552477248,0.9943837166812982,0.9944287475444213,0.0002704005961101923
1.1218969345092773,0.1475979642857151,0.34337916374206545,0.06565796517515239,1,1.0,150,7,False,"('gill-color', 'stalk-surface-above-ring', 'ring-type')","{'model__estimator__max_depth': 1, 'model__learning_rate': 1.0, 'model__n_estimators': 150, 'select__drop': ('gill-color', 'stalk-surface-above-ring', 'ring-type'), 'select__k': 7, 'select__prune': False}",0.9975980784627703,1.0,0.9992019154030327,0.9992019154030327,0.9975980784627703,0.9987199975463212,0.0009612804775641835,56,0.9990017967658216,0.9984012789768185,0.9986013986013986,0.9986013986013986,0.9990017967658216,0.9987215339422519,0.00024021771112017916,0.9952076677316294,1.0,0.9984051036682615,0.9984051036682615,0.9952076677316294,0.9974451085599563,0.0019174427974193607,60,0.9980055843637814,0.9968076616121309,0.9972067039106145,0.9972067039106145,0.9980055843637814,0.9974464476321845,0.0004792221724257249,0.9976923076923077,1.0,0.9992307692307693,0.9992307692307693,0.9976905311778291,0.9987688754663351,0.0009234916234883537,56,0.9990382765916522,0.9984612425466436,0.9986535872283131,0.9986535872283131,0.9990384615384615,0.9987690310266768,0.0002308567800788867,0.9999822242868385,1.0,0.9999952603377958,0.999998815084449,0.9999857582993511,0.999992411601687,7.137947795459908e-06,62,0.9999959252280836,0.9999917020539492,0.9999937765404618,0.9999922206755772,0.999995556444925,0.9999938361885994,1.7024299528926849e-06
1.240981388092041,0.18033690173411518,0.35571846961975095,0.08642917173575589,1,1.0,150,7,False,"('gill-color', 'stalk-surface-above-ring', 'stalk-surface-below-ring')","{'model__estimator__max_depth': 1, 'model__learning_rate': 1.0, 'model__n_estimators': 150, 'select__drop': ('gill-color', 'stalk-surface-above-ring', 'stalk-surface-below-ring'), 'select__k': 7, 'select__prune': False}",0.9912490055688147,0.9935794542536116,0.9927710843373494,0.9968,0.9920382165605095,0.993287552144057,0.0019186321855632817,132,0.9942380290085436,0.9955911823647294,0.9957924263674615,0.9931699477701889,0.9940405244338498,0.9945664219889547,0.0009887134059576555,0.9952076677316294,0.9872408293460925,0.9856459330143541,0.9936204146730463,0.9952076677316294,0.9913845024993504,0.004106913560577001,128,0.9980055843637814,0.99122106943336,0.9916201117318436,0.9864325618515563,0.9980055843637814,0.9930569823488644,0.004433857104883084,0.9915384615384616,0.9938461538461538,0.9930769230769231,0.9969230769230769,0.9923017705927637,0.9935372771954759,0.0018597156283312044,132,0.994422004231583,0.9957684170032699,0.9959607616849394,0.9934602808232352,0.9942307692307693,0.9947684465947593,0.0009530973755819173,0.9999146765768242,0.9999526033779572,0.9999040218403634,0.9999822262667339,0.9998920004367454,0.9999291056997249,3.3430930739654364e-05,109,0.9999342109552392,0.9999559912504087,0.9999642151076555,0.9999119084120132,0.999938901117717,0.9999410453686067,1.8223531205122724e-05
1.1890854835510254,0.13229416261990068,0.35415010452270507,0.03923586899269743,1,1.0,150,7,False,"('gill-color', 'stalk-surface-above-ring', 'gill-size')","{'model__estimator__max_depth': 1, 'model__learning_rate': 1.0, 'model__n_estimators': 150, 'select__drop': ('gill-color', 'stalk-surface-above-ring', 'gill-size'), 'select__k': 7, 'select__prune': False}",0.9952076677316294,0.9968203497615262,0.9992019154030327,0.9960222752585521,0.9975980784627703,0.9969700573235022,0.001371300208475782,114,0.9966142202748457,0.9962113659022931,0.9986013986013986,0.9964114832535885,0.9990017967658216,0.9973680529595896,0.00118418533719305,0.9952076677316294,1.0,0.9984051036682615,0.9984051036682615,0.9952076677316294,0.9974451085599563,0.0019174427974193607,60,0.9980055843637814,0.9968076616121309,0.9972067039106145,0.9972067039106145,0.9980055843637814,0.9974464476321845,0.0004792221724257249,0.9953846153846154,0.9969230769230769,0.9992307692307693,0.9961538461538462,0.9976905311778291,0.9970765677740273,0.0013232696244642528,114,0.9967301404116177,0.9963454510482785,0.9986535872283131,0.996537795729948,0.9990384615384615,0.9974610871913239,0.0011438147131689405,0.9995840483120183,0.9999241654047316,0.9998874330226485,0.9998980972626081,0.9995549468547205,0.9997697381713454,0.00016419009610738693,143,0.9998466404024156,0.9998841251105035,0.9997738809701129,0.9997692133754592,0.9998496597199583,0.9998247039156899,4.5380726882330655e-05
0.5384919166564941,0.08722616160961134,0.20649971961975097,0.08631991107938436,2,0.1,50,7,False,"('gill-color', 'stalk-surface-above-ring')","{'model__estimator__max_depth': 2, 'model__learning_rate': 0.1, 'model__n_estimators': 50, 'select__drop': ('gill-color', 'stalk-surface-above-ring'), 'select__k': 7, 'select__prune': False}",0.9975980784627703,1.0,0.9992019154030327,0.9992019154030327,0.9919484702093397,0.9975900758956351,0.002926826477423472,109,0.9990017967658216,0.9984012789768185,0.9986013986013986,0.9986013986013986,0.9943842759727236,0.9977980297836323,0.0017179919983923693,0.9952076677316294,1.0,0.9984051036682615,0.9984051036682615,0.9840255591054313,0.9952086868347167,0.005804363700586603,119,0.9980055843637814,0.9968076616121309,0.9972067039106145,0.9972067039106145,0.988831272437176,0.9956115852468634,0.0034124266832698848,0.9976923076923077,1.0,0.9992307692307693,0.9992307692307693,0.9923017705927637,0.9976911233493219,0.002797036102943683,109,0.9990382765916522,0.9984612425466436,0.9986535872283131,0.9986535872283131,0.9946153846153846,0.9978844156420614,0.0016452317818720994,0.9998293531536485,1.0,0.9999514184624062,0.9999585279557126,0.9998575829935106,0.9999193765130556,6.478010948444622e-05,114,0.999938507987442,0.999911686145601,0.9999268743504264,0.9999237626206573,0.9999355684514107,0.9999272799111075,9.491795749810252e-06
0.6147404193878174,0.06776742612742019,0.23311429023742675,0.1128531219268668,2,0.1,50,7,False,"('gill-color', 'stalk-surface-above-ring', 'odor')","{'model__estimator__max_depth': 2, 'model__learning_rate': 0.1, 'model__n_estimators': 50, 'select__drop': ('gill-color', 'stalk-surface-above-ring', 'odor'), 'select__k': 7, 'select__prune': False}",0.9505882352941176,0.9583005507474429,0.957613814756672,0.9641185647425897,0.9636650868878357,0.9588572504857314,0.004919946703550179,211,0.9609267622226586,0.9589954875416912,0.9591676482135846,0.9575304758159654,0.9576636613092905,0.958856807020638,0.0012315291491084926,0.9680511182108626,0.9712918660287081,0.9728867623604466,0.9856459330143541,0.9744408945686901,0.9744633148366123,0.005978483466500708,171,0.976067012365377,0.9752593774940144,0.9748603351955307,0.9716679968076616,0.974471479856402,0.9744652403437971,0.0014951279340783608,0.9515384615384616,0.9592307692307692,0.9584615384615385,0.9646153846153847,0.9645881447267128,0.9596868597145732,0.004825324362302661,211,0.9617234083477592,0.9597999615310636,0.9599923062127332,0.9584535487593768,0.9584615384615385,0.9596861526624941,0.0012063237961008656,0.9903785989893915,0.9925729493259016,0.9901237288818426,0.9936014560242291,0.9930322479575028,0.9919417962357734,0.0014206241113357528,191,0.9921878472816975,0.9920091520417837,0.9920949468768457,0.9922785389332219,0.9923424955982884,0.9921825961463673,0.00012047047717909659
0.6432354927062989,0.10962634040474115,0.1983893871307373,0.05439690346330168,2,0.1,50,7,False,"('gill-color', 'stalk-surface-above-ring', 'spore-print-color')","{'model__estimator__max_depth': 2, 'model__learning_rate': 0.1, 'model__n_estimators': 50, 'select__drop': ('gill-color', 'stalk-surface-above-ring', 'spore-print-color'), 'select__k': 7, 'select__prune': False}",0.9744408945686901,0.984,0.9823717948717948,0.9935794542536116,0.9886914378029079,0.9846167162994008,0.0064171860822679816,173,0.9787064676616916,0.9839615076182838,0.9843687374749499,0.9887005649717514,0.9899274778404512,0.9851329511134255,0.0039742004750952095,0.9744408945686901,0.9808612440191388,0.9776714513556619,0.9872408293460925,0.9776357827476039,0.9795700404074374,0.0043396391514859585,153,0.9808536098923015,0.9792498004788508,0.9800478850758181,0.9776536312849162,0.9800558436378142,0.97957215407394,0.0010850848931794985,0.9753846153846154,0.9846153846153847,0.9830769230769231,0.9938461538461538,0.9892224788298691,0.9852291111505892,0.00619875924503964,173,0.9794191190613579,0.9846124254664359,0.9849971148297749,0.9892286978265051,0.9903846153846154,0.9857283945137378,0.003886376968449724,0.9866907310321291,0.9880133942853893,0.987077311000045,0.9929390882311818,0.9891656262313138,0.9887772301560119,0.002249380497701691,198,0.9891648110402314,0.9889465431497639,0.989286833026655,0.9878383228191443,0.9887681739551091,0.9888009367981807,0.0005133030089561686
0.6098657131195069,0.11697896718851022,0.22900381088256835,0.06070846047735497,2,0.1,50,7,False,"('gill-color', 'stalk-surface-above-ring', 'ring-type')","{'model__estimator__max_depth': 2, 'model__learning_rate': 0.1, 'model__n_estimators': 50, 'select__drop': ('gill-color', 'stalk-surface-above-ring', 'ring-type'), 'select__k': 7, 'select__prune': False}",0.9975980784627703,0.9935794542536116,0.9919614147909968,0.9992019154030327,0.9919484702093397,0.9948578666239503,0.002995592750133444,118,0.9990017967658216,0.9939783219590526,0.9943820224719101,0.9986013986013986,0.9943842759727236,0.9960695631541814,0.0022391722068446883,0.9952076677316294,0.9872408293460925,0.9840510366826156,0.9984051036682615,0.9840255591054313,0.9897860393068061,0.005936898285094348,131,0.9980055843637814,0.9880287310454908,0.9888268156424581,0.9972067039106145,0.988831272437176,0.9921798214799041,0.004447382168951238,0.9976923076923077,0.9938461538461538,0.9923076923076923,0.9992307692307693,0.9923017705927637,0.9950757387339373,0.0028628507053589116,118,0.9990382765916522,0.9942296595499135,0.9946143489132525,0.9986535872283131,0.9946153846153846,0.9962302513797032,0.002143775424017308,0.999857794294707,0.9998483308094631,0.9997807906230523,0.9999585279557126,0.9998825059696462,0.9998655899305161,5.7398955828162036e-05,121,0.9999473983988961,0.9998204087390411,0.999839745916892,0.9999237626206573,0.9999448258578172,0.9998952283066608,5.4170298048034933e-05
0.667012071609497,0.13036107655203133,0.16858124732971191,0.06620623836810137,2,0.1,50,7,False,"('gill-color', 'stalk-surface-above-ring', 'stalk-surface-below-ring')","{'model__estimator__max_depth': 2, 'model__learning_rate': 0.1, 'model__n_estimators': 50, 'select__drop': ('gill-color', 'stalk-surface-above-ring', 'stalk-surface-below-ring'), 'select__k': 7, 'select__prune': False}",0.9951845906902087,0.9935794542536116,0.9919614147909968,0.9968,0.9919484702093397,0.9938947859888312,0.001883049018147801,124,0.9935768767563228,0.9939783219590526,0.9943820224719101,0.9931699477701889,0.9943842759727236,0.9938982889860396,0.00047124801569160986,0.9904153354632588,0.9872408293460925,0.9840510366826156,0.9936204146730463,0.9840255591054313,0.9878706350540888,0.0037230649158761196,135,0.987235739928201,0.9880287310454908,0.9888268156424581,0.9864325618515563,0.988831272437176,0.9878710241809763,0.0009309398951034156,0.9953846153846154,0.9938461538461538,0.9923076923076923,0.9969230769230769,0.9923017705927637,0.9941526618108604,0.0017953588723796517,124,0.9938449701865744,0.9942296595499135,0.9946143489132525,0.9934602808232352,0.9946153846153846,0.994152928817672,0.00044883432074176773,0.9999431177178828,0.9998009341874203,0.9996741482234561,0.9999857810133871,0.9996083532321539,0.9998024668748601,0.00014665255861421298,142,0.9999431013666933,0.9998155188779754,0.9997920327270993,0.9999269484392305,0.9996910248037763,0.999833725242955,9.282979447762147e-05
0.6161109447479248,0.12780959738122652,0.18281264305114747,0.06442384470444272,2,0.1,50,7,False,"('gill-color', 'stalk-surface-above-ring', 'gill-size')","{'model__estimator__max_depth': 2, 'model__learning_rate': 0.1, 'model__n_estimators': 50, 'select__drop': ('gill-color', 'stalk-surface-above-ring', 'gill-size'), 'select__k': 7, 'select__prune': False}",0.9845904298459043,0.9837925445705025,0.9813160032493907,0.9911504424778761,0.9829406986190089,0.9847580237525365,0.0033756015971551094,166,0.9848147398258756,0.9850141757796679,0.9856304391823517,0.9831608845607628,0.9852256628212912,0.9847691804339899,0.0008483933987223502,0.9696485623003195,0.9681020733652312,0.9633173843700159,0.9824561403508771,0.9664536741214057,0.9699955669015699,0.0065744162789096025,177,0.9700837654567211,0.9704708699122107,0.9716679968076616,0.966879489225858,0.9708815317112086,0.969996730622732,0.0016447237264415207,0.9853846153846154,0.9846153846153847,0.9823076923076923,0.9915384615384616,0.9838337182448037,0.9855359744181914,0.003169218459995814,166,0.9855741488747836,0.9857664935564532,0.9863435276014618,0.9840353914214272,0.9859615384615384,0.9855362199831328,0.0007924130601786428,0.998798361790275,0.9999620827023659,0.9995532868372472,0.9995521019216961,0.9992155196559206,0.999416270581501,0.00038916492313584007,155,0.9994533137823307,0.999159981139954,0.9992573338284442,0.9992622977783139,0.9996532545856378,0.9993572362229362,0.00017593244892891104
1.2565362453460693,0.16470940166213535,0.32607064247131345,0.054445744735250094,2,0.1,150,7,False,"('gill-color', 'stalk-surface-above-ring')","{'model__estimator__max_depth': 2, 'model__learning_rate': 0.1, 'model__n_estimators': 150, 'select__drop': ('gill-color', 'stalk-surface-above-ring'), 'select__k': 7, 'select__prune': False}",0.9975980784627703,1.0,0.9992019154030327,0.9992019154030327,0.9975980784627703,0.9987199975463212,0.0009612804775641835,56,0.9990017967658216,0.9984012789768185,0.9986013986013986,0.9986013986013986,0.9990017967658216,0.9987215339422519,0.00024021771112017916,0.9952076677316294,1.0,0.9984051036682615,0.9984051036682615,0.9952076677316294,0.9974451085599563,0.0019174427974193607,60,0.9980055843637814,0.9968076616121309,0.9972067039106145,0.9972067039106145,0.9980055843637814,0.9974464476321845,0.0004792221724257249,0.9976923076923077,1.0,0.9992307692307693,0.9992307692307693,0.9976905311778291,0.9987688754663351,0.0009234916234883537,56,0.9990382765916522,0.9984612425466436,0.9986535872283131,0.9986535872283131,0.9990384615384615,0.9987690310266768,0.0002308567800788867,0.9999644485736768,1.0,0.9999952603377957,0.999998815084449,0.9999715165987021,0.9999860081189247,1.4968051347187261e-05,76,0.999991850456167,0.9999917020539492,0.9999937765404618,0.9999922206755772,0.9999911128898498,0.9999921325232011,8.961117513772843e-07
1.245115041732788,0.128698866905677,0.298330020904541,0.020707000426120302,2,0.1,150,7,False,"('gill-color', 'stalk-surface-above-ring', 'odor')","{'model__estimator__max_depth': 2, 'model__learning_rate': 0.1, 'model__n_estimators': 150, 'select__drop': ('gill-color', 'stalk-surface-above-ring', 'odor'), 'select__k': 7, 'select__prune': False}",0.9679437060203284,0.9680436477007015,0.9681429681429682,0.9735202492211839,0.9756480754124116,0.9706597292995187,0.0032747800924077925,198,0.9749412685982772,0.967905076833301,0.9678800856531049,0.9735449735449735,0.973015252248729,0.9714573313756771,0.002977864507939439,0.9888178913738019,0.9904306220095693,0.9936204146730463,0.9968102073365231,0.9920127795527156,0.9923383829891312,0.0027488269861538294,124,0.9932189868368568,0.9928172386272945,0.9920191540303273,0.99122106943336,0.9924212205823694,0.9923395339020414,0.0006873016823389953,0.9684615384615385,0.9684615384615385,0.9684615384615385,0.9738461538461538,0.9761354888375674,0.9710732516136673,0.0032795844026027544,206,0.9753798807462973,0.9682631275245239,0.9682631275245239,0.9740334679746105,0.9734615384615385,0.9718802284462988,0.0030183235813304003,0.9933803244186157,0.9957769609759912,0.9938656921921175,0.99606371053935,0.9945371209927415,0.9947247618237632,0.001046960206384458,183,0.9955468669893688,0.9949641099015537,0.9945890723755745,0.9948972818003224,0.9943296534278843,0.9948653968989408,0.00040952135401276147
1.255427312850952,0.12291150857024276,0.2759223461151123,0.015847642928064752,2,0.1,150,7,False,"('gill-color', 'stalk-surface-above-ring', 'spore-print-color')","{'model__estimator__max_depth': 2, 'model__learning_rate': 0.1, 'model__n_estimators': 150, 'select__drop': ('gill-color', 'stalk-surface-above-ring', 'spore-print-color'), 'select__k': 7, 'select__prune': False}",0.9870550161812298,0.9903381642512077,0.9887096774193549,0.9935794542536116,0.9886914378029079,0.9896747499816623,0.002211248833620915,143,0.9903342730567861,0.989516129032258,0.9899234179766223,0.9887005649717514,0.9899274778404512,0.9896803725755738,0.0005540246926373882,0.9744408945686901,0.9808612440191388,0.9776714513556619,0.9872408293460925,0.9776357827476039,0.9795700404074374,0.0043396391514859585,153,0.9808536098923015,0.9792498004788508,0.9800478850758181,0.9776536312849162,0.9800558436378142,0.97957215407394,0.0010850848931794985,0.9876923076923076,0.9907692307692307,0.9892307692307692,0.9938461538461538,0.9892224788298691,0.9901521880736661,0.002087606680823742,143,0.9907674552798615,0.9899980765531833,0.9903827659165224,0.9892286978265051,0.9903846153846154,0.9901523221921377,0.0005219821527445312,0.9913029360737954,0.9921369004031082,0.9915705107696975,0.9955068002303475,0.9929396769032847,0.9926913648760467,0.0015152435062068426,188,0.9930462165075974,0.9928468741489047,0.9929905323399111,0.9919940379257625,0.9926496193132307,0.9927054560470813,0.0003812135222932086
1.2511582851409913,0.19575599148682452,0.3134297847747803,0.013282082101237934,2,0.1,150,7,False,"('gill-color', 'stalk-surface-above-ring', 'ring-type')","{'model__estimator__max_depth': 2, 'model__learning_rate': 0.1, 'model__n_estimators': 150, 'select__drop': ('gill-color', 'stalk-surface-above-ring', 'ring-type'), 'select__k': 7, 'select__prune': False}",0.9975980784627703,1.0,0.9992019154030327,0.9992019154030327,0.9975980784627703,0.9987199975463212,0.0009612804775641835,56,0.9990017967658216,0.9984012789768185,0.9986013986013986,0.9986013986013986,0.9990017967658216,0.9987215339422519,0.00024021771112017916,0.9952076677316294,1.0,0.9984051036682615,0.9984051036682615,0.9952076677316294,0.9974451085599563,0.0019174427974193607,60,0.9980055843637814,0.9968076616121309,0.9972067039106145,0.9972067039106145,0.9980055843637814,0.9974464476321845,0.0004792221724257249,0.9976923076923077,1.0,0.9992307692307693,0.9992307692307693,0.9976905311778291,0.9987688754663351,0.0009234916234883537,56,0.9990382765916522,0.9984612425466436,0.9986535872283131,0.9986535872283131,0.9990384615384615,0.9987690310266768,0.0002308567800788867,0.9999822242868385,1.0,0.9999952603377957,0.999998815084449,0.999985758299351,0.9999924116016867,7.137947795471743e-06,65,0.9999959252280836,0.9999917020539492,0.9999937765404618,0.9999922206755772,0.9999955564449248,0.9999938361885994,1.7024299528478108e-06
1.3781017780303955,0.11018611046190664,0.34958133697509763,0.0447199945381193,2,0.1,150,7,False,"('gill-color', 'stalk-surface-above-ring', 'stalk-surface-below-ring')","{'model__estimator__max_depth': 2, 'model__learning_rate': 0.1, 'model__n_estimators': 150, 'select__drop': ('gill-color', 'stalk-surface-above-ring', 'stalk-surface-below-ring'), 'select__k': 7, 'select__prune': False}",0.9951845906902087,0.9935794542536116,0.9919614147909968,0.9968,0.9919484702093397,0.9938947859888312,0.001883049018147801,124,0.9935768767563228,0.9939783219590526,0.9943820224719101,0.9931699477701889,0.9943842759727236,0.9938982889860396,0.00047124801569160986,0.9904153354632588,0.9872408293460925,0.9840510366826156,0.9936204146730463,0.9840255591054313,0.9878706350540888,0.0037230649158761196,135,0.987235739928201,0.9880287310454908,0.9888268156424581,0.9864325618515563,0.988831272437176,0.9878710241809763,0.0009309398951034156,0.9953846153846154,0.9938461538461538,0.9923076923076923,0.9969230769230769,0.9923017705927637,0.9941526618108604,0.0017953588723796517,124,0.9938449701865744,0.9942296595499135,0.9946143489132525,0.9934602808232352,0.9946153846153846,0.994152928817672,0.00044883432074176773,0.9999431177178828,0.9999526033779571,0.9998826933604442,0.9999857810133871,0.9998920004367454,0.9999312391812832,3.8648973529317816e-05,108,0.9999431013666932,0.999939988068739,0.9999403585127591,0.9999269484392305,0.999938901117717,0.9999378595010278,5.62830792797225e-06
1.424050760269165,0.18766921858137936,0.377061653137207,0.09205437538762734,2,0.1,150,7,False,"('gill-color', 'stalk-surface-above-ring', 'gill-size')","{'model__estimator__max_depth': 2, 'model__learning_rate': 0.1, 'model__n_estimators': 150, 'select__drop': ('gill-color', 'stalk-surface-above-ring', 'gill-size'), 'select__k': 7, 'select__prune': False}",0.9951845906902087,0.9935794542536116,0.9919614147909968,0.9968,0.9919484702093397,0.9938947859888312,0.001883049018147801,124,0.9935768767563228,0.9939783219590526,0.9943820224719101,0.9931699477701889,0.9943842759727236,0.9938982889860396,0.00047124801569160986,0.9904153354632588,0.9872408293460925,0.9840510366826156,0.9936204146730463,0.9840255591054313,0.9878706350540888,0.0037230649158761196,135,0.987235739928201,0.9880287310454908,0.9888268156424581,0.9864325618515563,0.988831272437176,0.9878710241809763,0.0009309398951034156,0.9953846153846154,0.9938461538461538,0.9923076923076923,0.9969230769230769,0.9923017705927637,0.9941526618108604,0.0017953588723796517,124,0.9938449701865744,0.9942296595499135,0.9946143489132525,0.9934602808232352,0.9946153846153846,0.994152928817672,0.00044883432074176773,0.9995058351741071,1.0,0.9998518855561165,0.9998672894582803,0.9994516945250155,0.999735340942704,0.00021640964043861773,146,0.999801077043713,0.9996787509457435,0.9997821789161638,0.9997074974017056,0.9998067053542321,0.9997552419323116,5.2163883216156646e-05
0.6547471046447754,0.1369347005760684,0.143426513671875,0.0113429567619321,2,0.5,50,7,False,"('gill-color', 'stalk-surface-above-ring')","{'model__estimator__max_depth': 2, 'model__learning_rate': 0.5, 'model__n_estimators': 50, 'select__drop': ('gill-color', 'stalk-surface-above-ring'), 'select__k': 7, 'select__prune': False}",0.9975980784627703,1.0,1.0,1.0,0.9975980784627703,0.9990392313851082,0.0011766964336828475,51,0.9990017967658216,1.0,1.0,1.0,0.9990017967658216,0.9996007187063286,0.0004890177166666116,0.9952076677316294,1.0,1.0,1.0,0.9952076677316294,0.9980830670926517,0.002347753747076532,55,0.9980055843637814,1.0,1.0,1.0,0.9980055843637814,0.9992022337455125,0.0009770601287527718,0.9976923076923077,1.0,1.0,1.0,0.9976905311778291,0.9990765677740274,0.0011309690223642525,51,0.9990382765916522,1.0,1.0,1.0,0.9990384615384615,0.9996153476260228,0.00047110102592759067,1.0,1.0,1.0,0.9999999999999999,1.0,1.0,4.965068306494546e-17,1,1.0,1.0,1.0,1.0,1.0,1.0,0.0
0.6764097213745117,0.11971696823486712,0.14929399490356446,0.048546636637706274,2,0.5,50,7,False,"('gill-color', 'stalk-surface-above-ring', 'odor')","{'model__estimator__max_depth': 2, 'model__learning_rate': 0.5, 'model__n_estimators': 50, 'select__drop': ('gill-color', 'stalk-surface-above-ring', 'odor'), 'select__k': 7, 'select__prune': False}",0.9679437060203284,0.9796875,0.975724353954581,0.9751166407465007,0.9756480754124116,0.9748240552267644,0.0038096575598559764,179,0.9749412685982772,0.9768076398362893,0.9729941291585127,0.9779512195121951,0.973015252248729,0.9751419018708006,0.001992122914313776,0.9888178913738019,1.0,0.9936204146730463,1.0,0.9920127795527156,0.9948902171199128,0.004449380795960966,120,0.9932189868368568,1.0,0.9920191540303273,1.0,0.9924212205823694,0.9955318722899106,0.0036685995475964576,0.9684615384615385,0.98,0.9761538461538461,0.9753846153846154,0.9761354888375674,0.9752270977675135,0.0037486594177375166,181,0.9753798807462973,0.9771109828813234,0.9734564339296018,0.9782650509713406,0.9734615384615385,0.9755347773980203,0.001927726212092535,0.9948865198471764,0.996721338670193,0.9955210192169606,0.9955885594033714,0.9960918399802515,0.9957618554235905,0.0006137986426393491,168,0.996482508708158,0.9958945911913154,0.995967568663281,0.9955565980673491,0.9958063208385995,0.9959415174937405,0.0003039714906847217
0.6913316249847412,0.09431893601707823,0.19159255027770997,0.060887407275032134,2,0.5,50,7,False,"('gill-color', 'stalk-surface-above-ring', 'spore-print-color')","{'model__estimator__max_depth': 2, 'model__learning_rate': 0.5, 'model__n_estimators': 50, 'select__drop': ('gill-color', 'stalk-surface-above-ring', 'spore-print-color'), 'select__k': 7, 'select__prune': False}",0.9870550161812298,0.9903381642512077,0.9887096774193549,0.9935794542536116,0.9886914378029079,0.9896747499816623,0.002211248833620915,143,0.9903342730567861,0.989516129032258,0.9899234179766223,0.9887005649717514,0.9899274778404512,0.9896803725755738,0.0005540246926373882,0.9744408945686901,0.9808612440191388,0.9776714513556619,0.9872408293460925,0.9776357827476039,0.9795700404074374,0.0043396391514859585,153,0.9808536098923015,0.9792498004788508,0.9800478850758181,0.9776536312849162,0.9800558436378142,0.97957215407394,0.0010850848931794985,0.9876923076923076,0.9907692307692307,0.9892307692307692,0.9938461538461538,0.9892224788298691,0.9901521880736661,0.002087606680823742,143,0.9907674552798615,0.9899980765531833,0.9903827659165224,0.9892286978265051,0.9903846153846154,0.9901523221921377,0.0005219821527445312,0.9929477820650165,0.9938431787966471,0.9928620687203623,0.9964274796135281,0.9945133848249933,0.9941187788041095,0.001304785216102571,186,0.9943029502534063,0.994344949766309,0.9942172206681684,0.9939762097886721,0.994180053740355,0.9942042768433822,0.0001282920074323304
0.6353704929351807,0.12508103310240323,0.2991351127624512,0.18889262913290888,2,0.5,50,7,False,"('gill-color', 'stalk-surface-above-ring', 'ring-type')","{'model__estimator__max_depth': 2, 'model__learning_rate': 0.5, 'model__n_estimators': 50, 'select__drop': ('gill-color', 'stalk-surface-above-ring', 'ring-type'), 'select__k': 7, 'select__prune': False}",0.9975980784627703,1.0,0.9992019154030327,0.9992019154030327,0.9975980784627703,0.9987199975463212,0.0009612804775641835,56,0.9990017967658216,0.9984012789768185,0.9986013986013986,0.9986013986013986,0.9990017967658216,0.9987215339422519,0.00024021771112017916,0.9952076677316294,1.0,0.9984051036682615,0.9984051036682615,0.9952076677316294,0.9974451085599563,0.0019174427974193607,60,0.9980055843637814,0.9968076616121309,0.9972067039106145,0.9972067039106145,0.9980055843637814,0.9974464476321845,0.0004792221724257249,0.9976923076923077,1.0,0.9992307692307693,0.9992307692307693,0.9976905311778291,0.9987688754663351,0.0009234916234883537,56,0.9990382765916522,0.9984612425466436,0.9986535872283131,0.9986535872283131,0.9990384615384615,0.9987690310266768,0.0002308567800788867,0.9999822242868384,1.0,0.9999952603377956,0.999998815084449,0.999985758299351,0.9999924116016867,7.137947795494571e-06,65,0.9999959252280836,0.9999917020539492,0.9999937765404618,0.9999922206755774,0.9999955564449249,0.9999938361885994,1.702429952849177e-06
0.7075981140136719,0.15241848395966148,0.23714895248413087,0.1529641678272775,2,0.5,50,7,False,"('gill-color', 'stalk-surface-above-ring', 'stalk-surface-below-ring')","{'model__estimator__max_depth': 2, 'model__learning_rate': 0.5, 'model__n_estimators': 50, 'select__drop': ('gill-color', 'stalk-surface-above-ring', 'stalk-surface-below-ring'), 'select__k': 7, 'select__prune': False}",0.9912490055688147,0.9935794542536116,0.9919614147909968,0.9968,0.9919484702093397,0.9931076689645526,0.00199840735774456,134,0.9942380290085436,0.9939783219590526,0.9943820224719101,0.9931699477701889,0.9943842759727236,0.9940305194364838,0.0004549871345043918,0.9952076677316294,0.9872408293460925,0.9840510366826156,0.9936204146730463,0.9840255591054313,0.988829101507763,0.004734328262043364,134,0.9980055843637814,0.9880287310454908,0.9888268156424581,0.9864325618515563,0.988831272437176,0.9900249930680924,0.004085120796873131,0.9915384615384616,0.9938461538461538,0.9923076923076923,0.9969230769230769,0.9923017705927637,0.9933834310416298,0.0019222029537916865,133,0.994422004231583,0.9942296595499135,0.9946143489132525,0.9934602808232352,0.9946153846153846,0.9942683356266737,0.0004285395289731441,0.9999146765768243,0.9999526033779571,0.9998933576004038,0.9999857810133872,0.9999169234128812,0.9999326683962908,3.266589148460624e-05,107,0.9999342109552392,0.999939988068739,0.9999522868102073,0.9999269484392305,0.9999481585241236,0.9999403185595079,9.174706973671375e-06
0.7354510307312012,0.08784982622861963,0.2060577392578125,0.10000132084440683,2,0.5,50,7,False,"('gill-color', 'stalk-surface-above-ring', 'gill-size')","{'model__estimator__max_depth': 2, 'model__learning_rate': 0.5, 'model__n_estimators': 50, 'select__drop': ('gill-color', 'stalk-surface-above-ring', 'gill-size'), 'select__k': 7, 'select__prune': False}",0.9975980784627703,1.0,0.9992019154030327,0.9992019154030327,0.9975980784627703,0.9987199975463212,0.0009612804775641835,56,0.9990017967658216,0.9984012789768185,0.9986013986013986,0.9986013986013986,0.9990017967658216,0.9987215339422519,0.00024021771112017916,0.9952076677316294,1.0,0.9984051036682615,0.9984051036682615,0.9952076677316294,0.9974451085599563,0.0019174427974193607,60,0.9980055843637814,0.9968076616121309,0.9972067039106145,0.9972067039106145,0.9980055843637814,0.9974464476321845,0.0004792221724257249,0.9976923076923077,1.0,0.9992307692307693,0.9992307692307693,0.9976905311778291,0.9987688754663351,0.0009234916234883537,56,0.9990382765916522,0.9984612425466436,0.9986535872283131,0.9986535872283131,0.9990384615384615,0.9987690310266768,0.0002308567800788867,0.99984712886681,1.0,0.9998495157250142,0.9999549732090594,0.9995549468547203,0.9998413129311208,0.00015505282019952332,132,0.999951102737002,0.999919984091652,0.9997318726182302,0.9999289488369392,0.9998496597199583,0.9998763136007562,7.98055406073913e-05
1.3847640037536622,0.18012514260372287,0.35837445259094236,0.0633930752349964,2,0.5,150,7,False,"('gill-color', 'stalk-surface-above-ring')","{'model__estimator__max_depth': 2, 'model__learning_rate': 0.5, 'model__n_estimators': 150, 'select__drop': ('gill-color', 'stalk-surface-above-ring'), 'select__k': 7, 'select__prune': False}",1.0,1.0,1.0,1.0,1.0,1.0,0.0,1,1.0,1.0,1.0,1.0,1.0,1.0,0.0,1.0,1.0,1.0,1.0,1.0,1.0,0.0,1,1.0,1.0,1.0,1.0,1.0,1.0,0.0,1.0,1.0,1.0,1.0,1.0,1.0,0.0,1,1.0,1.0,1.0,1.0,1.0,1.0,0.0,1.0,1.0,1.0,1.0,0.9999999999999999,1.0,4.965068306494546e-17,1,1.0,1.0,1.0,1.0,1.0,1.0,0.0
1.2843658447265625,0.12088548825777175,0.2743107795715332,0.04897186457531738,2,0.5,150,7,False,"('gill-color', 'stalk-surface-above-ring', 'odor')","{'model__estimator__max_depth': 2, 'model__learning_rate': 0.5, 'model__n_estimators': 150, 'select__drop': ('gill-color', 'stalk-surface-above-ring', 'odor'), 'select__k': 7, 'select__prune': False}",0.973561430793157,0.9819890368050117,0.9827586206896551,0.9766355140186916,0.9819607843137255,0.9793810773240482,0.0036406192770386332,177,0.9783414634146341,0.9792887846815163,0.9790974799765579,0.9806300136959499,0.979296875,0.9793309233537316,0.0007381188870036951,1.0,1.0,1.0,1.0,1.0,1.0,0.0,1,1.0,1.0,1.0,1.0,1.0,1.0,0.0,0.9738461538461538,0.9823076923076923,0.9830769230769231,0.9769230769230769,0.9822940723633564,0.9796895837034405,0.003658173154383503,177,0.9786497403346798,0.9796114637430275,0.9794191190613579,0.9809578765147143,0.9796153846153847,0.9796507168538329,0.0007439149255381981,0.9962955413771201,0.9977462906218675,0.9972616601614802,0.9973031322057677,0.9971765828463462,0.9971566414425164,0.00047372262178883487,166,0.9975402454109178,0.9971463215353334,0.9972559729652918,0.9972703461932728,0.9969092112082456,0.9972244194626121,0.0002041109735461194
1.2408316135406494,0.04941558684415794,0.3074811935424805,0.03812437190999213,2,0.5,150,7,False,"('gill-color', 'stalk-surface-above-ring', 'spore-print-color')","{'model__estimator__max_depth': 2, 'model__learning_rate': 0.5, 'model__n_estimators': 150, 'select__drop': ('gill-color', 'stalk-surface-above-ring', 'spore-print-color'), 'select__k': 7, 'select__prune': False}",0.9870550161812298,0.9903381642512077,0.9887096774193549,0.9935794542536116,0.9886914378029079,0.9896747499816623,0.002211248833620915,143,0.9903342730567861,0.989516129032258,0.9899234179766223,0.9887005649717514,0.9899274778404512,0.9896803725755738,0.0005540246926373882,0.9744408945686901,0.9808612440191388,0.9776714513556619,0.9872408293460925,0.9776357827476039,0.9795700404074374,0.0043396391514859585,153,0.9808536098923015,0.9792498004788508,0.9800478850758181,0.9776536312849162,0.9800558436378142,0.97957215407394,0.0010850848931794985,0.9876923076923076,0.9907692307692307,0.9892307692307692,0.9938461538461538,0.9892224788298691,0.9901521880736661,0.002087606680823742,143,0.9907674552798615,0.9899980765531833,0.9903827659165224,0.9892286978265051,0.9903846153846154,0.9901523221921377,0.0005219821527445312,0.9937180629686864,0.9942413104218062,0.9938479184588513,0.9965601901552477,0.9949050315928393,0.9946545027194862,0.0010385215231709616,184,0.994870010330658,0.9947426584663202,0.9948416411084988,0.9941795094669191,0.9945799736971163,0.9946427586139025,0.00025287122726594743
1.231036901473999,0.1329130964679912,0.32022709846496583,0.028559732571799817,2,0.5,150,7,False,"('gill-color', 'stalk-surface-above-ring', 'ring-type')","{'model__estimator__max_depth': 2, 'model__learning_rate': 0.5, 'model__n_estimators': 150, 'select__drop': ('gill-color', 'stalk-surface-above-ring', 'ring-type'), 'select__k': 7, 'select__prune': False}",0.9975980784627703,1.0,0.9992019154030327,0.9992019154030327,0.9975980784627703,0.9987199975463212,0.0009612804775641835,56,0.9990017967658216,0.9984012789768185,0.9986013986013986,0.9986013986013986,0.9990017967658216,0.9987215339422519,0.00024021771112017916,0.9952076677316294,1.0,0.9984051036682615,0.9984051036682615,0.9952076677316294,0.9974451085599563,0.0019174427974193607,60,0.9980055843637814,0.9968076616121309,0.9972067039106145,0.9972067039106145,0.9980055843637814,0.9974464476321845,0.0004792221724257249,0.9976923076923077,1.0,0.9992307692307693,0.9992307692307693,0.9976905311778291,0.9987688754663351,0.0009234916234883537,56,0.9990382765916522,0.9984612425466436,0.9986535872283131,0.9986535872283131,0.9990384615384615,0.9987690310266768,0.0002308567800788867,0.9999822242868384,0.9999999999999999,0.9999952603377957,0.9999988150844489,0.999985758299351,0.9999924116016867,7.137947795459907e-06,65,0.9999959252280834,0.9999917020539492,0.9999937765404618,0.9999922206755772,0.999995556444925,0.9999938361885994,1.702429952865438e-06
1.3293751716613769,0.15654291822937336,0.3091403961181641,0.023966000491958846,2,0.5,150,7,False,"('gill-color', 'stalk-surface-above-ring', 'stalk-surface-below-ring')","{'model__estimator__max_depth': 2, 'model__learning_rate': 0.5, 'model__n_estimators': 150, 'select__drop': ('gill-color', 'stalk-surface-above-ring', 'stalk-surface-below-ring'), 'select__k': 7, 'select__prune': False}",0.9936507936507937,0.9935794542536116,0.9928741092636579,0.9976133651551312,0.9943775100401606,0.994419046472671,0.001666574666359758,121,0.9952362048431918,0.9955911823647294,0.9954319761668322,0.9942471731799246,0.9953917050691244,0.9951796483247606,0.00047973038350342616,1.0,0.9872408293460925,1.0,1.0,0.9888178913738019,0.995211744143979,0.005885558909568835,116,1.0,0.99122106943336,1.0,1.0,0.9908256880733946,0.9964093515013509,0.004399405369280867,0.9938461538461538,0.9938461538461538,0.9930769230769231,0.9976923076923077,0.9946112394149346,0.9946145555752948,0.0016135529260262395,121,0.9953837276399308,0.9957684170032699,0.9955760723216003,0.994422004231583,0.995576923076923,0.9953454288546615,0.0004774693265762611,0.9999715588589414,0.9999526033779572,0.9999040218403634,0.9999893357600405,0.9999418463890168,0.9999518732452639,2.8919859232513145e-05,103,0.9999519917781475,0.9999559912504087,0.9999642151076554,0.9999419884664477,0.99995741593053,0.9999543205066379,7.318174017485603e-06
1.400303602218628,0.21610273103008235,0.33773059844970704,0.06850583466291858,2,0.5,150,7,False,"('gill-color', 'stalk-surface-above-ring', 'gill-size')","{'model__estimator__max_depth': 2, 'model__learning_rate': 0.5, 'model__n_estimators': 150, 'select__drop': ('gill-color', 'stalk-surface-above-ring', 'gill-size'), 'select__k': 7, 'select__prune': False}",0.9975980784627703,1.0,0.9992019154030327,0.9992019154030327,0.9975980784627703,0.9987199975463212,0.0009612804775641835,56,0.9990017967658216,0.9984012789768185,0.9986013986013986,0.9986013986013986,0.9990017967658216,0.9987215339422519,0.00024021771112017916,0.9952076677316294,1.0,0.9984051036682615,0.9984051036682615,0.9952076677316294,0.9974451085599563,0.0019174427974193607,60,0.9980055843637814,0.9968076616121309,0.9972067039106145,0.9972067039106145,0.9980055843637814,0.9974464476321845,0.0004792221724257249,0.9976923076923077,1.0,0.9992307692307693,0.9992307692307693,0.9976905311778291,0.9987688754663351,0.0009234916234883537,56,0.9990382765916522,0.9984612425466436,0.9986535872283131,0.9986535872283131,0.9990384615384615,0.9987690310266768,0.0002308567800788867,0.9998684597226041,1.0,0.9999680072801213,0.9999549732090595,0.9999038685206195,0.9999390617464808,4.6963173280998814e-05,106,0.9999599931484562,0.9999330237211604,0.9999232439990291,0.9999289488369392,0.9999451961540734,0.9999380811719318,1.3113937139909078e-05
0.6133716583251954,0.09436346114618302,0.15484094619750977,0.07165417183958947,2,1.0,50,7,False,"('gill-color', 'stalk-surface-above-ring')","{'model__estimator__max_depth': 2, 'model__learning_rate': 1.0, 'model__n_estimators': 50, 'select__drop': ('gill-color', 'stalk-surface-above-ring'), 'select__k': 7, 'select__prune': False}",1.0,1.0,1.0,1.0,1.0,1.0,0.0,1,1.0,1.0,1.0,1.0,1.0,1.0,0.0,1.0,1.0,1.0,1.0,1.0,1.0,0.0,1,1.0,1.0,1.0,1.0,1.0,1.0,0.0,1.0,1.0,1.0,1.0,1.0,1.0,0.0,1,1.0,1.0,1.0,1.0,1.0,1.0,0.0,1.0,1.0,1.0,1.0,1.0,1.0,0.0,1,1.0,1.0,1.0,1.0,1.0,1.0,0.0
0.7493291854858398,0.04222794668938468,0.18538222312927247,0.06167292759765272,2,1.0,50,7,False,"('gill-color', 'stalk-surface-above-ring', 'odor')","{'model__estimator__max_depth': 2, 'model__learning_rate': 1.0, 'model__n_estimators': 50, 'select__drop': ('gill-color', 'stalk-surface-above-ring', 'odor'), 'select__k': 7, 'select__prune': False}",0.9758378799688231,0.9819890368050117,0.9827586206896551,0.9766355140186916,0.9819607843137255,0.9798363671591815,0.0029637834328914486,175,0.980829420970266,0.9792887846815163,0.9790974799765579,0.9806300136959499,0.979296875,0.979828514864858,0.000741966984806346,1.0,1.0,1.0,1.0,1.0,1.0,0.0,1,1.0,1.0,1.0,1.0,1.0,1.0,0.0,0.9761538461538461,0.9823076923076923,0.9830769230769231,0.9769230769230769,0.9822940723633564,0.980151122164979,0.0029732753960050903,175,0.981150221196384,0.9796114637430275,0.9794191190613579,0.9809578765147143,0.9796153846153847,0.9801508130261738,0.0007433875780071333,0.99629554137712,0.997689414675416,0.9968647134518723,0.9973043171213188,0.9977320091716552,0.9971771991594764,0.0005406118058741608,165,0.9975402454109179,0.9970633420748244,0.9968982722194546,0.9972781255176956,0.9971650859213215,0.9971890142288429,0.00021549994676678193
0.6882421493530273,0.07218332680105759,0.19296159744262695,0.07876827533550083,2,1.0,50,7,False,"('gill-color', 'stalk-surface-above-ring', 'spore-print-color')","{'model__estimator__max_depth': 2, 'model__learning_rate': 1.0, 'model__n_estimators': 50, 'select__drop': ('gill-color', 'stalk-surface-above-ring', 'spore-print-color'), 'select__k': 7, 'select__prune': False}",0.9870550161812298,0.9871589085072231,0.9887096774193549,0.9904,0.9886914378029079,0.9884030079821432,0.001227198469966113,158,0.9903342730567861,0.9873264936632469,0.9899234179766223,0.9865109724179585,0.9899274778404512,0.988804526991013,0.0015683133469588774,0.9744408945686901,0.9808612440191388,0.9776714513556619,0.9872408293460925,0.9776357827476039,0.9795700404074374,0.0043396391514859585,153,0.9808536098923015,0.9792498004788508,0.9800478850758181,0.9776536312849162,0.9800558436378142,0.97957215407394,0.0010850848931794985,0.9876923076923076,0.9876923076923076,0.9892307692307692,0.9907692307692307,0.9892224788298691,0.988921418842897,0.0011508407478308827,158,0.9907674552798615,0.9878822850548182,0.9903827659165224,0.98711290632814,0.9903846153846154,0.9893060055927915,0.001503017739115452,0.9939645528578607,0.9945256901540627,0.9943408433280959,0.9967592559678271,0.9952052941148547,0.9949591272845402,0.000985939396901985,174,0.9951790262154526,0.9950458298523943,0.9950996924129212,0.994618781985989,0.9948799136646873,0.9949646488262888,0.0001987907005397386
0.7226028442382812,0.031215590239567593,0.2666768074035645,0.11801246840152894,2,1.0,50,7,False,"('gill-color', 'stalk-surface-above-ring', 'ring-type')","{'model__estimator__max_depth': 2, 'model__learning_rate': 1.0, 'model__n_estimators': 50, 'select__drop': ('gill-color', 'stalk-surface-above-ring', 'ring-type'), 'select__k': 7, 'select__prune': False}",0.9975980784627703,1.0,0.9992019154030327,0.9992019154030327,0.9975980784627703,0.9987199975463212,0.0009612804775641835,56,0.9990017967658216,0.9984012789768185,0.9986013986013986,0.9986013986013986,0.9990017967658216,0.9987215339422519,0.00024021771112017916,0.9952076677316294,1.0,0.9984051036682615,0.9984051036682615,0.9952076677316294,0.9974451085599563,0.0019174427974193607,60,0.9980055843637814,0.9968076616121309,0.9972067039106145,0.9972067039106145,0.9980055843637814,0.9974464476321845,0.0004792221724257249,0.9976923076923077,1.0,0.9992307692307693,0.9992307692307693,0.9976905311778291,0.9987688754663351,0.0009234916234883537,56,0.9990382765916522,0.9984612425466436,0.9986535872283131,0.9986535872283131,0.9990384615384615,0.9987690310266768,0.0002308567800788867,0.9999822242868385,1.0,0.9999952603377957,0.9999988150844489,0.999985758299351,0.9999924116016867,7.137947795451823e-06,65,0.9999959252280836,0.999991702053949,0.999993776540462,0.9999922206755774,0.9999955564449249,0.9999938361885994,1.7024299528762342e-06
0.7717782020568847,0.07875775956414369,0.24400076866149903,0.10162624474991862,2,1.0,50,7,False,"('gill-color', 'stalk-surface-above-ring', 'stalk-surface-below-ring')","{'model__estimator__max_depth': 2, 'model__learning_rate': 1.0, 'model__n_estimators': 50, 'select__drop': ('gill-color', 'stalk-surface-above-ring', 'stalk-surface-below-ring'), 'select__k': 7, 'select__prune': False}",0.9936507936507937,0.9935794542536116,0.9928741092636579,0.9976019184652278,0.9943775100401606,0.9944167571346902,0.0016621872134815069,122,0.9952362048431918,0.9955911823647294,0.9954319761668322,0.9945837512537613,0.9953917050691244,0.9952469639395278,0.00035032346989972524,1.0,0.9872408293460925,1.0,0.9952153110047847,0.9888178913738019,0.9942548063449358,0.00539801791796978,121,1.0,0.99122106943336,1.0,0.9892258579409418,0.9908256880733946,0.9942545230895392,0.004738506804598295,0.9938461538461538,0.9938461538461538,0.9930769230769231,0.9976923076923077,0.9946112394149346,0.9946145555752948,0.0016135529260262395,121,0.9953837276399308,0.9957684170032699,0.9955760723216003,0.9948066935949221,0.995576923076923,0.9954223667273292,0.0003310015871356347,0.9999715588589413,0.9999526033779573,0.9999040218403634,0.9999893357600405,0.9999418463890166,0.9999518732452637,2.8919859232513988e-05,105,0.9999519917781475,0.9999559912504087,0.9999642151076554,0.9999419884664477,0.99995741593053,0.9999543205066379,7.318174017485603e-06
0.7041649341583252,0.08351179175574608,0.21170129776000976,0.12022974783649437,2,1.0,50,7,False,"('gill-color', 'stalk-surface-above-ring', 'gill-size')","{'model__estimator__max_depth': 2, 'model__learning_rate': 1.0, 'model__n_estimators': 50, 'select__drop': ('gill-color', 'stalk-surface-above-ring', 'gill-size'), 'select__k': 7, 'select__prune': False}",0.9975980784627703,1.0,0.9968152866242038,0.9992019154030327,0.9968,0.9980830560980014,0.001297319988580356,103,0.9990017967658216,0.9984012789768185,0.9962128762208491,0.9986013986013986,0.9962173999601831,0.9976869501050141,0.0012171914373031044,0.9952076677316294,1.0,0.9984051036682615,0.9984051036682615,0.9952076677316294,0.9974451085599563,0.0019174427974193607,60,0.9980055843637814,0.9968076616121309,0.9972067039106145,0.9972067039106145,0.9980055843637814,0.9974464476321845,0.0004792221724257249,0.9976923076923077,1.0,0.9969230769230769,0.9992307692307693,0.9969207082371054,0.9981533724166518,0.0012503188383556243,103,0.9990382765916522,0.9984612425466436,0.9963454510482785,0.9986535872283131,0.9963461538461539,0.9977689422522082,0.0011767531731661043,0.99984712886681,1.0,0.9998957274315059,0.9999549732090594,0.9997211000289581,0.9998837859072667,9.646385945376957e-05,118,0.9999511027370022,0.9999199840916521,0.9998298921059565,0.9999289488369392,0.9998735808581126,0.9999007017259325,4.34960103394697e-05
1.2707303047180176,0.18583430445133894,0.3103090763092041,0.05052272953046318,2,1.0,150,7,False,"('gill-color', 'stalk-surface-above-ring')","{'model__estimator__max_depth': 2, 'model__learning_rate': 1.0, 'model__n_estimators': 150, 'select__drop': ('gill-color', 'stalk-surface-above-ring'), 'select__k': 7, 'select__prune': False}",1.0,1.0,1.0,1.0,1.0,1.0,0.0,1,1.0,1.0,1.0,1.0,1.0,1.0,0.0,1.0,1.0,1.0,1.0,1.0,1.0,0.0,1,1.0,1.0,1.0,1.0,1.0,1.0,0.0,1.0,1.0,1.0,1.0,1.0,1.0,0.0,1,1.0,1.0,1.0,1.0,1.0,1.0,0.0,1.0,1.0,1.0,1.0,1.0,1.0,0.0,1,1.0,0.9999999999999999,1.0,1.0,1.0,1.0,4.965068306494546e-17
1.2580326557159425,0.16965227449200337,0.31453938484191896,0.049335436357695744,2,1.0,150,7,False,"('gill-color', 'stalk-surface-above-ring', 'odor')","{'model__estimator__max_depth': 2, 'model__learning_rate': 1.0, 'model__n_estimators': 150, 'select__drop': ('gill-color', 'stalk-surface-above-ring', 'odor'), 'select__k': 7, 'select__prune': False}",0.9758378799688231,0.9819890368050117,0.9827586206896551,0.9766355140186916,0.9819607843137255,0.9798363671591815,0.0029637834328914486,175,0.980829420970266,0.9792887846815163,0.9790974799765579,0.9806300136959499,0.979296875,0.979828514864858,0.000741966984806346,1.0,1.0,1.0,1.0,1.0,1.0,0.0,1,1.0,1.0,1.0,1.0,1.0,1.0,0.0,0.9761538461538461,0.9823076923076923,0.9830769230769231,0.9769230769230769,0.9822940723633564,0.980151122164979,0.0029732753960050903,175,0.981150221196384,0.9796114637430275,0.9794191190613579,0.9809578765147143,0.9796153846153847,0.9801508130261738,0.0007433875780071333,0.9963962704183691,0.9977936872439102,0.9973469740811572,0.9973090567835231,0.9977794815071517,0.9973250940068222,0.0005078379290583174,164,0.9975720286318664,0.9972147795902533,0.9973164294293768,0.9973270241283526,0.9971988569398924,0.9973258237439484,0.00013353494996126125
1.262378168106079,0.12314104001662365,0.31531944274902346,0.057003424697314044,2,1.0,150,7,False,"('gill-color', 'stalk-surface-above-ring', 'spore-print-color')","{'model__estimator__max_depth': 2, 'model__learning_rate': 1.0, 'model__n_estimators': 150, 'select__drop': ('gill-color', 'stalk-surface-above-ring', 'spore-print-color'), 'select__k': 7, 'select__prune': False}",0.9870550161812298,0.9903381642512077,0.9887096774193549,0.9935794542536116,0.9886914378029079,0.9896747499816623,0.002211248833620915,143,0.9903342730567861,0.989516129032258,0.9899234179766223,0.9887005649717514,0.9899274778404512,0.9896803725755738,0.0005540246926373882,0.9744408945686901,0.9808612440191388,0.9776714513556619,0.9872408293460925,0.9776357827476039,0.9795700404074374,0.0043396391514859585,153,0.9808536098923015,0.9792498004788508,0.9800478850758181,0.9776536312849162,0.9800558436378142,0.97957215407394,0.0010850848931794985,0.9876923076923076,0.9907692307692307,0.9892307692307692,0.9938461538461538,0.9892224788298691,0.9901521880736661,0.002087606680823742,143,0.9907674552798615,0.9899980765531833,0.9903827659165224,0.9892286978265051,0.9903846153846154,0.9901523221921377,0.0005219821527445312,0.9941186090385946,0.994582566100514,0.9943479528214023,0.9967592559678271,0.9953097332529469,0.995023623436257,0.0009554467567601912,172,0.9952491122924163,0.9951371072589543,0.9951121393319976,0.994618781985989,0.9949598976560394,0.9950154077050793,0.0002187139455043212
1.2062086105346679,0.15704829466292392,0.36508712768554685,0.07948210400618519,2,1.0,150,7,False,"('gill-color', 'stalk-surface-above-ring', 'ring-type')","{'model__estimator__max_depth': 2, 'model__learning_rate': 1.0, 'model__n_estimators': 150, 'select__drop': ('gill-color', 'stalk-surface-above-ring', 'ring-type'), 'select__k': 7, 'select__prune': False}",0.9975980784627703,1.0,0.9992019154030327,0.9992019154030327,0.9975980784627703,0.9987199975463212,0.0009612804775641835,56,0.9990017967658216,0.9984012789768185,0.9986013986013986,0.9986013986013986,0.9990017967658216,0.9987215339422519,0.00024021771112017916,0.9952076677316294,1.0,0.9984051036682615,0.9984051036682615,0.9952076677316294,0.9974451085599563,0.0019174427974193607,60,0.9980055843637814,0.9968076616121309,0.9972067039106145,0.9972067039106145,0.9980055843637814,0.9974464476321845,0.0004792221724257249,0.9976923076923077,1.0,0.9992307692307693,0.9992307692307693,0.9976905311778291,0.9987688754663351,0.0009234916234883537,56,0.9990382765916522,0.9984612425466436,0.9986535872283131,0.9986535872283131,0.9990384615384615,0.9987690310266768,0.0002308567800788867,0.9999822242868384,1.0,0.9999952603377957,0.999998815084449,0.999985758299351,0.9999924116016867,7.137947795503433e-06,65,0.9999959252280834,0.9999917020539492,0.9999937765404618,0.9999922206755772,0.9999955564449249,0.9999938361885994,1.7024299528430009e-06
1.395482110977173,0.1549944172514535,0.34324941635131834,0.04390439037648159,2,1.0,150,7,False,"('gill-color', 'stalk-surface-above-ring', 'stalk-surface-below-ring')","{'model__estimator__max_depth': 2, 'model__learning_rate': 1.0, 'model__n_estimators': 150, 'select__drop': ('gill-color', 'stalk-surface-above-ring', 'stalk-surface-below-ring'), 'select__k': 7, 'select__prune': False}",0.9936507936507937,0.9935794542536116,0.9927710843373494,0.9976019184652278,0.9943775100401606,0.9943961521494286,0.0016817065937984577,123,0.9952362048431918,0.9955911823647294,0.9957924263674615,0.9945837512537613,0.9953917050691244,0.9953190539796537,0.0004125403094053494,1.0,0.9872408293460925,0.9856459330143541,0.9952153110047847,0.9888178913738019,0.9913839929478065,0.005396120630522327,129,1.0,0.99122106943336,0.9916201117318436,0.9892258579409418,0.9908256880733946,0.992578545435908,0.003798745753052788,0.9938461538461538,0.9938461538461538,0.9930769230769231,0.9976923076923077,0.9946112394149346,0.9946145555752948,0.0016135529260262395,121,0.9953837276399308,0.9957684170032699,0.9959607616849394,0.9948066935949221,0.995576923076923,0.995499304599997,0.0003960951382807294,0.9999715588589415,0.9999526033779573,0.9999040218403635,0.9999893357600403,0.9999418463890168,0.9999518732452639,2.8919859232463315e-05,103,0.9999519917781474,0.9999559912504087,0.9999642151076555,0.9999419884664477,0.9999574159305302,0.9999543205066379,7.318174017541473e-06
1.113420009613037,0.2747955663982021,0.24862279891967773,0.11972304365353265,2,1.0,150,7,False,"('gill-color', 'stalk-surface-above-ring', 'gill-size')","{'model__estimator__max_depth': 2, 'model__learning_rate': 1.0, 'model__n_estimators': 150, 'select__drop': ('gill-color', 'stalk-surface-above-ring', 'gill-size'), 'select__k': 7, 'select__prune': False}",0.9975980784627703,1.0,0.9968152866242038,0.9992019154030327,0.9968,0.9980830560980014,0.001297319988580356,103,0.9990017967658216,0.9984012789768185,0.9962128762208491,0.9986013986013986,0.9962173999601831,0.9976869501050141,0.0012171914373031044,0.9952076677316294,1.0,0.9984051036682615,0.9984051036682615,0.9952076677316294,0.9974451085599563,0.0019174427974193607,60,0.9980055843637814,0.9968076616121309,0.9972067039106145,0.9972067039106145,0.9980055843637814,0.9974464476321845,0.0004792221724257249,0.9976923076923077,1.0,0.9969230769230769,0.9992307692307693,0.9969207082371054,0.9981533724166518,0.0012503188383556243,103,0.9990382765916522,0.9984612425466436,0.9963454510482785,0.9986535872283131,0.9963461538461539,0.9977689422522082,0.0011767531731661043,0.99984712886681,1.0,0.9999040218403634,0.9999644525334679,0.9997211000289581,0.99988734065392,9.815249912054686e-05,117,0.9999511027370022,0.9999330237211606,0.9998859032418002,0.9999403585127592,0.9998735808581127,0.9999167938141671,3.103995528015126e-05
