mean_fit_time,std_fit_time,mean_score_time,std_score_time,param_model__max_depth,param_model__min_samples_leaf,param_select__k,param_select__prune,param_select__drop,params,split0_test_f1,split1_test_f1,split2_test_f1,split3_test_f1,split4_test_f1,mean_test_f1,std_test_f1,rank_test_f1,split0_train_f1,split1_train_f1,split2_train_f1,split3_train_f1,split4_train_f1,mean_train_f1,std_train_f1,split0_test_recall,split1_test_recall,split2_test_recall,split3_test_recall,split4_test_recall,mean_test_recall,std_test_recall,rank_test_recall,split0_train_recall,split1_train_recall,split2_train_recall,split3_train_recall,split4_train_recall,mean_train_recall,std_train_recall,split0_test_accuracy,split1_test_accuracy,split2_test_accuracy,split3_test_accuracy,split4_test_accuracy,mean_test_accuracy,std_test_accuracy,rank_test_accuracy,split0_train_accuracy,split1_train_accuracy,split2_train_accuracy,split3_train_accuracy,split4_train_accuracy,mean_train_accuracy,std_train_accuracy,split0_test_roc_auc,split1_test_roc_auc,split2_test_roc_auc,split3_test_roc_auc,split4_test_roc_auc,mean_test_roc_auc,std_test_roc_auc,rank_test_roc_auc,split0_train_roc_auc,split1_train_roc_auc,split2_train_roc_auc,split3_train_roc_auc,split4_train_roc_auc,mean_train_roc_auc,std_train_roc_auc
1.0270772933959962,0.046244162518706056,0.07748799324035645,0.0366496472275131,3,1,6,False,,"{'model__max_depth': 3, 'model__min_samples_leaf': 1, 'select__k': 6, 'select__prune': False}",0.9952076677316294,0.9968203497615262,0.9968152866242038,0.9960222752585521,0.9968,0.9963331158751825,0.000640487578332993,61,0.9966142202748457,0.9962113659022931,0.9962128762208491,0.9964114832535885,0.9962173999601831,0.9963334691223519,0.00015989453333204666,0.9952076677316294,1.0,0.9984051036682615,0.9984051036682615,0.9952076677316294,0.9974451085599563,0.0019174427974193607,49,0.9980055843637814,0.9968076616121309,0.9972067039106145,0.9972067039106145,0.9980055843637814,0.9974464476321845,0.0004792221724257249,0.9953846153846154,0.9969230769230769,0.9969230769230769,0.9961538461538462,0.9969207082371054,0.9964610647243441,0.0006150299396680671,61,0.9967301404116177,0.9963454510482785,0.9963454510482785,0.996537795729948,0.9963461538461539,0.9964609984168554,0.00015377054648569997,0.9980020098406348,0.9999620827023659,0.9993163037270334,0.9993494813624633,0.9980085355259223,0.998927682631684,0.0007874802282448941,67,0.9991647458438808,0.9986763294272728,0.9988408806610144,0.9988308045836669,0.9991644635273739,0.9989354448086418,0.0001959904456103201
1.1210913181304931,0.07064324051681313,0.1938930034637451,0.07305289793147278,3,1,6,True,,"{'model__max_depth': 3, 'model__min_samples_leaf': 1, 'select__k': 6, 'select__prune': True}",0.9952076677316294,0.9968203497615262,0.9968152866242038,0.9960222752585521,0.9968,0.9963331158751825,0.000640487578332993,61,0.9966142202748457,0.9962113659022931,0.9962128762208491,0.9964114832535885,0.9962173999601831,0.9963334691223519,0.00015989453333204666,0.9952076677316294,1.0,0.9984051036682615,0.9984051036682615,0.9952076677316294,0.9974451085599563,0.0019174427974193607,49,0.9980055843637814,0.9968076616121309,0.9972067039106145,0.9972067039106145,0.9980055843637814,0.9974464476321845,0.0004792221724257249,0.9953846153846154,0.9969230769230769,0.9969230769230769,0.9961538461538462,0.9969207082371054,0.9964610647243441,0.0006150299396680671,61,0.9967301404116177,0.9963454510482785,0.9963454510482785,0.996537795729948,0.9963461538461539,0.9964609984168554,0.00015377054648569997,0.9980020098406348,0.9999620827023659,0.9993163037270334,0.9993494813624633,0.9980085355259223,0.998927682631684,0.0007874802282448941,67,0.9991647458438808,0.9986763294272728,0.9988408806610144,0.9988308045836669,0.9991644635273739,0.9989354448086418,0.0001959904456103201
0.9009538650512695,0.09903868355424639,0.1363912582397461,0.08759107490757329,3,1,7,False,,"{'model__max_depth': 3, 'model__min_samples_leaf': 1, 'select__k': 7, 'select__prune': False}",0.9952076677316294,0.9968203497615262,0.9968152866242038,0.9960222752585521,0.9968,0.9963331158751825,0.000640487578332993,61,0.9966142202748457,0.9962113659022931,0.9962128762208491,0.9964114832535885,0.9962173999601831,0.9963334691223519,0.00015989453333204666,0.9952076677316294,1.0,0.9984051036682615,0.9984051036682615,0.9952076677316294,0.9974451085599563,0.0019174427974193607,49,0.9980055843637814,0.9968076616121309,0.9972067039106145,0.9972067039106145,0.9980055843637814,0.9974464476321845,0.0004792221724257249,0.9953846153846154,0.9969230769230769,0.9969230769230769,0.9961538461538462,0.9969207082371054,0.9964610647243441,0.0006150299396680671,61,0.9967301404116177,0.9963454510482785,0.9963454510482785,0.996537795729948,0.9963461538461539,0.9964609984168554,0.00015377054648569997,0.9980020098406348,0.9999620827023659,0.9993163037270334,0.9993494813624633,0.9980085355259223,0.998927682631684,0.0007874802282448941,67,0.9991647458438808,0.9986763294272728,0.9988408806610144,0.9988308045836669,0.9991644635273739,0.9989354448086418,0.0001959904456103201
1.2540831089019775,0.07352056479296902,0.12932767868041992,0.06033860691725212,3,1,7,True,,"{'model__max_depth': 3, 'model__min_samples_leaf': 1, 'select__k': 7, 'select__prune': True}",0.9952076677316294,0.9968203497615262,0.9968152866242038,0.9960222752585521,0.9968,0.9963331158751825,0.000640487578332993,61,0.9966142202748457,0.9962113659022931,0.9962128762208491,0.9964114832535885,0.9962173999601831,0.9963334691223519,0.00015989453333204666,0.9952076677316294,1.0,0.9984051036682615,0.9984051036682615,0.9952076677316294,0.9974451085599563,0.0019174427974193607,49,0.9980055843637814,0.9968076616121309,0.9972067039106145,0.9972067039106145,0.9980055843637814,0.9974464476321845,0.0004792221724257249,0.9953846153846154,0.9969230769230769,0.9969230769230769,0.9961538461538462,0.9969207082371054,0.9964610647243441,0.0006150299396680671,61,0.9967301404116177,0.9963454510482785,0.9963454510482785,0.996537795729948,0.9963461538461539,0.9964609984168554,0.00015377054648569997,0.9980020098406348,0.9999620827023659,0.9993163037270334,0.9993494813624633,0.9980085355259223,0.998927682631684,0.0007874802282448941,67,0.9991647458438808,0.9986763294272728,0.9988408806610144,0.9988308045836669,0.9991644635273739,0.9989354448086418,0.0001959904456103201
0.9672964572906494,0.05882486830572879,0.17524595260620118,0.027223230893190134,3,1,8,False,,"{'model__max_depth': 3, 'model__min_samples_leaf': 1, 'select__k': 8, 'select__prune': False}",0.9952076677316294,0.9968203497615262,0.9968152866242038,0.9960222752585521,0.9968,0.9963331158751825,0.000640487578332993,61,0.9966142202748457,0.9962113659022931,0.9962128762208491,0.9964114832535885,0.9962173999601831,0.9963334691223519,0.00015989453333204666,0.9952076677316294,1.0,0.9984051036682615,0.9984051036682615,0.9952076677316294,0.9974451085599563,0.0019174427974193607,49,0.9980055843637814,0.9968076616121309,0.9972067039106145,0.9972067039106145,0.9980055843637814,0.9974464476321845,0.0004792221724257249,0.9953846153846154,0.9969230769230769,0.9969230769230769,0.9961538461538462,0.9969207082371054,0.9964610647243441,0.0006150299396680671,61,0.9967301404116177,0.9963454510482785,0.9963454510482785,0.996537795729948,0.9963461538461539,0.9964609984168554,0.00015377054648569997,0.9980020098406348,0.9999620827023659,0.9993163037270334,0.9993494813624633,0.9980085355259223,0.998927682631684,0.0007874802282448941,67,0.9991647458438808,0.9986763294272728,0.9988408806610144,0.9988308045836669,0.9991644635273739,0.9989354448086418,0.0001959904456103201
1.4397590160369873,0.09670481800349581,0.15529837608337402,0.04018496755117881,3,1,8,True,,"{'model__max_depth': 3, 'model__min_samples_leaf': 1, 'select__k': 8, 'select__prune': True}",0.9952076677316294,0.9968203497615262,0.9968152866242038,0.9960222752585521,0.9968,0.9963331158751825,0.000640487578332993,61,0.9966142202748457,0.9962113659022931,0.9962128762208491,0.9964114832535885,0.9962173999601831,0.9963334691223519,0.00015989453333204666,0.9952076677316294,1.0,0.9984051036682615,0.9984051036682615,0.9952076677316294,0.9974451085599563,0.0019174427974193607,49,0.9980055843637814,0.9968076616121309,0.9972067039106145,0.9972067039106145,0.9980055843637814,0.9974464476321845,0.0004792221724257249,0.9953846153846154,0.9969230769230769,0.9969230769230769,0.9961538461538462,0.9969207082371054,0.9964610647243441,0.0006150299396680671,61,0.9967301404116177,0.9963454510482785,0.9963454510482785,0.996537795729948,0.9963461538461539,0.9964609984168554,0.00015377054648569997,0.9980020098406348,0.9999620827023659,0.9993163037270334,0.9993494813624633,0.9980085355259223,0.998927682631684,0.0007874802282448941,67,0.9991647458438808,0.9986763294272728,0.9988408806610144,0.9988308045836669,0.9991644635273739,0.9989354448086418,0.0001959904456103201
0.8869675636291504,0.05944145659580526,0.1819613456726074,0.08090467300873716,3,1,9,False,,"{'model__max_depth': 3, 'model__min_samples_leaf': 1, 'select__k': 9, 'select__prune': False}",0.9952076677316294,0.9976019184652278,0.9959967974379503,0.9960222752585521,0.9968,0.996325731778672,0.0008128878985570596,79,0.9966142202748457,0.9969981989193516,0.9973994798959792,0.9964114832535885,0.9962173999601831,0.9967281564607896,0.0004237295509164408,0.9952076677316294,0.9952153110047847,0.9920255183413078,0.9984051036682615,0.9952076677316294,0.9952122536955226,0.00201740549099535,83,0.9980055843637814,0.9940143655227454,0.9948124501197126,0.9972067039106145,0.9980055843637814,0.996408937656127,0.0016743799193026977,0.9953846153846154,0.9976923076923077,0.9961538461538462,0.9961538461538462,0.9969207082371054,0.9964610647243441,0.0007841863408786431,61,0.9967301404116177,0.9971148297749567,0.9974995191382958,0.996537795729948,0.9963461538461539,0.9968456877801944,0.0004141535267094262,0.9980020098406348,0.9980733273139623,0.9967592559678272,0.9993494813624633,0.9980085355259223,0.998038522002162,0.0008195827923267203,85,0.9991647458438808,0.9975639601236275,0.9978935812127389,0.9988308045836669,0.9991644635273739,0.9985235110582578,0.0006684281614568325
1.504321241378784,0.12678431089514555,0.16008715629577636,0.05204940464285024,3,1,9,True,,"{'model__max_depth': 3, 'model__min_samples_leaf': 1, 'select__k': 9, 'select__prune': True}",0.9952076677316294,0.9976019184652278,0.9959967974379503,0.9960222752585521,0.9968,0.996325731778672,0.0008128878985570596,79,0.9966142202748457,0.9969981989193516,0.9973994798959792,0.9964114832535885,0.9962173999601831,0.9967281564607896,0.0004237295509164408,0.9952076677316294,0.9952153110047847,0.9920255183413078,0.9984051036682615,0.9952076677316294,0.9952122536955226,0.00201740549099535,83,0.9980055843637814,0.9940143655227454,0.9948124501197126,0.9972067039106145,0.9980055843637814,0.996408937656127,0.0016743799193026977,0.9953846153846154,0.9976923076923077,0.9961538461538462,0.9961538461538462,0.9969207082371054,0.9964610647243441,0.0007841863408786431,61,0.9967301404116177,0.9971148297749567,0.9974995191382958,0.996537795729948,0.9963461538461539,0.9968456877801944,0.0004141535267094262,0.9980020098406348,0.9980733273139623,0.9967592559678272,0.9993494813624633,0.9980085355259223,0.998038522002162,0.0008195827923267203,85,0.9991647458438808,0.9975639601236275,0.9978935812127389,0.9988308045836669,0.9991644635273739,0.9985235110582578,0.0006684281614568325
0.8673764705657959,0.07034108675347833,0.1724785804748535,0.055399296079955127,3,1,10,False,,"{'model__max_depth': 3, 'model__min_samples_leaf': 1, 'select__k': 10, 'select__prune': False}",0.9637561779242174,0.9644921552436003,0.9601990049751243,0.9552980132450332,0.9653465346534653,0.9618183772082881,0.003701069256244447,103,0.9614512471655329,0.9621039552702423,0.9631774927596194,0.9635577516985794,0.9610550175149392,0.9622690928817825,0.0009649821684229483,0.9345047923322684,0.9314194577352473,0.9234449760765551,0.9202551834130781,0.9345047923322684,0.9288258403778835,0.005893007772513449,105,0.9301954527323494,0.926975259377494,0.9289704708699122,0.9337589784517158,0.9301954527323494,0.9300191228327641,0.0022096823387583184,0.9661538461538461,0.9669230769230769,0.963076923076923,0.9584615384615385,0.9676674364896074,0.9644565642209985,0.003379878552179701,103,0.9640315445277938,0.964800923254472,0.9657626466628197,0.9659549913444894,0.9636538461538462,0.9648407903886842,0.0009117639638035595,0.9915790521515723,0.9909330262032224,0.9888463899177906,0.9904246974318139,0.9918086485100808,0.990718362842896,0.0010550934827206948,99,0.9920079646232747,0.9902144989418635,0.9907331946588492,0.9922654993037134,0.9919466489003459,0.9914335612856092,0.0008077060567437206
1.6650707721710205,0.2800205102924606,0.11987361907958985,0.04796322718531021,3,1,10,True,,"{'model__max_depth': 3, 'model__min_samples_leaf': 1, 'select__k': 10, 'select__prune': True}",0.9637561779242174,0.9644921552436003,0.9601990049751243,0.9552980132450332,0.9653465346534653,0.9618183772082881,0.003701069256244447,103,0.9614512471655329,0.9621039552702423,0.9631774927596194,0.9635577516985794,0.9610550175149392,0.9622690928817825,0.0009649821684229483,0.9345047923322684,0.9314194577352473,0.9234449760765551,0.9202551834130781,0.9345047923322684,0.9288258403778835,0.005893007772513449,105,0.9301954527323494,0.926975259377494,0.9289704708699122,0.9337589784517158,0.9301954527323494,0.9300191228327641,0.0022096823387583184,0.9661538461538461,0.9669230769230769,0.963076923076923,0.9584615384615385,0.9676674364896074,0.9644565642209985,0.003379878552179701,103,0.9640315445277938,0.964800923254472,0.9657626466628197,0.9659549913444894,0.9636538461538462,0.9648407903886842,0.0009117639638035595,0.9915790521515723,0.9909330262032224,0.9888463899177906,0.9904246974318139,0.9918086485100808,0.990718362842896,0.0010550934827206948,99,0.9920079646232747,0.9902144989418635,0.9907331946588492,0.9922654993037134,0.9919466489003459,0.9914335612856092,0.0008077060567437206
0.9883621215820313,0.09731996924133944,0.23459959030151367,0.07970123912494984,3,1,21,False,,"{'model__max_depth': 3, 'model__min_samples_leaf': 1, 'select__k': 21, 'select__prune': False}",0.9841772151898734,0.9873617693522907,0.983399209486166,0.983503534956795,0.9865186360031721,0.9849920729976596,0.0016347971332988217,95,0.9857707509881423,0.9849742981415579,0.9859656058509587,0.9848275862068966,0.9851866482322733,0.9853449778839657,0.0004464588910954654,0.9936102236421726,0.9968102073365231,0.9920255183413078,0.9984051036682615,0.9936102236421726,0.9948922553260875,0.002346232503673761,87,0.9948145193458316,0.9940143655227454,0.9952114924181963,0.9972067039106145,0.9948145193458316,0.9952123201086438,0.0010704348199024121,0.9846153846153847,0.9876923076923076,0.9838461538461538,0.9838461538461538,0.9869130100076983,0.9853826020015397,0.0016116362759181124,95,0.9861511829197923,0.985381804193114,0.9863435276014618,0.9851894595114445,0.9855769230769231,0.9857285794605473,0.0004451197511003079,0.9858363117528275,0.9886793168250898,0.9851944801893969,0.9875572017982278,0.9879800046522889,0.9870494630435662,0.0013185467091596913,103,0.9872324060239056,0.9865185048642263,0.9873941604390087,0.9880382144124061,0.9866948111570557,0.9871756193793205,0.0005400057668991677
4.759979867935181,1.2034224790304604,0.16863799095153809,0.04675304814112533,3,1,21,True,,"{'model__max_depth': 3, 'model__min_samples_leaf': 1, 'select__k': 21, 'select__prune': True}",0.9841772151898734,0.9873617693522907,0.983399209486166,0.983503534956795,0.9865186360031721,0.9849920729976596,0.0016347971332988217,95,0.9857707509881423,0.9849742981415579,0.9859656058509587,0.9848275862068966,0.9851866482322733,0.9853449778839657,0.0004464588910954654,0.9936102236421726,0.9968102073365231,0.9920255183413078,0.9984051036682615,0.9936102236421726,0.9948922553260875,0.002346232503673761,87,0.9948145193458316,0.9940143655227454,0.9952114924181963,0.9972067039106145,0.9948145193458316,0.9952123201086438,0.0010704348199024121,0.9846153846153847,0.9876923076923076,0.9838461538461538,0.9838461538461538,0.9869130100076983,0.9853826020015397,0.0016116362759181124,95,0.9861511829197923,0.985381804193114,0.9863435276014618,0.9851894595114445,0.9855769230769231,0.9857285794605473,0.0004451197511003079,0.9858363117528275,0.9886793168250898,0.9851944801893969,0.9875572017982278,0.9879800046522889,0.9870494630435662,0.0013185467091596913,103,0.9872324060239056,0.9865185048642263,0.9873941604390087,0.9880382144124061,0.9866948111570557,0.9871756193793205,0.0005400057668991677
0.3889605522155762,0.08608554775161888,0.08873858451843261,0.011220556667182184,3,5,6,False,,"{'model__max_depth': 3, 'model__min_samples_leaf': 5, 'select__k': 6, 'select__prune': False}",0.9952076677316294,0.9968203497615262,0.9968152866242038,0.9960222752585521,0.9968,0.9963331158751825,0.000640487578332993,61,0.9966142202748457,0.9962113659022931,0.9962128762208491,0.9964114832535885,0.9962173999601831,0.9963334691223519,0.00015989453333204666,0.9952076677316294,1.0,0.9984051036682615,0.9984051036682615,0.9952076677316294,0.9974451085599563,0.0019174427974193607,49,0.9980055843637814,0.9968076616121309,0.9972067039106145,0.9972067039106145,0.9980055843637814,0.9974464476321845,0.0004792221724257249,0.9953846153846154,0.9969230769230769,0.9969230769230769,0.9961538461538462,0.9969207082371054,0.9964610647243441,0.0006150299396680671,61,0.9967301404116177,0.9963454510482785,0.9963454510482785,0.996537795729948,0.9963461538461539,0.9964609984168554,0.00015377054648569997,0.9980020098406348,0.9999620827023659,0.9993163037270334,0.9993494813624633,0.9980085355259223,0.998927682631684,0.0007874802282448941,67,0.9991647458438808,0.9986763294272728,0.9988408806610144,0.9988308045836669,0.9991644635273739,0.9989354448086418,0.0001959904456103201
0.3890573978424072,0.13233693330721563,0.07188172340393066,0.009951556517562863,3,5,6,True,,"{'model__max_depth': 3, 'model__min_samples_leaf': 5, 'select__k': 6, 'select__prune': True}",0.9952076677316294,0.9968203497615262,0.9968152866242038,0.9960222752585521,0.9968,0.9963331158751825,0.000640487578332993,61,0.9966142202748457,0.9962113659022931,0.9962128762208491,0.9964114832535885,0.9962173999601831,0.9963334691223519,0.00015989453333204666,0.9952076677316294,1.0,0.9984051036682615,0.9984051036682615,0.9952076677316294,0.9974451085599563,0.0019174427974193607,49,0.9980055843637814,0.9968076616121309,0.9972067039106145,0.9972067039106145,0.9980055843637814,0.9974464476321845,0.0004792221724257249,0.9953846153846154,0.9969230769230769,0.9969230769230769,0.9961538461538462,0.9969207082371054,0.9964610647243441,0.0006150299396680671,61,0.9967301404116177,0.9963454510482785,0.9963454510482785,0.996537795729948,0.9963461538461539,0.9964609984168554,0.00015377054648569997,0.9980020098406348,0.9999620827023659,0.9993163037270334,0.9993494813624633,0.9980085355259223,0.998927682631684,0.0007874802282448941,67,0.9991647458438808,0.9986763294272728,0.9988408806610144,0.9988308045836669,0.9991644635273739,0.9989354448086418,0.0001959904456103201
0.3925336360931396,0.10231850208342384,0.1323695182800293,0.06700630445700581,3,5,7,False,,"{'model__max_depth': 3, 'model__min_samples_leaf': 5, 'select__k': 7, 'select__prune': False}",0.9952076677316294,0.9968203497615262,0.9968152866242038,0.9960222752585521,0.9968,0.9963331158751825,0.000640487578332993,61,0.9966142202748457,0.9962113659022931,0.9962128762208491,0.9964114832535885,0.9962173999601831,0.9963334691223519,0.00015989453333204666,0.9952076677316294,1.0,0.9984051036682615,0.9984051036682615,0.9952076677316294,0.9974451085599563,0.0019174427974193607,49,0.9980055843637814,0.9968076616121309,0.9972067039106145,0.9972067039106145,0.9980055843637814,0.9974464476321845,0.0004792221724257249,0.9953846153846154,0.9969230769230769,0.9969230769230769,0.9961538461538462,0.9969207082371054,0.9964610647243441,0.0006150299396680671,61,0.9967301404116177,0.9963454510482785,0.9963454510482785,0.996537795729948,0.9963461538461539,0.9964609984168554,0.00015377054648569997,0.9980020098406348,0.9999620827023659,0.9993163037270334,0.9993494813624633,0.9980085355259223,0.998927682631684,0.0007874802282448941,67,0.9991647458438808,0.9986763294272728,0.9988408806610144,0.9988308045836669,0.9991644635273739,0.9989354448086418,0.0001959904456103201
0.35729222297668456,0.060722325010642474,0.17462501525878907,0.09528551215653566,3,5,7,True,,"{'model__max_depth': 3, 'model__min_samples_leaf': 5, 'select__k': 7, 'select__prune': True}",0.9952076677316294,0.9968203497615262,0.9968152866242038,0.9960222752585521,0.9968,0.9963331158751825,0.000640487578332993,61,0.9966142202748457,0.9962113659022931,0.9962128762208491,0.9964114832535885,0.9962173999601831,0.9963334691223519,0.00015989453333204666,0.9952076677316294,1.0,0.9984051036682615,0.9984051036682615,0.9952076677316294,0.9974451085599563,0.0019174427974193607,49,0.9980055843637814,0.9968076616121309,0.9972067039106145,0.9972067039106145,0.9980055843637814,0.9974464476321845,0.0004792221724257249,0.9953846153846154,0.9969230769230769,0.9969230769230769,0.9961538461538462,0.9969207082371054,0.9964610647243441,0.0006150299396680671,61,0.9967301404116177,0.9963454510482785,0.9963454510482785,0.996537795729948,0.9963461538461539,0.9964609984168554,0.00015377054648569997,0.9980020098406348,0.9999620827023659,0.9993163037270334,0.9993494813624633,0.9980085355259223,0.998927682631684,0.0007874802282448941,67,0.9991647458438808,0.9986763294272728,0.9988408806610144,0.9988308045836669,0.9991644635273739,0.9989354448086418,0.0001959904456103201
0.31226353645324706,0.04992333870605538,0.2023240089416504,0.0770667349280645,3,5,8,False,,"{'model__max_depth': 3, 'model__min_samples_leaf': 5, 'select__k': 8, 'select__prune': False}",0.9952076677316294,0.9968203497615262,0.9968152866242038,0.9960222752585521,0.9968,0.9963331158751825,0.000640487578332993,61,0.9966142202748457,0.9962113659022931,0.9962128762208491,0.9964114832535885,0.9962173999601831,0.9963334691223519,0.00015989453333204666,0.9952076677316294,1.0,0.9984051036682615,0.9984051036682615,0.9952076677316294,0.9974451085599563,0.0019174427974193607,49,0.9980055843637814,0.9968076616121309,0.9972067039106145,0.9972067039106145,0.9980055843637814,0.9974464476321845,0.0004792221724257249,0.9953846153846154,0.9969230769230769,0.9969230769230769,0.9961538461538462,0.9969207082371054,0.9964610647243441,0.0006150299396680671,61,0.9967301404116177,0.9963454510482785,0.9963454510482785,0.996537795729948,0.9963461538461539,0.9964609984168554,0.00015377054648569997,0.9980020098406348,0.9999620827023659,0.9993163037270334,0.9993494813624633,0.9980085355259223,0.998927682631684,0.0007874802282448941,67,0.9991647458438808,0.9986763294272728,0.9988408806610144,0.9988308045836669,0.9991644635273739,0.9989354448086418,0.0001959904456103201
0.37946138381958006,0.05256680117275565,0.24249258041381835,0.09408669749926198,3,5,8,True,,"{'model__max_depth': 3, 'model__min_samples_leaf': 5, 'select__k': 8, 'select__prune': True}",0.9952076677316294,0.9968203497615262,0.9968152866242038,0.9960222752585521,0.9968,0.9963331158751825,0.000640487578332993,61,0.9966142202748457,0.9962113659022931,0.9962128762208491,0.9964114832535885,0.9962173999601831,0.9963334691223519,0.00015989453333204666,0.9952076677316294,1.0,0.9984051036682615,0.9984051036682615,0.9952076677316294,0.9974451085599563,0.0019174427974193607,49,0.9980055843637814,0.9968076616121309,0.9972067039106145,0.9972067039106145,0.9980055843637814,0.9974464476321845,0.0004792221724257249,0.9953846153846154,0.9969230769230769,0.9969230769230769,0.9961538461538462,0.9969207082371054,0.9964610647243441,0.0006150299396680671,61,0.9967301404116177,0.9963454510482785,0.9963454510482785,0.996537795729948,0.9963461538461539,0.9964609984168554,0.00015377054648569997,0.9980020098406348,0.9999620827023659,0.9993163037270334,0.9993494813624633,0.9980085355259223,0.998927682631684,0.0007874802282448941,67,0.9991647458438808,0.9986763294272728,0.9988408806610144,0.9988308045836669,0.9991644635273739,0.9989354448086418,0.0001959904456103201
0.4378214836120605,0.10390956274979787,0.21659817695617675,0.08834318849337412,3,5,9,False,,"{'model__max_depth': 3, 'model__min_samples_leaf': 5, 'select__k': 9, 'select__prune': False}",0.9952076677316294,0.9976019184652278,0.9959967974379503,0.9960222752585521,0.9968,0.996325731778672,0.0008128878985570596,79,0.9966142202748457,0.9969981989193516,0.9973994798959792,0.9964114832535885,0.9962173999601831,0.9967281564607896,0.0004237295509164408,0.9952076677316294,0.9952153110047847,0.9920255183413078,0.9984051036682615,0.9952076677316294,0.9952122536955226,0.00201740549099535,83,0.9980055843637814,0.9940143655227454,0.9948124501197126,0.9972067039106145,0.9980055843637814,0.996408937656127,0.0016743799193026977,0.9953846153846154,0.9976923076923077,0.9961538461538462,0.9961538461538462,0.9969207082371054,0.9964610647243441,0.0007841863408786431,61,0.9967301404116177,0.9971148297749567,0.9974995191382958,0.996537795729948,0.9963461538461539,0.9968456877801944,0.0004141535267094262,0.9980020098406348,0.9980733273139623,0.9967592559678272,0.9993494813624633,0.9980085355259223,0.998038522002162,0.0008195827923267203,85,0.9991647458438808,0.9975639601236275,0.9978935812127389,0.9988308045836669,0.9991644635273739,0.9985235110582578,0.0006684281614568325
0.391495943069458,0.1256321755853902,0.19043517112731934,0.10420641464224596,3,5,9,True,,"{'model__max_depth': 3, 'model__min_samples_leaf': 5, 'select__k': 9, 'select__prune': True}",0.9952076677316294,0.9976019184652278,0.9959967974379503,0.9960222752585521,0.9968,0.996325731778672,0.0008128878985570596,79,0.9966142202748457,0.9969981989193516,0.9973994798959792,0.9964114832535885,0.9962173999601831,0.9967281564607896,0.0004237295509164408,0.9952076677316294,0.9952153110047847,0.9920255183413078,0.9984051036682615,0.9952076677316294,0.9952122536955226,0.00201740549099535,83,0.9980055843637814,0.9940143655227454,0.9948124501197126,0.9972067039106145,0.9980055843637814,0.996408937656127,0.0016743799193026977,0.9953846153846154,0.9976923076923077,0.9961538461538462,0.9961538461538462,0.9969207082371054,0.9964610647243441,0.0007841863408786431,61,0.9967301404116177,0.9971148297749567,0.9974995191382958,0.996537795729948,0.9963461538461539,0.9968456877801944,0.0004141535267094262,0.9980020098406348,0.9980733273139623,0.9967592559678272,0.9993494813624633,0.9980085355259223,0.998038522002162,0.0008195827923267203,85,0.9991647458438808,0.9975639601236275,0.9978935812127389,0.9988308045836669,0.9991644635273739,0.9985235110582578,0.0006684281614568325
0.40882282257080077,0.15469458078533754,0.2837428092956543,0.12324305439480693,3,5,10,False,,"{'model__max_depth': 3, 'model__min_samples_leaf': 5, 'select__k': 10, 'select__prune': False}",0.9637561779242174,0.9644921552436003,0.9601990049751243,0.9552980132450332,0.9653465346534653,0.9618183772082881,0.003701069256244447,103,0.9614512471655329,0.9621039552702423,0.9631774927596194,0.9635577516985794,0.9610550175149392,0.9622690928817825,0.0009649821684229483,0.9345047923322684,0.9314194577352473,0.9234449760765551,0.9202551834130781,0.9345047923322684,0.9288258403778835,0.005893007772513449,105,0.9301954527323494,0.926975259377494,0.9289704708699122,0.9337589784517158,0.9301954527323494,0.9300191228327641,0.0022096823387583184,0.9661538461538461,0.9669230769230769,0.963076923076923,0.9584615384615385,0.9676674364896074,0.9644565642209985,0.003379878552179701,103,0.9640315445277938,0.964800923254472,0.9657626466628197,0.9659549913444894,0.9636538461538462,0.9648407903886842,0.0009117639638035595,0.9915790521515723,0.9909330262032224,0.9888463899177906,0.9904246974318139,0.9918086485100808,0.990718362842896,0.0010550934827206948,99,0.9920079646232747,0.9902144989418635,0.9907331946588492,0.9922654993037134,0.9919466489003459,0.9914335612856092,0.0008077060567437206
0.39235920906066896,0.07188419128679271,0.23369216918945312,0.09566811731264094,3,5,10,True,,"{'model__max_depth': 3, 'model__min_samples_leaf': 5, 'select__k': 10, 'select__prune': True}",0.9637561779242174,0.9644921552436003,0.9601990049751243,0.9552980132450332,0.9653465346534653,0.9618183772082881,0.003701069256244447,103,0.9614512471655329,0.9621039552702423,0.9631774927596194,0.9635577516985794,0.9610550175149392,0.9622690928817825,0.0009649821684229483,0.9345047923322684,0.9314194577352473,0.9234449760765551,0.9202551834130781,0.9345047923322684,0.9288258403778835,0.005893007772513449,105,0.9301954527323494,0.926975259377494,0.9289704708699122,0.9337589784517158,0.9301954527323494,0.9300191228327641,0.0022096823387583184,0.9661538461538461,0.9669230769230769,0.963076923076923,0.9584615384615385,0.9676674364896074,0.9644565642209985,0.003379878552179701,103,0.9640315445277938,0.964800923254472,0.9657626466628197,0.9659549913444894,0.9636538461538462,0.9648407903886842,0.0009117639638035595,0.9915790521515723,0.9909330262032224,0.9888463899177906,0.9904246974318139,0.9918086485100808,0.990718362842896,0.0010550934827206948,99,0.9920079646232747,0.9902144989418635,0.9907331946588492,0.9922654993037134,0.9919466489003459,0.9914335612856092,0.0008077060567437206
0.5809700012207031,0.08270052050868418,0.2770837306976318,0.09514899512555702,3,5,21,False,,"{'model__max_depth': 3, 'model__min_samples_leaf': 5, 'select__k': 21, 'select__prune': False}",0.9841772151898734,0.9873617693522907,0.983399209486166,0.983503534956795,0.9865186360031721,0.9849920729976596,0.0016347971332988217,95,0.9857707509881423,0.9849742981415579,0.9859656058509587,0.9848275862068966,0.9851866482322733,0.9853449778839657,0.0004464588910954654,0.9936102236421726,0.9968102073365231,0.9920255183413078,0.9984051036682615,0.9936102236421726,0.9948922553260875,0.002346232503673761,87,0.9948145193458316,0.9940143655227454,0.9952114924181963,0.9972067039106145,0.9948145193458316,0.9952123201086438,0.0010704348199024121,0.9846153846153847,0.9876923076923076,0.9838461538461538,0.9838461538461538,0.9869130100076983,0.9853826020015397,0.0016116362759181124,95,0.9861511829197923,0.985381804193114,0.9863435276014618,0.9851894595114445,0.9855769230769231,0.9857285794605473,0.0004451197511003079,0.9858363117528275,0.9886793168250898,0.9851944801893969,0.9875572017982278,0.9879800046522889,0.9870494630435662,0.0013185467091596913,103,0.9872324060239056,0.9865185048642263,0.9873941604390087,0.9880382144124061,0.9866948111570557,0.9871756193793205,0.0005400057668991677
0.5470680713653564,0.11961067858665185,0.279632043838501,0.11873231535710235,3,5,21,True,,"{'model__max_depth': 3, 'model__min_samples_leaf': 5, 'select__k': 21, 'select__prune': True}",0.9841772151898734,0.9873617693522907,0.983399209486166,0.983503534956795,0.9865186360031721,0.9849920729976596,0.0016347971332988217,95,0.9857707509881423,0.9849742981415579,0.9859656058509587,0.9848275862068966,0.9851866482322733,0.9853449778839657,0.0004464588910954654,0.9936102236421726,0.9968102073365231,0.9920255183413078,0.9984051036682615,0.9936102236421726,0.9948922553260875,0.002346232503673761,87,0.9948145193458316,0.9940143655227454,0.9952114924181963,0.9972067039106145,0.9948145193458316,0.9952123201086438,0.0010704348199024121,0.9846153846153847,0.9876923076923076,0.9838461538461538,0.9838461538461538,0.9869130100076983,0.9853826020015397,0.0016116362759181124,95,0.9861511829197923,0.985381804193114,0.9863435276014618,0.9851894595114445,0.9855769230769231,0.9857285794605473,0.0004451197511003079,0.9858363117528275,0.9886793168250898,0.9851944801893969,0.9875572017982278,0.9879800046522889,0.9870494630435662,0.0013185467091596913,103,0.9872324060239056,0.9865185048642263,0.9873941604390087,0.9880382144124061,0.9866948111570557,0.9871756193793205,0.0005400057668991677
0.3846750736236572,0.09653204837361198,0.1863008975982666,0.07333561326155118,6,1,6,False,,"{'model__max_depth': 6, 'model__min_samples_leaf': 1, 'select__k': 6, 'select__prune': False}",0.9975980784627703,1.0,0.9992019154030327,0.9992019154030327,0.9975980784627703,0.9987199975463212,0.0009612804775641835,45,0.9990017967658216,0.9984012789768185,0.9986013986013986,0.9986013986013986,0.9990017967658216,0.9987215339422519,0.00024021771112017916,0.9952076677316294,1.0,0.9984051036682615,0.9984051036682615,0.9952076677316294,0.9974451085599563,0.0019174427974193607,49,0.9980055843637814,0.9968076616121309,0.9972067039106145,0.9972067039106145,0.9980055843637814,0.9974464476321845,0.0004792221724257249,0.9976923076923077,1.0,0.9992307692307693,0.9992307692307693,0.9976905311778291,0.9987688754663351,0.0009234916234883537,45,0.9990382765916522,0.9984612425466436,0.9986535872283131,0.9986535872283131,0.9990384615384615,0.9987690310266768,0.0002308567800788867,0.9999395625752505,1.0,0.9999822262667339,0.9999691921956723,0.999925231071593,0.9999632424218499,2.73952682407007e-05,51,0.9999714765965846,0.9999531758758556,0.9999590288913737,0.9999647337292836,0.9999729683732931,0.9999642766932781,7.461372035904574e-06
0.3292957305908203,0.09391334145739823,0.22979307174682617,0.06659821597033966,6,1,6,True,,"{'model__max_depth': 6, 'model__min_samples_leaf': 1, 'select__k': 6, 'select__prune': True}",0.9975980784627703,1.0,0.9992019154030327,0.9992019154030327,0.9975980784627703,0.9987199975463212,0.0009612804775641835,45,0.9990017967658216,0.9984012789768185,0.9986013986013986,0.9986013986013986,0.9990017967658216,0.9987215339422519,0.00024021771112017916,0.9952076677316294,1.0,0.9984051036682615,0.9984051036682615,0.9952076677316294,0.9974451085599563,0.0019174427974193607,49,0.9980055843637814,0.9968076616121309,0.9972067039106145,0.9972067039106145,0.9980055843637814,0.9974464476321845,0.0004792221724257249,0.9976923076923077,1.0,0.9992307692307693,0.9992307692307693,0.9976905311778291,0.9987688754663351,0.0009234916234883537,45,0.9990382765916522,0.9984612425466436,0.9986535872283131,0.9986535872283131,0.9990384615384615,0.9987690310266768,0.0002308567800788867,0.9999395625752505,1.0,0.9999822262667339,0.9999691921956723,0.999925231071593,0.9999632424218499,2.73952682407007e-05,51,0.9999714765965846,0.9999531758758556,0.9999590288913737,0.9999647337292836,0.9999729683732931,0.9999642766932781,7.461372035904574e-06
0.41135802268981936,0.10823694370376997,0.2111886978149414,0.011450214610321505,6,1,7,False,,"{'model__max_depth': 6, 'model__min_samples_leaf': 1, 'select__k': 7, 'select__prune': False}",1.0,1.0,1.0,1.0,1.0,1.0,0.0,1,1.0,1.0,1.0,1.0,1.0,1.0,0.0,1.0,1.0,1.0,1.0,1.0,1.0,0.0,1,1.0,1.0,1.0,1.0,1.0,1.0,0.0,1.0,1.0,1.0,1.0,1.0,1.0,0.0,1,1.0,1.0,1.0,1.0,1.0,1.0,0.0,1.0,1.0,1.0,1.0,1.0,1.0,0.0,1,1.0,1.0,1.0,1.0,1.0,1.0,0.0
0.4138642311096191,0.10590506197952669,0.1812371253967285,0.03532792056563126,6,1,7,True,,"{'model__max_depth': 6, 'model__min_samples_leaf': 1, 'select__k': 7, 'select__prune': True}",1.0,1.0,1.0,1.0,1.0,1.0,0.0,1,1.0,1.0,1.0,1.0,1.0,1.0,0.0,1.0,1.0,1.0,1.0,1.0,1.0,0.0,1,1.0,1.0,1.0,1.0,1.0,1.0,0.0,1.0,1.0,1.0,1.0,1.0,1.0,0.0,1,1.0,1.0,1.0,1.0,1.0,1.0,0.0,1.0,1.0,1.0,1.0,1.0,1.0,0.0,1,1.0,1.0,1.0,1.0,1.0,1.0,0.0
0.5214160442352295,0.16157450198134807,0.08113722801208496,0.015850231897247206,6,1,8,False,,"{'model__max_depth': 6, 'model__min_samples_leaf': 1, 'select__k': 8, 'select__prune': False}",1.0,1.0,1.0,1.0,1.0,1.0,0.0,1,1.0,1.0,1.0,1.0,1.0,1.0,0.0,1.0,1.0,1.0,1.0,1.0,1.0,0.0,1,1.0,1.0,1.0,1.0,1.0,1.0,0.0,1.0,1.0,1.0,1.0,1.0,1.0,0.0,1,1.0,1.0,1.0,1.0,1.0,1.0,0.0,1.0,1.0,1.0,1.0,1.0,1.0,0.0,1,1.0,1.0,1.0,1.0,1.0,1.0,0.0
0.47918009757995605,0.20523968748425167,0.07138714790344239,0.012656441595475701,6,1,8,True,,"{'model__max_depth': 6, 'model__min_samples_leaf': 1, 'select__k': 8, 'select__prune': True}",1.0,1.0,1.0,1.0,1.0,1.0,0.0,1,1.0,1.0,1.0,1.0,1.0,1.0,0.0,1.0,1.0,1.0,1.0,1.0,1.0,0.0,1,1.0,1.0,1.0,1.0,1.0,1.0,0.0,1.0,1.0,1.0,1.0,1.0,1.0,0.0,1,1.0,1.0,1.0,1.0,1.0,1.0,0.0,1.0,1.0,1.0,1.0,1.0,1.0,0.0,1,1.0,1.0,1.0,1.0,1.0,1.0,0.0
0.547631025314331,0.16979925126452827,0.10538182258605958,0.05454659613249514,6,1,9,False,,"{'model__max_depth': 6, 'model__min_samples_leaf': 1, 'select__k': 9, 'select__prune': False}",1.0,1.0,0.9992019154030327,1.0,1.0,0.9998403830806065,0.00031923383878691426,35,1.0,0.9984012789768185,0.9986013986013986,1.0,1.0,0.9994005355156433,0.0007369133520445555,1.0,1.0,0.9984051036682615,1.0,1.0,0.9996810207336523,0.0006379585326953929,39,1.0,0.9968076616121309,0.9972067039106145,1.0,1.0,0.9988028731045491,0.0014715952844841132,1.0,1.0,0.9992307692307693,1.0,1.0,0.9998461538461537,0.00030769230769229773,35,1.0,0.9984612425466436,0.9986535872283131,1.0,1.0,0.9994229659549912,0.0007093321375105194,1.0,1.0,0.9999893357600405,1.0,1.0,0.9999978671520081,4.2656959838183186e-06,37,1.0,0.9999839968183304,0.9999880717025519,1.0,1.0,0.9999944137041765,6.962077253528431e-06
0.5075923919677734,0.1422379390781344,0.09994354248046874,0.06751929356704507,6,1,9,True,,"{'model__max_depth': 6, 'model__min_samples_leaf': 1, 'select__k': 9, 'select__prune': True}",1.0,1.0,0.9992019154030327,1.0,1.0,0.9998403830806065,0.00031923383878691426,35,1.0,0.9984012789768185,0.9986013986013986,1.0,1.0,0.9994005355156433,0.0007369133520445555,1.0,1.0,0.9984051036682615,1.0,1.0,0.9996810207336523,0.0006379585326953929,39,1.0,0.9968076616121309,0.9972067039106145,1.0,1.0,0.9988028731045491,0.0014715952844841132,1.0,1.0,0.9992307692307693,1.0,1.0,0.9998461538461537,0.00030769230769229773,35,1.0,0.9984612425466436,0.9986535872283131,1.0,1.0,0.9994229659549912,0.0007093321375105194,1.0,1.0,0.9999893357600405,1.0,1.0,0.9999978671520081,4.2656959838183186e-06,37,1.0,0.9999839968183304,0.9999880717025519,1.0,1.0,0.9999944137041765,6.962077253528431e-06
0.4840855598449707,0.10692620806790867,0.10046920776367188,0.04959766051656824,6,1,10,False,,"{'model__max_depth': 6, 'model__min_samples_leaf': 1, 'select__k': 10, 'select__prune': False}",1.0,1.0,1.0,1.0,1.0,1.0,0.0,1,1.0,1.0,1.0,1.0,1.0,1.0,0.0,1.0,1.0,1.0,1.0,1.0,1.0,0.0,1,1.0,1.0,1.0,1.0,1.0,1.0,0.0,1.0,1.0,1.0,1.0,1.0,1.0,0.0,1,1.0,1.0,1.0,1.0,1.0,1.0,0.0,1.0,1.0,1.0,1.0,1.0,1.0,0.0,1,1.0,1.0,1.0,1.0,1.0,1.0,0.0
0.4428870677947998,0.135155825972978,0.11925950050354003,0.06857028911505426,6,1,10,True,,"{'model__max_depth': 6, 'model__min_samples_leaf': 1, 'select__k': 10, 'select__prune': True}",1.0,1.0,1.0,1.0,1.0,1.0,0.0,1,1.0,1.0,1.0,1.0,1.0,1.0,0.0,1.0,1.0,1.0,1.0,1.0,1.0,0.0,1,1.0,1.0,1.0,1.0,1.0,1.0,0.0,1.0,1.0,1.0,1.0,1.0,1.0,0.0,1,1.0,1.0,1.0,1.0,1.0,1.0,0.0,1.0,1.0,1.0,1.0,1.0,1.0,0.0,1,1.0,1.0,1.0,1.0,1.0,1.0,0.0
0.6812421798706054,0.12168189888807393,0.3072813510894775,0.14653945131562907,6,1,21,False,,"{'model__max_depth': 6, 'model__min_samples_leaf': 1, 'select__k': 21, 'select__prune': False}",0.9975980784627703,0.9992019154030327,0.9984025559105432,0.9992019154030327,0.9992006394884093,0.9987210209335575,0.0006410885591372065,43,0.9990017967658216,0.9988014382740711,0.9990013980427401,0.9996007984031936,0.9988019169329073,0.9990414696837467,0.0002936082053667242,0.9952076677316294,0.9984051036682615,0.9968102073365231,0.9984051036682615,0.9984025559105432,0.9974461276630437,0.0012782114438551495,47,0.9980055843637814,0.9976057462090981,0.9980047885075818,0.9992019154030327,0.9976067012365377,0.9980849471440063,0.0005862925265732562,0.9976923076923077,0.9992307692307693,0.9984615384615385,0.9992307692307693,0.9992301770592764,0.9987691123349322,0.0006152958288424498,43,0.9990382765916522,0.9988459319099827,0.9990382765916522,0.9996153106366609,0.9988461538461538,0.9990767899152203,0.000282651564489602,0.9986715617030555,0.9993577757713208,0.9987037023871308,0.9999691921956723,0.9993401345365988,0.9992084733187555,0.00048195163342608296,65,0.9996728328584866,0.999025584049451,0.9991898389279765,0.9999822186870337,0.9990321937046378,0.9993805336455172,0.0003824024384191788
0.5472947597503662,0.05809389528783904,0.281581449508667,0.09410949297202388,6,1,21,True,,"{'model__max_depth': 6, 'model__min_samples_leaf': 1, 'select__k': 21, 'select__prune': True}",0.9975980784627703,0.9992019154030327,0.9984025559105432,0.9992019154030327,0.9992006394884093,0.9987210209335575,0.0006410885591372065,43,0.9990017967658216,0.9988014382740711,0.9990013980427401,0.9996007984031936,0.9988019169329073,0.9990414696837467,0.0002936082053667242,0.9952076677316294,0.9984051036682615,0.9968102073365231,0.9984051036682615,0.9984025559105432,0.9974461276630437,0.0012782114438551495,47,0.9980055843637814,0.9976057462090981,0.9980047885075818,0.9992019154030327,0.9976067012365377,0.9980849471440063,0.0005862925265732562,0.9976923076923077,0.9992307692307693,0.9984615384615385,0.9992307692307693,0.9992301770592764,0.9987691123349322,0.0006152958288424498,43,0.9990382765916522,0.9988459319099827,0.9990382765916522,0.9996153106366609,0.9988461538461538,0.9990767899152203,0.000282651564489602,0.9986715617030555,0.9993577757713208,0.9987037023871308,0.9999691921956723,0.9993401345365988,0.9992084733187555,0.00048195163342608296,65,0.9996728328584866,0.999025584049451,0.9991898389279765,0.9999822186870337,0.9990321937046378,0.9993805336455172,0.0003824024384191788
0.39096641540527344,0.06131506914431838,0.1270212173461914,0.047866368542095465,6,5,6,False,,"{'model__max_depth': 6, 'model__min_samples_leaf': 5, 'select__k': 6, 'select__prune': False}",0.9975980784627703,1.0,0.9992019154030327,0.9992019154030327,0.9975980784627703,0.9987199975463212,0.0009612804775641835,45,0.9990017967658216,0.9984012789768185,0.9986013986013986,0.9986013986013986,0.9990017967658216,0.9987215339422519,0.00024021771112017916,0.9952076677316294,1.0,0.9984051036682615,0.9984051036682615,0.9952076677316294,0.9974451085599563,0.0019174427974193607,49,0.9980055843637814,0.9968076616121309,0.9972067039106145,0.9972067039106145,0.9980055843637814,0.9974464476321845,0.0004792221724257249,0.9976923076923077,1.0,0.9992307692307693,0.9992307692307693,0.9976905311778291,0.9987688754663351,0.0009234916234883537,45,0.9990382765916522,0.9984612425466436,0.9986535872283131,0.9986535872283131,0.9990384615384615,0.9987690310266768,0.0002308567800788867,0.9999395625752505,1.0,0.9999822262667339,0.9999691921956723,0.999925231071593,0.9999632424218499,2.73952682407007e-05,51,0.9999714765965846,0.9999531758758556,0.9999590288913737,0.9999647337292836,0.9999729683732931,0.9999642766932781,7.461372035904574e-06
0.311357307434082,0.10775306230788091,0.21847891807556152,0.13226420352625232,6,5,6,True,,"{'model__max_depth': 6, 'model__min_samples_leaf': 5, 'select__k': 6, 'select__prune': True}",0.9975980784627703,1.0,0.9992019154030327,0.9992019154030327,0.9975980784627703,0.9987199975463212,0.0009612804775641835,45,0.9990017967658216,0.9984012789768185,0.9986013986013986,0.9986013986013986,0.9990017967658216,0.9987215339422519,0.00024021771112017916,0.9952076677316294,1.0,0.9984051036682615,0.9984051036682615,0.9952076677316294,0.9974451085599563,0.0019174427974193607,49,0.9980055843637814,0.9968076616121309,0.9972067039106145,0.9972067039106145,0.9980055843637814,0.9974464476321845,0.0004792221724257249,0.9976923076923077,1.0,0.9992307692307693,0.9992307692307693,0.9976905311778291,0.9987688754663351,0.0009234916234883537,45,0.9990382765916522,0.9984612425466436,0.9986535872283131,0.9986535872283131,0.9990384615384615,0.9987690310266768,0.0002308567800788867,0.9999395625752505,1.0,0.9999822262667339,0.9999691921956723,0.999925231071593,0.9999632424218499,2.73952682407007e-05,51,0.9999714765965846,0.9999531758758556,0.9999590288913737,0.9999647337292836,0.9999729683732931,0.9999642766932781,7.461372035904574e-06
0.3745139122009277,0.11877171997650783,0.1920022487640381,0.15079420048636813,6,5,7,False,,"{'model__max_depth': 6, 'model__min_samples_leaf': 5, 'select__k': 7, 'select__prune': False}",1.0,1.0,1.0,1.0,1.0,1.0,0.0,1,1.0,1.0,1.0,1.0,1.0,1.0,0.0,1.0,1.0,1.0,1.0,1.0,1.0,0.0,1,1.0,1.0,1.0,1.0,1.0,1.0,0.0,1.0,1.0,1.0,1.0,1.0,1.0,0.0,1,1.0,1.0,1.0,1.0,1.0,1.0,0.0,1.0,1.0,1.0,1.0,1.0,1.0,0.0,1,1.0,1.0,1.0,1.0,1.0,1.0,0.0
0.3831005096435547,0.06791188801761555,0.13886361122131347,0.1076553409367816,6,5,7,True,,"{'model__max_depth': 6, 'model__min_samples_leaf': 5, 'select__k': 7, 'select__prune': True}",1.0,1.0,1.0,1.0,1.0,1.0,0.0,1,1.0,1.0,1.0,1.0,1.0,1.0,0.0,1.0,1.0,1.0,1.0,1.0,1.0,0.0,1,1.0,1.0,1.0,1.0,1.0,1.0,0.0,1.0,1.0,1.0,1.0,1.0,1.0,0.0,1,1.0,1.0,1.0,1.0,1.0,1.0,0.0,1.0,1.0,1.0,1.0,1.0,1.0,0.0,1,1.0,1.0,1.0,1.0,1.0,1.0,0.0
0.39924030303955077,0.12591434534976387,0.11776471138000488,0.07162559433509351,6,5,8,False,,"{'model__max_depth': 6, 'model__min_samples_leaf': 5, 'select__k': 8, 'select__prune': False}",1.0,1.0,1.0,1.0,1.0,1.0,0.0,1,1.0,1.0,1.0,1.0,1.0,1.0,0.0,1.0,1.0,1.0,1.0,1.0,1.0,0.0,1,1.0,1.0,1.0,1.0,1.0,1.0,0.0,1.0,1.0,1.0,1.0,1.0,1.0,0.0,1,1.0,1.0,1.0,1.0,1.0,1.0,0.0,1.0,1.0,1.0,1.0,1.0,1.0,0.0,1,1.0,1.0,1.0,1.0,1.0,1.0,0.0
0.48917207717895506,0.15830793535605056,0.07243990898132324,0.012417050597343566,6,5,8,True,,"{'model__max_depth': 6, 'model__min_samples_leaf': 5, 'select__k': 8, 'select__prune': True}",1.0,1.0,1.0,1.0,1.0,1.0,0.0,1,1.0,1.0,1.0,1.0,1.0,1.0,0.0,1.0,1.0,1.0,1.0,1.0,1.0,0.0,1,1.0,1.0,1.0,1.0,1.0,1.0,0.0,1.0,1.0,1.0,1.0,1.0,1.0,0.0,1,1.0,1.0,1.0,1.0,1.0,1.0,0.0,1.0,1.0,1.0,1.0,1.0,1.0,0.0,1,1.0,1.0,1.0,1.0,1.0,1.0,0.0
0.5460021018981933,0.1705235590799846,0.058976030349731444,0.008264245434693293,6,5,9,False,,"{'model__max_depth': 6, 'model__min_samples_leaf': 5, 'select__k': 9, 'select__prune': False}",1.0,1.0,0.9992019154030327,1.0,1.0,0.9998403830806065,0.00031923383878691426,35,1.0,0.9984012789768185,0.9986013986013986,1.0,1.0,0.9994005355156433,0.0007369133520445555,1.0,1.0,0.9984051036682615,1.0,1.0,0.9996810207336523,0.0006379585326953929,39,1.0,0.9968076616121309,0.9972067039106145,1.0,1.0,0.9988028731045491,0.0014715952844841132,1.0,1.0,0.9992307692307693,1.0,1.0,0.9998461538461537,0.00030769230769229773,35,1.0,0.9984612425466436,0.9986535872283131,1.0,1.0,0.9994229659549912,0.0007093321375105194,1.0,1.0,0.9999893357600405,1.0,1.0,0.9999978671520081,4.2656959838183186e-06,37,1.0,0.9999839968183304,0.9999880717025519,1.0,1.0,0.9999944137041765,6.962077253528431e-06
0.4688866138458252,0.10519583779287754,0.09304113388061523,0.05621096148981432,6,5,9,True,,"{'model__max_depth': 6, 'model__min_samples_leaf': 5, 'select__k': 9, 'select__prune': True}",1.0,1.0,0.9992019154030327,1.0,1.0,0.9998403830806065,0.00031923383878691426,35,1.0,0.9984012789768185,0.9986013986013986,1.0,1.0,0.9994005355156433,0.0007369133520445555,1.0,1.0,0.9984051036682615,1.0,1.0,0.9996810207336523,0.0006379585326953929,39,1.0,0.9968076616121309,0.9972067039106145,1.0,1.0,0.9988028731045491,0.0014715952844841132,1.0,1.0,0.9992307692307693,1.0,1.0,0.9998461538461537,0.00030769230769229773,35,1.0,0.9984612425466436,0.9986535872283131,1.0,1.0,0.9994229659549912,0.0007093321375105194,1.0,1.0,0.9999893357600405,1.0,1.0,0.9999978671520081,4.2656959838183186e-06,37,1.0,0.9999839968183304,0.9999880717025519,1.0,1.0,0.9999944137041765,6.962077253528431e-06
0.3713968753814697,0.09642173088999129,0.17388477325439453,0.0950425057383759,6,5,10,False,,"{'model__max_depth': 6, 'model__min_samples_leaf': 5, 'select__k': 10, 'select__prune': False}",1.0,1.0,1.0,1.0,1.0,1.0,0.0,1,1.0,1.0,1.0,1.0,1.0,1.0,0.0,1.0,1.0,1.0,1.0,1.0,1.0,0.0,1,1.0,1.0,1.0,1.0,1.0,1.0,0.0,1.0,1.0,1.0,1.0,1.0,1.0,0.0,1,1.0,1.0,1.0,1.0,1.0,1.0,0.0,1.0,1.0,1.0,1.0,1.0,1.0,0.0,1,1.0,1.0,1.0,1.0,1.0,1.0,0.0
0.39676666259765625,0.05071206161274709,0.3046605110168457,0.07595989308373448,6,5,10,True,,"{'model__max_depth': 6, 'model__min_samples_leaf': 5, 'select__k': 10, 'select__prune': True}",1.0,1.0,1.0,1.0,1.0,1.0,0.0,1,1.0,1.0,1.0,1.0,1.0,1.0,0.0,1.0,1.0,1.0,1.0,1.0,1.0,0.0,1,1.0,1.0,1.0,1.0,1.0,1.0,0.0,1.0,1.0,1.0,1.0,1.0,1.0,0.0,1,1.0,1.0,1.0,1.0,1.0,1.0,0.0,1.0,1.0,1.0,1.0,1.0,1.0,0.0,1,1.0,1.0,1.0,1.0,1.0,1.0,0.0
0.6468342781066895,0.13638912345266652,0.15991716384887694,0.09717457395091297,6,5,21,False,,"{'model__max_depth': 6, 'model__min_samples_leaf': 5, 'select__k': 21, 'select__prune': False}",0.9967948717948718,1.0,1.0,1.0,1.0,0.9993589743589745,0.0012820512820512775,41,0.9984019176987615,1.0,1.0,1.0,1.0,0.9996803835397523,0.0006392329204953917,0.9936102236421726,1.0,1.0,1.0,1.0,0.9987220447284345,0.002555910543130979,45,0.9968089349820503,1.0,1.0,1.0,1.0,0.9993617869964101,0.0012764260071798984,0.9969230769230769,1.0,1.0,1.0,1.0,0.9993846153846153,0.0012307692307692351,41,0.9984612425466436,1.0,1.0,1.0,1.0,0.9996922485093286,0.0006155029813425639,0.9998637195324277,1.0,1.0,1.0,1.0,0.9999727439064856,5.4512187028921134e-05,49,0.9999534735133899,1.0,1.0,1.0,1.0,0.999990694702678,1.8610594644030698e-05
0.5021966934204102,0.10884135174622908,0.3131505012512207,0.13181500959987646,6,5,21,True,,"{'model__max_depth': 6, 'model__min_samples_leaf': 5, 'select__k': 21, 'select__prune': True}",0.9967948717948718,1.0,1.0,1.0,1.0,0.9993589743589745,0.0012820512820512775,41,0.9984019176987615,1.0,1.0,1.0,1.0,0.9996803835397523,0.0006392329204953917,0.9936102236421726,1.0,1.0,1.0,1.0,0.9987220447284345,0.002555910543130979,45,0.9968089349820503,1.0,1.0,1.0,1.0,0.9993617869964101,0.0012764260071798984,0.9969230769230769,1.0,1.0,1.0,1.0,0.9993846153846153,0.0012307692307692351,41,0.9984612425466436,1.0,1.0,1.0,1.0,0.9996922485093286,0.0006155029813425639,0.9998637195324277,1.0,1.0,1.0,1.0,0.9999727439064856,5.4512187028921134e-05,49,0.9999534735133899,1.0,1.0,1.0,1.0,0.999990694702678,1.8610594644030698e-05
0.33823609352111816,0.054608785216422935,0.213333797454834,0.054194198640253495,,1,6,False,,"{'model__max_depth': None, 'model__min_samples_leaf': 1, 'select__k': 6, 'select__prune': False}",0.9975980784627703,1.0,0.9992019154030327,0.9992019154030327,0.9975980784627703,0.9987199975463212,0.0009612804775641835,45,0.9990017967658216,0.9984012789768185,0.9986013986013986,0.9986013986013986,0.9990017967658216,0.9987215339422519,0.00024021771112017916,0.9952076677316294,1.0,0.9984051036682615,0.9984051036682615,0.9952076677316294,0.9974451085599563,0.0019174427974193607,49,0.9980055843637814,0.9968076616121309,0.9972067039106145,0.9972067039106145,0.9980055843637814,0.9974464476321845,0.0004792221724257249,0.9976923076923077,1.0,0.9992307692307693,0.9992307692307693,0.9976905311778291,0.9987688754663351,0.0009234916234883537,45,0.9990382765916522,0.9984612425466436,0.9986535872283131,0.9986535872283131,0.9990384615384615,0.9987690310266768,0.0002308567800788867,0.9999715588589414,1.0,0.9999928905066936,0.9999869659289382,0.9999608353232153,0.9999824501235578,1.4305324184942677e-05,45,0.9999862939490082,0.9999786624244406,0.9999797737565008,0.9999823668646418,0.9999874099272871,0.9999829013843756,3.460433578920568e-06
0.2923236846923828,0.03936114439565701,0.23598108291625977,0.04641695929859573,,1,6,True,,"{'model__max_depth': None, 'model__min_samples_leaf': 1, 'select__k': 6, 'select__prune': True}",0.9975980784627703,1.0,0.9992019154030327,0.9992019154030327,0.9975980784627703,0.9987199975463212,0.0009612804775641835,45,0.9990017967658216,0.9984012789768185,0.9986013986013986,0.9986013986013986,0.9990017967658216,0.9987215339422519,0.00024021771112017916,0.9952076677316294,1.0,0.9984051036682615,0.9984051036682615,0.9952076677316294,0.9974451085599563,0.0019174427974193607,49,0.9980055843637814,0.9968076616121309,0.9972067039106145,0.9972067039106145,0.9980055843637814,0.9974464476321845,0.0004792221724257249,0.9976923076923077,1.0,0.9992307692307693,0.9992307692307693,0.9976905311778291,0.9987688754663351,0.0009234916234883537,45,0.9990382765916522,0.9984612425466436,0.9986535872283131,0.9986535872283131,0.9990384615384615,0.9987690310266768,0.0002308567800788867,0.9999715588589414,1.0,0.9999928905066936,0.9999869659289382,0.9999608353232153,0.9999824501235578,1.4305324184942677e-05,45,0.9999862939490082,0.9999786624244406,0.9999797737565008,0.9999823668646418,0.9999874099272871,0.9999829013843756,3.460433578920568e-06
0.33461918830871584,0.05150084051919162,0.30060381889343263,0.05952626315012592,,1,7,False,,"{'model__max_depth': None, 'model__min_samples_leaf': 1, 'select__k': 7, 'select__prune': False}",1.0,1.0,1.0,1.0,1.0,1.0,0.0,1,1.0,1.0,1.0,1.0,1.0,1.0,0.0,1.0,1.0,1.0,1.0,1.0,1.0,0.0,1,1.0,1.0,1.0,1.0,1.0,1.0,0.0,1.0,1.0,1.0,1.0,1.0,1.0,0.0,1,1.0,1.0,1.0,1.0,1.0,1.0,0.0,1.0,1.0,1.0,1.0,1.0,1.0,0.0,1,1.0,1.0,1.0,1.0,1.0,1.0,0.0
0.3470890045166016,0.059848283925900005,0.2719864845275879,0.0749536997966195,,1,7,True,,"{'model__max_depth': None, 'model__min_samples_leaf': 1, 'select__k': 7, 'select__prune': True}",1.0,1.0,1.0,1.0,1.0,1.0,0.0,1,1.0,1.0,1.0,1.0,1.0,1.0,0.0,1.0,1.0,1.0,1.0,1.0,1.0,0.0,1,1.0,1.0,1.0,1.0,1.0,1.0,0.0,1.0,1.0,1.0,1.0,1.0,1.0,0.0,1,1.0,1.0,1.0,1.0,1.0,1.0,0.0,1.0,1.0,1.0,1.0,1.0,1.0,0.0,1,1.0,1.0,1.0,1.0,1.0,1.0,0.0
0.343698787689209,0.06629953401649755,0.2641616344451904,0.059170910504729675,,1,8,False,,"{'model__max_depth': None, 'model__min_samples_leaf': 1, 'select__k': 8, 'select__prune': False}",1.0,1.0,1.0,1.0,1.0,1.0,0.0,1,1.0,1.0,1.0,1.0,1.0,1.0,0.0,1.0,1.0,1.0,1.0,1.0,1.0,0.0,1,1.0,1.0,1.0,1.0,1.0,1.0,0.0,1.0,1.0,1.0,1.0,1.0,1.0,0.0,1,1.0,1.0,1.0,1.0,1.0,1.0,0.0,1.0,1.0,1.0,1.0,1.0,1.0,0.0,1,1.0,1.0,1.0,1.0,1.0,1.0,0.0
0.38725790977478025,0.0881227233614468,0.22026562690734863,0.09363493734385916,,1,8,True,,"{'model__max_depth': None, 'model__min_samples_leaf': 1, 'select__k': 8, 'select__prune': True}",1.0,1.0,1.0,1.0,1.0,1.0,0.0,1,1.0,1.0,1.0,1.0,1.0,1.0,0.0,1.0,1.0,1.0,1.0,1.0,1.0,0.0,1,1.0,1.0,1.0,1.0,1.0,1.0,0.0,1.0,1.0,1.0,1.0,1.0,1.0,0.0,1,1.0,1.0,1.0,1.0,1.0,1.0,0.0,1.0,1.0,1.0,1.0,1.0,1.0,0.0,1,1.0,1.0,1.0,1.0,1.0,1.0,0.0
0.3945767879486084,0.10246064930371733,0.21131157875061035,0.029648499266015708,,1,9,False,,"{'model__max_depth': None, 'model__min_samples_leaf': 1, 'select__k': 9, 'select__prune': False}",1.0,1.0,1.0,1.0,1.0,1.0,0.0,1,1.0,1.0,1.0,1.0,1.0,1.0,0.0,1.0,1.0,1.0,1.0,1.0,1.0,0.0,1,1.0,1.0,1.0,1.0,1.0,1.0,0.0,1.0,1.0,1.0,1.0,1.0,1.0,0.0,1,1.0,1.0,1.0,1.0,1.0,1.0,0.0,1.0,1.0,1.0,1.0,1.0,1.0,0.0,1,1.0,1.0,1.0,1.0,1.0,1.0,0.0
0.40708484649658205,0.10045631775430845,0.22842059135437012,0.0852786017472926,,1,9,True,,"{'model__max_depth': None, 'model__min_samples_leaf': 1, 'select__k': 9, 'select__prune': True}",1.0,1.0,1.0,1.0,1.0,1.0,0.0,1,1.0,1.0,1.0,1.0,1.0,1.0,0.0,1.0,1.0,1.0,1.0,1.0,1.0,0.0,1,1.0,1.0,1.0,1.0,1.0,1.0,0.0,1.0,1.0,1.0,1.0,1.0,1.0,0.0,1,1.0,1.0,1.0,1.0,1.0,1.0,0.0,1.0,1.0,1.0,1.0,1.0,1.0,0.0,1,1.0,1.0,1.0,1.0,1.0,1.0,0.0
0.3937657833099365,0.12034211998717513,0.17486109733581542,0.040778002839405365,,1,10,False,,"{'model__max_depth': None, 'model__min_samples_leaf': 1, 'select__k': 10, 'select__prune': False}",1.0,1.0,1.0,1.0,1.0,1.0,0.0,1,1.0,1.0,1.0,1.0,1.0,1.0,0.0,1.0,1.0,1.0,1.0,1.0,1.0,0.0,1,1.0,1.0,1.0,1.0,1.0,1.0,0.0,1.0,1.0,1.0,1.0,1.0,1.0,0.0,1,1.0,1.0,1.0,1.0,1.0,1.0,0.0,1.0,1.0,1.0,1.0,1.0,1.0,0.0,1,1.0,1.0,1.0,1.0,1.0,1.0,0.0
0.48634724617004393,0.13493551785735364,0.17694311141967772,0.11048597728106992,,1,10,True,,"{'model__max_depth': None, 'model__min_samples_leaf': 1, 'select__k': 10, 'select__prune': True}",1.0,1.0,1.0,1.0,1.0,1.0,0.0,1,1.0,1.0,1.0,1.0,1.0,1.0,0.0,1.0,1.0,1.0,1.0,1.0,1.0,0.0,1,1.0,1.0,1.0,1.0,1.0,1.0,0.0,1.0,1.0,1.0,1.0,1.0,1.0,0.0,1,1.0,1.0,1.0,1.0,1.0,1.0,0.0,1.0,1.0,1.0,1.0,1.0,1.0,0.0,1,1.0,1.0,1.0,1.0,1.0,1.0,0.0
0.5952393054962158,0.0983769657677094,0.24271273612976074,0.13066099658843283,,1,21,False,,"{'model__max_depth': None, 'model__min_samples_leaf': 1, 'select__k': 21, 'select__prune': False}",1.0,1.0,1.0,1.0,1.0,1.0,0.0,1,1.0,1.0,1.0,1.0,1.0,1.0,0.0,1.0,1.0,1.0,1.0,1.0,1.0,0.0,1,1.0,1.0,1.0,1.0,1.0,1.0,0.0,1.0,1.0,1.0,1.0,1.0,1.0,0.0,1,1.0,1.0,1.0,1.0,1.0,1.0,0.0,1.0,1.0,1.0,1.0,1.0,1.0,0.0,1,1.0,1.0,1.0,1.0,1.0,1.0,0.0
0.5232267379760742,0.10722221190271336,0.18850359916687012,0.11829396824177188,,1,21,True,,"{'model__max_depth': None, 'model__min_samples_leaf': 1, 'select__k': 21, 'select__prune': True}",1.0,1.0,1.0,1.0,1.0,1.0,0.0,1,1.0,1.0,1.0,1.0,1.0,1.0,0.0,1.0,1.0,1.0,1.0,1.0,1.0,0.0,1,1.0,1.0,1.0,1.0,1.0,1.0,0.0,1.0,1.0,1.0,1.0,1.0,1.0,0.0,1,1.0,1.0,1.0,1.0,1.0,1.0,0.0,1.0,1.0,1.0,1.0,1.0,1.0,0.0,1,1.0,1.0,1.0,1.0,1.0,1.0,0.0
0.3899796485900879,0.10503540292238932,0.22219605445861818,0.11763019184027904,,5,6,False,,"{'model__max_depth': None, 'model__min_samples_leaf': 5, 'select__k': 6, 'select__prune': False}",0.9975980784627703,1.0,0.9992019154030327,0.9992019154030327,0.9975980784627703,0.9987199975463212,0.0009612804775641835,45,0.9990017967658216,0.9984012789768185,0.9986013986013986,0.9986013986013986,0.9990017967658216,0.9987215339422519,0.00024021771112017916,0.9952076677316294,1.0,0.9984051036682615,0.9984051036682615,0.9952076677316294,0.9974451085599563,0.0019174427974193607,49,0.9980055843637814,0.9968076616121309,0.9972067039106145,0.9972067039106145,0.9980055843637814,0.9974464476321845,0.0004792221724257249,0.9976923076923077,1.0,0.9992307692307693,0.9992307692307693,0.9976905311778291,0.9987688754663351,0.0009234916234883537,45,0.9990382765916522,0.9984612425466436,0.9986535872283131,0.9986535872283131,0.9990384615384615,0.9987690310266768,0.0002308567800788867,0.9999715588589414,1.0,0.9999928905066936,0.9999869659289382,0.9999608353232153,0.9999824501235578,1.4305324184942677e-05,45,0.9999862939490082,0.9999786624244406,0.9999797737565008,0.9999823668646418,0.9999874099272871,0.9999829013843756,3.460433578920568e-06
0.38074288368225095,0.08932500333338217,0.20478286743164062,0.14125722190230175,,5,6,True,,"{'model__max_depth': None, 'model__min_samples_leaf': 5, 'select__k': 6, 'select__prune': True}",0.9975980784627703,1.0,0.9992019154030327,0.9992019154030327,0.9975980784627703,0.9987199975463212,0.0009612804775641835,45,0.9990017967658216,0.9984012789768185,0.9986013986013986,0.9986013986013986,0.9990017967658216,0.9987215339422519,0.00024021771112017916,0.9952076677316294,1.0,0.9984051036682615,0.9984051036682615,0.9952076677316294,0.9974451085599563,0.0019174427974193607,49,0.9980055843637814,0.9968076616121309,0.9972067039106145,0.9972067039106145,0.9980055843637814,0.9974464476321845,0.0004792221724257249,0.9976923076923077,1.0,0.9992307692307693,0.9992307692307693,0.9976905311778291,0.9987688754663351,0.0009234916234883537,45,0.9990382765916522,0.9984612425466436,0.9986535872283131,0.9986535872283131,0.9990384615384615,0.9987690310266768,0.0002308567800788867,0.9999715588589414,1.0,0.9999928905066936,0.9999869659289382,0.9999608353232153,0.9999824501235578,1.4305324184942677e-05,45,0.9999862939490082,0.9999786624244406,0.9999797737565008,0.9999823668646418,0.9999874099272871,0.9999829013843756,3.460433578920568e-06
0.38954815864562986,0.10663638101524912,0.187758207321167,0.14743667906495167,,5,7,False,,"{'model__max_depth': None, 'model__min_samples_leaf': 5, 'select__k': 7, 'select__prune': False}",1.0,1.0,1.0,1.0,1.0,1.0,0.0,1,1.0,1.0,1.0,1.0,1.0,1.0,0.0,1.0,1.0,1.0,1.0,1.0,1.0,0.0,1,1.0,1.0,1.0,1.0,1.0,1.0,0.0,1.0,1.0,1.0,1.0,1.0,1.0,0.0,1,1.0,1.0,1.0,1.0,1.0,1.0,0.0,1.0,1.0,1.0,1.0,1.0,1.0,0.0,1,1.0,1.0,1.0,1.0,1.0,1.0,0.0
0.3053425312042236,0.07095366951801312,0.21249427795410156,0.048118451337320046,,5,7,True,,"{'model__max_depth': None, 'model__min_samples_leaf': 5, 'select__k': 7, 'select__prune': True}",1.0,1.0,1.0,1.0,1.0,1.0,0.0,1,1.0,1.0,1.0,1.0,1.0,1.0,0.0,1.0,1.0,1.0,1.0,1.0,1.0,0.0,1,1.0,1.0,1.0,1.0,1.0,1.0,0.0,1.0,1.0,1.0,1.0,1.0,1.0,0.0,1,1.0,1.0,1.0,1.0,1.0,1.0,0.0,1.0,1.0,1.0,1.0,1.0,1.0,0.0,1,1.0,1.0,1.0,1.0,1.0,1.0,0.0
0.3572953701019287,0.05945441232486227,0.23312387466430665,0.07297586933415366,,5,8,False,,"{'model__max_depth': None, 'model__min_samples_leaf': 5, 'select__k': 8, 'select__prune': False}",1.0,1.0,1.0,1.0,1.0,1.0,0.0,1,1.0,1.0,1.0,1.0,1.0,1.0,0.0,1.0,1.0,1.0,1.0,1.0,1.0,0.0,1,1.0,1.0,1.0,1.0,1.0,1.0,0.0,1.0,1.0,1.0,1.0,1.0,1.0,0.0,1,1.0,1.0,1.0,1.0,1.0,1.0,0.0,1.0,1.0,1.0,1.0,1.0,1.0,0.0,1,1.0,1.0,1.0,1.0,1.0,1.0,0.0
0.3508033275604248,0.05512251646554303,0.26580100059509276,0.0623147213606594,,5,8,True,,"{'model__max_depth': None, 'model__min_samples_leaf': 5, 'select__k': 8, 'select__prune': True}",1.0,1.0,1.0,1.0,1.0,1.0,0.0,1,1.0,1.0,1.0,1.0,1.0,1.0,0.0,1.0,1.0,1.0,1.0,1.0,1.0,0.0,1,1.0,1.0,1.0,1.0,1.0,1.0,0.0,1.0,1.0,1.0,1.0,1.0,1.0,0.0,1,1.0,1.0,1.0,1.0,1.0,1.0,0.0,1.0,1.0,1.0,1.0,1.0,1.0,0.0,1,1.0,1.0,1.0,1.0,1.0,1.0,0.0
0.36258535385131835,0.0631040208086219,0.2384812355041504,0.09924696075390116,,5,9,False,,"{'model__max_depth': None, 'model__min_samples_leaf': 5, 'select__k': 9, 'select__prune': False}",1.0,1.0,1.0,1.0,1.0,1.0,0.0,1,1.0,1.0,1.0,1.0,1.0,1.0,0.0,1.0,1.0,1.0,1.0,1.0,1.0,0.0,1,1.0,1.0,1.0,1.0,1.0,1.0,0.0,1.0,1.0,1.0,1.0,1.0,1.0,0.0,1,1.0,1.0,1.0,1.0,1.0,1.0,0.0,1.0,1.0,1.0,1.0,1.0,1.0,0.0,1,1.0,1.0,1.0,1.0,1.0,1.0,0.0
0.400494384765625,0.07866572514526243,0.23432745933532714,0.08097694804556099,,5,9,True,,"{'model__max_depth': None, 'model__min_samples_leaf': 5, 'select__k': 9, 'select__prune': True}",1.0,1.0,1.0,1.0,1.0,1.0,0.0,1,1.0,1.0,1.0,1.0,1.0,1.0,0.0,1.0,1.0,1.0,1.0,1.0,1.0,0.0,1,1.0,1.0,1.0,1.0,1.0,1.0,0.0,1.0,1.0,1.0,1.0,1.0,1.0,0.0,1,1.0,1.0,1.0,1.0,1.0,1.0,0.0,1.0,1.0,1.0,1.0,1.0,1.0,0.0,1,1.0,1.0,1.0,1.0,1.0,1.0,0.0
0.4050969123840332,0.10942920699562536,0.25506162643432617,0.10076027266966674,,5,10,False,,"{'model__max_depth': None, 'model__min_samples_leaf': 5, 'select__k': 10, 'select__prune': False}",1.0,1.0,1.0,1.0,1.0,1.0,0.0,1,1.0,1.0,1.0,1.0,1.0,1.0,0.0,1.0,1.0,1.0,1.0,1.0,1.0,0.0,1,1.0,1.0,1.0,1.0,1.0,1.0,0.0,1.0,1.0,1.0,1.0,1.0,1.0,0.0,1,1.0,1.0,1.0,1.0,1.0,1.0,0.0,1.0,1.0,1.0,1.0,1.0,1.0,0.0,1,1.0,1.0,1.0,1.0,1.0,1.0,0.0
0.4448227882385254,0.13122515619900318,0.23298320770263672,0.15753456822352777,,5,10,True,,"{'model__max_depth': None, 'model__min_samples_leaf': 5, 'select__k': 10, 'select__prune': True}",1.0,1.0,1.0,1.0,1.0,1.0,0.0,1,1.0,1.0,1.0,1.0,1.0,1.0,0.0,1.0,1.0,1.0,1.0,1.0,1.0,0.0,1,1.0,1.0,1.0,1.0,1.0,1.0,0.0,1.0,1.0,1.0,1.0,1.0,1.0,0.0,1,1.0,1.0,1.0,1.0,1.0,1.0,0.0,1.0,1.0,1.0,1.0,1.0,1.0,0.0,1,1.0,1.0,1.0,1.0,1.0,1.0,0.0
0.5951242446899414,0.10516082457792511,0.2623638153076172,0.09066771873061343,,5,21,False,,"{'model__max_depth': None, 'model__min_samples_leaf': 5, 'select__k': 21, 'select__prune': False}",0.9992006394884093,1.0,1.0,1.0,1.0,0.9998401278976818,0.0003197442046362742,39,0.9994013171023748,1.0,1.0,1.0,1.0,0.9998802634204751,0.00023947315905008536,0.9984025559105432,1.0,1.0,1.0,1.0,0.9996805111821085,0.0006389776357827336,43,0.9988033506182689,1.0,1.0,1.0,1.0,0.9997606701236539,0.00047865975269245625,0.9992307692307693,1.0,1.0,1.0,1.0,0.9998461538461537,0.00030769230769229773,35,0.9994229659549914,1.0,1.0,1.0,1.0,0.9998845931909983,0.00023081361800345588,0.9999988149524559,1.0,1.0,1.0,1.0,0.9999997629904911,4.740190176377723e-07,35,0.9999986664382818,1.0,1.0,1.0,1.0,0.9999997332876565,5.334246872656933e-07
0.525554609298706,0.10811614006252959,0.2863615989685059,0.07268753961521092,,5,21,True,,"{'model__max_depth': None, 'model__min_samples_leaf': 5, 'select__k': 21, 'select__prune': True}",0.9992006394884093,1.0,1.0,1.0,1.0,0.9998401278976818,0.0003197442046362742,39,0.9994013171023748,1.0,1.0,1.0,1.0,0.9998802634204751,0.00023947315905008536,0.9984025559105432,1.0,1.0,1.0,1.0,0.9996805111821085,0.0006389776357827336,43,0.9988033506182689,1.0,1.0,1.0,1.0,0.9997606701236539,0.00047865975269245625,0.9992307692307693,1.0,1.0,1.0,1.0,0.9998461538461537,0.00030769230769229773,35,0.9994229659549914,1.0,1.0,1.0,1.0,0.9998845931909983,0.00023081361800345588,0.9999988149524559,1.0,1.0,1.0,1.0,0.9999997629904911,4.740190176377723e-07,35,0.9999986664382818,1.0,1.0,1.0,1.0,0.9999997332876565,5.334246872656933e-07
0.8931869983673095,0.084605780351062,0.12461175918579101,0.053403694429278656,3,1,7,False,"('gill-color', 'stalk-surface-above-ring')","{'model__max_depth': 3, 'model__min_samples_leaf': 1, 'select__drop': ('gill-color', 'stalk-surface-above-ring'), 'select__k': 7, 'select__prune': False}",0.9952076677316294,0.9968203497615262,0.9968152866242038,0.9960222752585521,0.9968,0.9963331158751825,0.000640487578332993,61,0.9966142202748457,0.9962113659022931,0.9962128762208491,0.9964114832535885,0.9962173999601831,0.9963334691223519,0.00015989453333204666,0.9952076677316294,1.0,0.9984051036682615,0.9984051036682615,0.9952076677316294,0.9974451085599563,0.0019174427974193607,49,0.9980055843637814,0.9968076616121309,0.9972067039106145,0.9972067039106145,0.9980055843637814,0.9974464476321845,0.0004792221724257249,0.9953846153846154,0.9969230769230769,0.9969230769230769,0.9961538461538462,0.9969207082371054,0.9964610647243441,0.0006150299396680671,61,0.9967301404116177,0.9963454510482785,0.9963454510482785,0.996537795729948,0.9963461538461539,0.9964609984168554,0.00015377054648569997,0.9980020098406348,0.9999620827023659,0.9993163037270334,0.9993494813624633,0.9980085355259223,0.998927682631684,0.0007874802282448941,67,0.9991647458438808,0.9986763294272728,0.9988408806610144,0.9988308045836669,0.9991644635273739,0.9989354448086418,0.0001959904456103201
0.8979563236236572,0.05999998727496573,0.0792391300201416,0.015180833088476325,3,1,7,False,"('gill-color', 'stalk-surface-above-ring', 'odor')","{'model__max_depth': 3, 'model__min_samples_leaf': 1, 'select__drop': ('gill-color', 'stalk-surface-above-ring', 'odor'), 'select__k': 7, 'select__prune': False}",0.9528301886792453,0.9605678233438486,0.9613869188337274,0.965625,0.9659540775930324,0.9612728016899708,0.004746445108716164,107,0.9633858267716535,0.9614476789929189,0.9612433602203423,0.9601735015772871,0.9601100412654745,0.9612720817655352,0.0011880062136290222,0.9680511182108626,0.9712918660287081,0.9728867623604466,0.9856459330143541,0.9744408945686901,0.9744633148366123,0.005978483466500708,103,0.976067012365377,0.9752593774940144,0.9748603351955307,0.9716679968076616,0.974471479856402,0.9744652403437971,0.0014951279340783608,0.9538461538461539,0.9615384615384616,0.9623076923076923,0.9661538461538461,0.9668976135488837,0.9621487534790075,0.004645929783471347,107,0.9642238892094633,0.9623004423927678,0.9621080977110983,0.9611463743027505,0.9609615384615384,0.9621480684155236,0.0011614725035035817,0.9735497388155213,0.9767851345234625,0.9786134592187615,0.9836351313241906,0.9806882539200282,0.9786543435603928,0.003420457327712972,107,0.9799276735393498,0.9791345182997864,0.9786779090005746,0.9774321798496827,0.9781325248827974,0.9786609611144381,0.0008506764665358721
0.9839425563812256,0.05089768746026743,0.07604155540466309,0.005981528527683912,3,1,7,False,"('gill-color', 'stalk-surface-above-ring', 'spore-print-color')","{'model__max_depth': 3, 'model__min_samples_leaf': 1, 'select__drop': ('gill-color', 'stalk-surface-above-ring', 'spore-print-color'), 'select__k': 7, 'select__prune': False}",0.9870550161812298,0.9903381642512077,0.9887096774193549,0.9935794542536116,0.9886914378029079,0.9896747499816623,0.002211248833620915,89,0.9903342730567861,0.989516129032258,0.9899234179766223,0.9887005649717514,0.9899274778404512,0.9896803725755738,0.0005540246926373882,0.9744408945686901,0.9808612440191388,0.9776714513556619,0.9872408293460925,0.9776357827476039,0.9795700404074374,0.0043396391514859585,97,0.9808536098923015,0.9792498004788508,0.9800478850758181,0.9776536312849162,0.9800558436378142,0.97957215407394,0.0010850848931794985,0.9876923076923076,0.9907692307692307,0.9892307692307692,0.9938461538461538,0.9892224788298691,0.9901521880736661,0.002087606680823742,89,0.9907674552798615,0.9899980765531833,0.9903827659165224,0.9892286978265051,0.9903846153846154,0.9901523221921377,0.0005219821527445312,0.993041400821001,0.9946394420469653,0.9938289598100344,0.9963694187515256,0.9939021785054759,0.9943562799870003,0.0011265957911491759,97,0.9946693092920802,0.9942634520818806,0.9944655663392633,0.9938470730032549,0.9944492591186564,0.9943389319670273,0.00027748152184688287
1.0568544387817382,0.10136925794899594,0.08259563446044922,0.008364141125688087,3,1,7,False,"('gill-color', 'stalk-surface-above-ring', 'ring-type')","{'model__max_depth': 3, 'model__min_samples_leaf': 1, 'select__drop': ('gill-color', 'stalk-surface-above-ring', 'ring-type'), 'select__k': 7, 'select__prune': False}",0.9952076677316294,0.9968203497615262,0.9968152866242038,0.9960222752585521,0.9968,0.9963331158751825,0.000640487578332993,61,0.9966142202748457,0.9962113659022931,0.9962128762208491,0.9964114832535885,0.9962173999601831,0.9963334691223519,0.00015989453333204666,0.9952076677316294,1.0,0.9984051036682615,0.9984051036682615,0.9952076677316294,0.9974451085599563,0.0019174427974193607,49,0.9980055843637814,0.9968076616121309,0.9972067039106145,0.9972067039106145,0.9980055843637814,0.9974464476321845,0.0004792221724257249,0.9953846153846154,0.9969230769230769,0.9969230769230769,0.9961538461538462,0.9969207082371054,0.9964610647243441,0.0006150299396680671,61,0.9967301404116177,0.9963454510482785,0.9963454510482785,0.996537795729948,0.9963461538461539,0.9964609984168554,0.00015377054648569997,0.9980020098406348,0.9999620827023659,0.9993163037270334,0.9993494813624633,0.9980085355259223,0.998927682631684,0.0007874802282448941,67,0.9991647458438808,0.9986763294272728,0.9988408806610144,0.9988308045836669,0.9991644635273739,0.9989354448086418,0.0001959904456103201
0.9131802558898926,0.08155713567176297,0.07220096588134765,0.0015103784386495019,3,1,7,False,"('gill-color', 'stalk-surface-above-ring', 'stalk-surface-below-ring')","{'model__max_depth': 3, 'model__min_samples_leaf': 1, 'select__drop': ('gill-color', 'stalk-surface-above-ring', 'stalk-surface-below-ring'), 'select__k': 7, 'select__prune': False}",0.9951845906902087,0.9935794542536116,0.9919614147909968,0.9968,0.9919484702093397,0.9938947859888312,0.001883049018147801,87,0.9935768767563228,0.9939783219590526,0.9943820224719101,0.9931699477701889,0.9943842759727236,0.9938982889860396,0.00047124801569160986,0.9904153354632588,0.9872408293460925,0.9840510366826156,0.9936204146730463,0.9840255591054313,0.9878706350540888,0.0037230649158761196,95,0.987235739928201,0.9880287310454908,0.9888268156424581,0.9864325618515563,0.988831272437176,0.9878710241809763,0.0009309398951034156,0.9953846153846154,0.9938461538461538,0.9923076923076923,0.9969230769230769,0.9923017705927637,0.9941526618108604,0.0017953588723796517,87,0.9938449701865744,0.9942296595499135,0.9946143489132525,0.9934602808232352,0.9946153846153846,0.994152928817672,0.00044883432074176773,0.9997440297304728,0.9997440582409692,0.999620827023658,0.9998767687826888,0.9997032979031469,0.9997377963361871,8.278087882870728e-05,63,0.9997392145973444,0.9997355029696274,0.9997635085375491,0.9996977176795743,0.9997490872567579,0.9997370062081707,2.1904567494397444e-05
0.9146172523498535,0.05326933412370737,0.09680275917053223,0.038029013505973104,3,1,7,False,"('gill-color', 'stalk-surface-above-ring', 'gill-size')","{'model__max_depth': 3, 'model__min_samples_leaf': 1, 'select__drop': ('gill-color', 'stalk-surface-above-ring', 'gill-size'), 'select__k': 7, 'select__prune': False}",0.9952076677316294,0.9968203497615262,0.9968152866242038,0.9960222752585521,0.9968,0.9963331158751825,0.000640487578332993,61,0.9966142202748457,0.9962113659022931,0.9962128762208491,0.9964114832535885,0.9962173999601831,0.9963334691223519,0.00015989453333204666,0.9952076677316294,1.0,0.9984051036682615,0.9984051036682615,0.9952076677316294,0.9974451085599563,0.0019174427974193607,49,0.9980055843637814,0.9968076616121309,0.9972067039106145,0.9972067039106145,0.9980055843637814,0.9974464476321845,0.0004792221724257249,0.9953846153846154,0.9969230769230769,0.9969230769230769,0.9961538461538462,0.9969207082371054,0.9964610647243441,0.0006150299396680671,61,0.9967301404116177,0.9963454510482785,0.9963454510482785,0.996537795729948,0.9963461538461539,0.9964609984168554,0.00015377054648569997,0.9980020098406348,0.9999620827023659,0.9993163037270334,0.9993494813624633,0.9980085355259223,0.998927682631684,0.0007874802282448941,67,0.9991647458438808,0.9986763294272728,0.9988408806610144,0.9988308045836669,0.9991644635273739,0.9989354448086418,0.0001959904456103201
0.37719173431396485,0.0682477700889657,0.12433676719665528,0.10764574995483386,3,5,7,False,"('gill-color', 'stalk-surface-above-ring')","{'model__max_depth': 3, 'model__min_samples_leaf': 5, 'select__drop': ('gill-color', 'stalk-surface-above-ring'), 'select__k': 7, 'select__prune': False}",0.9952076677316294,0.9968203497615262,0.9968152866242038,0.9960222752585521,0.9968,0.9963331158751825,0.000640487578332993,61,0.9966142202748457,0.9962113659022931,0.9962128762208491,0.9964114832535885,0.9962173999601831,0.9963334691223519,0.00015989453333204666,0.9952076677316294,1.0,0.9984051036682615,0.9984051036682615,0.9952076677316294,0.9974451085599563,0.0019174427974193607,49,0.9980055843637814,0.9968076616121309,0.9972067039106145,0.9972067039106145,0.9980055843637814,0.9974464476321845,0.0004792221724257249,0.9953846153846154,0.9969230769230769,0.9969230769230769,0.9961538461538462,0.9969207082371054,0.9964610647243441,0.0006150299396680671,61,0.9967301404116177,0.9963454510482785,0.9963454510482785,0.996537795729948,0.9963461538461539,0.9964609984168554,0.00015377054648569997,0.9980020098406348,0.9999620827023659,0.9993163037270334,0.9993494813624633,0.9980085355259223,0.998927682631684,0.0007874802282448941,67,0.9991647458438808,0.9986763294272728,0.9988408806610144,0.9988308045836669,0.9991644635273739,0.9989354448086418,0.0001959904456103201
0.3244302749633789,0.08345346127493442,0.1333026885986328,0.11141784486208572,3,5,7,False,"('gill-color', 'stalk-surface-above-ring', 'odor')","{'model__max_depth': 3, 'model__min_samples_leaf': 5, 'select__drop': ('gill-color', 'stalk-surface-above-ring', 'odor'), 'select__k': 7, 'select__prune': False}",0.9528301886792453,0.9605678233438486,0.9613869188337274,0.965625,0.9659540775930324,0.9612728016899708,0.004746445108716164,107,0.9633858267716535,0.9614476789929189,0.9612433602203423,0.9601735015772871,0.9601100412654745,0.9612720817655352,0.0011880062136290222,0.9680511182108626,0.9712918660287081,0.9728867623604466,0.9856459330143541,0.9744408945686901,0.9744633148366123,0.005978483466500708,103,0.976067012365377,0.9752593774940144,0.9748603351955307,0.9716679968076616,0.974471479856402,0.9744652403437971,0.0014951279340783608,0.9538461538461539,0.9615384615384616,0.9623076923076923,0.9661538461538461,0.9668976135488837,0.9621487534790075,0.004645929783471347,107,0.9642238892094633,0.9623004423927678,0.9621080977110983,0.9611463743027505,0.9609615384615384,0.9621480684155236,0.0011614725035035817,0.9735497388155213,0.9767851345234625,0.9786134592187615,0.9836351313241906,0.9806882539200282,0.9786543435603928,0.003420457327712972,107,0.9799276735393498,0.9791345182997864,0.9786779090005746,0.9774321798496827,0.9781325248827974,0.9786609611144381,0.0008506764665358721
0.3114637851715088,0.0834296944373215,0.2004695415496826,0.11400810057296078,3,5,7,False,"('gill-color', 'stalk-surface-above-ring', 'spore-print-color')","{'model__max_depth': 3, 'model__min_samples_leaf': 5, 'select__drop': ('gill-color', 'stalk-surface-above-ring', 'spore-print-color'), 'select__k': 7, 'select__prune': False}",0.9870550161812298,0.9903381642512077,0.9887096774193549,0.9935794542536116,0.9886914378029079,0.9896747499816623,0.002211248833620915,89,0.9903342730567861,0.989516129032258,0.9899234179766223,0.9887005649717514,0.9899274778404512,0.9896803725755738,0.0005540246926373882,0.9744408945686901,0.9808612440191388,0.9776714513556619,0.9872408293460925,0.9776357827476039,0.9795700404074374,0.0043396391514859585,97,0.9808536098923015,0.9792498004788508,0.9800478850758181,0.9776536312849162,0.9800558436378142,0.97957215407394,0.0010850848931794985,0.9876923076923076,0.9907692307692307,0.9892307692307692,0.9938461538461538,0.9892224788298691,0.9901521880736661,0.002087606680823742,89,0.9907674552798615,0.9899980765531833,0.9903827659165224,0.9892286978265051,0.9903846153846154,0.9901523221921377,0.0005219821527445312,0.993041400821001,0.9946394420469653,0.9938289598100344,0.9963694187515256,0.9939021785054759,0.9943562799870003,0.0011265957911491759,97,0.9946693092920802,0.9942634520818806,0.9944655663392633,0.9938470730032549,0.9944492591186564,0.9943389319670273,0.00027748152184688287
0.30632266998291013,0.07481114767933206,0.1460033893585205,0.06526131872198535,3,5,7,False,"('gill-color', 'stalk-surface-above-ring', 'ring-type')","{'model__max_depth': 3, 'model__min_samples_leaf': 5, 'select__drop': ('gill-color', 'stalk-surface-above-ring', 'ring-type'), 'select__k': 7, 'select__prune': False}",0.9952076677316294,0.9968203497615262,0.9968152866242038,0.9960222752585521,0.9968,0.9963331158751825,0.000640487578332993,61,0.9966142202748457,0.9962113659022931,0.9962128762208491,0.9964114832535885,0.9962173999601831,0.9963334691223519,0.00015989453333204666,0.9952076677316294,1.0,0.9984051036682615,0.9984051036682615,0.9952076677316294,0.9974451085599563,0.0019174427974193607,49,0.9980055843637814,0.9968076616121309,0.9972067039106145,0.9972067039106145,0.9980055843637814,0.9974464476321845,0.0004792221724257249,0.9953846153846154,0.9969230769230769,0.9969230769230769,0.9961538461538462,0.9969207082371054,0.9964610647243441,0.0006150299396680671,61,0.9967301404116177,0.9963454510482785,0.9963454510482785,0.996537795729948,0.9963461538461539,0.9964609984168554,0.00015377054648569997,0.9980020098406348,0.9999620827023659,0.9993163037270334,0.9993494813624633,0.9980085355259223,0.998927682631684,0.0007874802282448941,67,0.9991647458438808,0.9986763294272728,0.9988408806610144,0.9988308045836669,0.9991644635273739,0.9989354448086418,0.0001959904456103201
0.33145432472229003,0.0741469364763607,0.17260165214538575,0.1305003766921347,3,5,7,False,"('gill-color', 'stalk-surface-above-ring', 'stalk-surface-below-ring')","{'model__max_depth': 3, 'model__min_samples_leaf': 5, 'select__drop': ('gill-color', 'stalk-surface-above-ring', 'stalk-surface-below-ring'), 'select__k': 7, 'select__prune': False}",0.9951845906902087,0.9935794542536116,0.9919614147909968,0.9968,0.9919484702093397,0.9938947859888312,0.001883049018147801,87,0.9935768767563228,0.9939783219590526,0.9943820224719101,0.9931699477701889,0.9943842759727236,0.9938982889860396,0.00047124801569160986,0.9904153354632588,0.9872408293460925,0.9840510366826156,0.9936204146730463,0.9840255591054313,0.9878706350540888,0.0037230649158761196,95,0.987235739928201,0.9880287310454908,0.9888268156424581,0.9864325618515563,0.988831272437176,0.9878710241809763,0.0009309398951034156,0.9953846153846154,0.9938461538461538,0.9923076923076923,0.9969230769230769,0.9923017705927637,0.9941526618108604,0.0017953588723796517,87,0.9938449701865744,0.9942296595499135,0.9946143489132525,0.9934602808232352,0.9946153846153846,0.994152928817672,0.00044883432074176773,0.9997440297304728,0.9997440582409692,0.999620827023658,0.9998767687826888,0.9997032979031469,0.9997377963361871,8.278087882870728e-05,63,0.9997392145973444,0.9997355029696274,0.9997635085375491,0.9996977176795743,0.9997490872567579,0.9997370062081707,2.1904567494397444e-05
0.27753500938415526,0.07473806793151556,0.15803956985473633,0.09140379410888007,3,5,7,False,"('gill-color', 'stalk-surface-above-ring', 'gill-size')","{'model__max_depth': 3, 'model__min_samples_leaf': 5, 'select__drop': ('gill-color', 'stalk-surface-above-ring', 'gill-size'), 'select__k': 7, 'select__prune': False}",0.9952076677316294,0.9968203497615262,0.9968152866242038,0.9960222752585521,0.9968,0.9963331158751825,0.000640487578332993,61,0.9966142202748457,0.9962113659022931,0.9962128762208491,0.9964114832535885,0.9962173999601831,0.9963334691223519,0.00015989453333204666,0.9952076677316294,1.0,0.9984051036682615,0.9984051036682615,0.9952076677316294,0.9974451085599563,0.0019174427974193607,49,0.9980055843637814,0.9968076616121309,0.9972067039106145,0.9972067039106145,0.9980055843637814,0.9974464476321845,0.0004792221724257249,0.9953846153846154,0.9969230769230769,0.9969230769230769,0.9961538461538462,0.9969207082371054,0.9964610647243441,0.0006150299396680671,61,0.9967301404116177,0.9963454510482785,0.9963454510482785,0.996537795729948,0.9963461538461539,0.9964609984168554,0.00015377054648569997,0.9980020098406348,0.9999620827023659,0.9993163037270334,0.9993494813624633,0.9980085355259223,0.998927682631684,0.0007874802282448941,67,0.9991647458438808,0.9986763294272728,0.9988408806610144,0.9988308045836669,0.9991644635273739,0.9989354448086418,0.0001959904456103201
0.33151445388793943,0.0725562503828188,0.17420296669006347,0.10638076524210212,6,1,7,False,"('gill-color', 'stalk-surface-above-ring')","{'model__max_depth': 6, 'model__min_samples_leaf': 1, 'select__drop': ('gill-color', 'stalk-surface-above-ring'), 'select__k': 7, 'select__prune': False}",1.0,1.0,1.0,1.0,1.0,1.0,0.0,1,1.0,1.0,1.0,1.0,1.0,1.0,0.0,1.0,1.0,1.0,1.0,1.0,1.0,0.0,1,1.0,1.0,1.0,1.0,1.0,1.0,0.0,1.0,1.0,1.0,1.0,1.0,1.0,0.0,1,1.0,1.0,1.0,1.0,1.0,1.0,0.0,1.0,1.0,1.0,1.0,1.0,1.0,0.0,1,1.0,1.0,1.0,1.0,1.0,1.0,0.0
0.3413365840911865,0.045503230452595286,0.16558361053466797,0.12755572018601916,6,1,7,False,"('gill-color', 'stalk-surface-above-ring', 'odor')","{'model__max_depth': 6, 'model__min_samples_leaf': 1, 'select__drop': ('gill-color', 'stalk-surface-above-ring', 'odor'), 'select__k': 7, 'select__prune': False}",0.9758378799688231,0.9819890368050117,0.9827586206896551,0.9766355140186916,0.9819607843137255,0.9798363671591815,0.0029637834328914486,99,0.980829420970266,0.9792887846815163,0.9790974799765579,0.9806300136959499,0.979296875,0.979828514864858,0.000741966984806346,1.0,1.0,1.0,1.0,1.0,1.0,0.0,1,1.0,1.0,1.0,1.0,1.0,1.0,0.0,0.9761538461538461,0.9823076923076923,0.9830769230769231,0.9769230769230769,0.9822940723633564,0.980151122164979,0.0029732753960050903,99,0.981150221196384,0.9796114637430275,0.9794191190613579,0.9809578765147143,0.9796153846153847,0.9801508130261738,0.0007433875780071333,0.9963784947052076,0.9977936872439102,0.997342234418953,0.997307871867972,0.9977652398065028,0.9973175056085092,0.0005117930561248641,91,0.99756795385995,0.9972064816442026,0.9973102059698388,0.99731924480393,0.9971944133848174,0.9973196599325478,0.00013433945570726964
0.34047837257385255,0.008314513639203543,0.18276801109313964,0.11732452695019806,6,1,7,False,"('gill-color', 'stalk-surface-above-ring', 'spore-print-color')","{'model__max_depth': 6, 'model__min_samples_leaf': 1, 'select__drop': ('gill-color', 'stalk-surface-above-ring', 'spore-print-color'), 'select__k': 7, 'select__prune': False}",0.9870550161812298,0.9903381642512077,0.9887096774193549,0.9935794542536116,0.9886914378029079,0.9896747499816623,0.002211248833620915,89,0.9903342730567861,0.989516129032258,0.9899234179766223,0.9887005649717514,0.9899274778404512,0.9896803725755738,0.0005540246926373882,0.9744408945686901,0.9808612440191388,0.9776714513556619,0.9872408293460925,0.9776357827476039,0.9795700404074374,0.0043396391514859585,97,0.9808536098923015,0.9792498004788508,0.9800478850758181,0.9776536312849162,0.9800558436378142,0.97957215407394,0.0010850848931794985,0.9876923076923076,0.9907692307692307,0.9892307692307692,0.9938461538461538,0.9892224788298691,0.9901521880736661,0.002087606680823742,89,0.9907674552798615,0.9899980765531833,0.9903827659165224,0.9892286978265051,0.9903846153846154,0.9901523221921377,0.0005219821527445312,0.994232373602829,0.9946963179934165,0.9945636074516968,0.9968350905630955,0.9953429638877944,0.9951340706997666,0.0009238201495296272,93,0.9953344602423763,0.9952218648507599,0.995265058623507,0.9947100593925489,0.9950635806077924,0.9951190047433969,0.00022299827102922645
0.34494600296020506,0.006480518027057324,0.20122346878051758,0.10881936004519503,6,1,7,False,"('gill-color', 'stalk-surface-above-ring', 'ring-type')","{'model__max_depth': 6, 'model__min_samples_leaf': 1, 'select__drop': ('gill-color', 'stalk-surface-above-ring', 'ring-type'), 'select__k': 7, 'select__prune': False}",0.9975980784627703,1.0,0.9992019154030327,0.9992019154030327,0.9975980784627703,0.9987199975463212,0.0009612804775641835,45,0.9990017967658216,0.9984012789768185,0.9986013986013986,0.9986013986013986,0.9990017967658216,0.9987215339422519,0.00024021771112017916,0.9952076677316294,1.0,0.9984051036682615,0.9984051036682615,0.9952076677316294,0.9974451085599563,0.0019174427974193607,49,0.9980055843637814,0.9968076616121309,0.9972067039106145,0.9972067039106145,0.9980055843637814,0.9974464476321845,0.0004792221724257249,0.9976923076923077,1.0,0.9992307692307693,0.9992307692307693,0.9976905311778291,0.9987688754663351,0.0009234916234883537,45,0.9990382765916522,0.9984612425466436,0.9986535872283131,0.9986535872283131,0.9990384615384615,0.9987690310266768,0.0002308567800788867,0.9999822242868384,1.0,0.9999952603377957,0.999998815084449,0.9999857582993511,0.999992411601687,7.137947795482736e-06,41,0.9999959252280836,0.999991702053949,0.9999937765404618,0.9999922206755774,0.9999955564449249,0.9999938361885994,1.7024299528770122e-06
0.3118609428405762,0.0434666758553886,0.255413818359375,0.07885067592728845,6,1,7,False,"('gill-color', 'stalk-surface-above-ring', 'stalk-surface-below-ring')","{'model__max_depth': 6, 'model__min_samples_leaf': 1, 'select__drop': ('gill-color', 'stalk-surface-above-ring', 'stalk-surface-below-ring'), 'select__k': 7, 'select__prune': False}",0.9936507936507937,0.9935794542536116,0.9927710843373494,0.9976019184652278,0.9943775100401606,0.9943961521494286,0.0016817065937984577,83,0.9952362048431918,0.9955911823647294,0.9957924263674615,0.9945837512537613,0.9953917050691244,0.9953190539796537,0.0004125403094053494,1.0,0.9872408293460925,0.9856459330143541,0.9952153110047847,0.9888178913738019,0.9913839929478065,0.005396120630522327,91,1.0,0.99122106943336,0.9916201117318436,0.9892258579409418,0.9908256880733946,0.992578545435908,0.003798745753052788,0.9938461538461538,0.9938461538461538,0.9930769230769231,0.9976923076923077,0.9946112394149346,0.9946145555752948,0.0016135529260262395,83,0.9953837276399308,0.9957684170032699,0.9959607616849394,0.9948066935949221,0.995576923076923,0.995499304599997,0.0003960951382807294,0.9999715588589414,0.9999526033779573,0.9999040218403635,0.9999893357600403,0.9999418463890168,0.9999518732452639,2.89198592324482e-05,55,0.9999519917781475,0.9999559912504086,0.9999642151076555,0.9999419884664477,0.99995741593053,0.9999543205066379,7.318174017510555e-06
0.3238797187805176,0.045178495990017845,0.27341084480285643,0.08952085223098519,6,1,7,False,"('gill-color', 'stalk-surface-above-ring', 'gill-size')","{'model__max_depth': 6, 'model__min_samples_leaf': 1, 'select__drop': ('gill-color', 'stalk-surface-above-ring', 'gill-size'), 'select__k': 7, 'select__prune': False}",0.9975980784627703,1.0,0.9992019154030327,0.9992019154030327,0.9975980784627703,0.9987199975463212,0.0009612804775641835,45,0.9990017967658216,0.9984012789768185,0.9986013986013986,0.9986013986013986,0.9990017967658216,0.9987215339422519,0.00024021771112017916,0.9952076677316294,1.0,0.9984051036682615,0.9984051036682615,0.9952076677316294,0.9974451085599563,0.0019174427974193607,49,0.9980055843637814,0.9968076616121309,0.9972067039106145,0.9972067039106145,0.9980055843637814,0.9974464476321845,0.0004792221724257249,0.9976923076923077,1.0,0.9992307692307693,0.9992307692307693,0.9976905311778291,0.9987688754663351,0.0009234916234883537,45,0.9990382765916522,0.9984612425466436,0.9986535872283131,0.9986535872283131,0.9990384615384615,0.9987690310266768,0.0002308567800788867,0.9998684597226041,1.0,0.9999751167734275,0.999964452533468,0.9999109893709441,0.9999438036800887,4.757815075426911e-05,59,0.9999599931484563,0.9999330237211606,0.9999356909181055,0.9999403585127592,0.9999555644492487,0.999944926149946,1.0844431601274133e-05
0.4050248622894287,0.06208239189181915,0.09465208053588867,0.08910754380119365,6,5,7,False,"('gill-color', 'stalk-surface-above-ring')","{'model__max_depth': 6, 'model__min_samples_leaf': 5, 'select__drop': ('gill-color', 'stalk-surface-above-ring'), 'select__k': 7, 'select__prune': False}",1.0,1.0,1.0,1.0,1.0,1.0,0.0,1,1.0,1.0,1.0,1.0,1.0,1.0,0.0,1.0,1.0,1.0,1.0,1.0,1.0,0.0,1,1.0,1.0,1.0,1.0,1.0,1.0,0.0,1.0,1.0,1.0,1.0,1.0,1.0,0.0,1,1.0,1.0,1.0,1.0,1.0,1.0,0.0,1.0,1.0,1.0,1.0,1.0,1.0,0.0,1,1.0,1.0,1.0,1.0,1.0,1.0,0.0
0.3245266914367676,0.049101629842620384,0.16509456634521485,0.09834143933687846,6,5,7,False,"('gill-color', 'stalk-surface-above-ring', 'odor')","{'model__max_depth': 6, 'model__min_samples_leaf': 5, 'select__drop': ('gill-color', 'stalk-surface-above-ring', 'odor'), 'select__k': 7, 'select__prune': False}",0.9758378799688231,0.9819890368050117,0.9827586206896551,0.9766355140186916,0.9819607843137255,0.9798363671591815,0.0029637834328914486,99,0.980829420970266,0.9792887846815163,0.9790974799765579,0.9806300136959499,0.979296875,0.979828514864858,0.000741966984806346,1.0,1.0,1.0,1.0,1.0,1.0,0.0,1,1.0,1.0,1.0,1.0,1.0,1.0,0.0,0.9761538461538461,0.9823076923076923,0.9830769230769231,0.9769230769230769,0.9822940723633564,0.980151122164979,0.0029732753960050903,99,0.981150221196384,0.9796114637430275,0.9794191190613579,0.9809578765147143,0.9796153846153847,0.9801508130261738,0.0007433875780071333,0.9963784947052076,0.9977936872439102,0.997342234418953,0.997307871867972,0.9977652398065028,0.9973175056085092,0.0005117930561248641,91,0.99756795385995,0.9972064816442026,0.9973102059698388,0.99731924480393,0.9971944133848174,0.9973196599325478,0.00013433945570726964
0.2976633071899414,0.02828137623217054,0.26181659698486326,0.05201594824409471,6,5,7,False,"('gill-color', 'stalk-surface-above-ring', 'spore-print-color')","{'model__max_depth': 6, 'model__min_samples_leaf': 5, 'select__drop': ('gill-color', 'stalk-surface-above-ring', 'spore-print-color'), 'select__k': 7, 'select__prune': False}",0.9870550161812298,0.9903381642512077,0.9887096774193549,0.9935794542536116,0.9886914378029079,0.9896747499816623,0.002211248833620915,89,0.9903342730567861,0.989516129032258,0.9899234179766223,0.9887005649717514,0.9899274778404512,0.9896803725755738,0.0005540246926373882,0.9744408945686901,0.9808612440191388,0.9776714513556619,0.9872408293460925,0.9776357827476039,0.9795700404074374,0.0043396391514859585,97,0.9808536098923015,0.9792498004788508,0.9800478850758181,0.9776536312849162,0.9800558436378142,0.97957215407394,0.0010850848931794985,0.9876923076923076,0.9907692307692307,0.9892307692307692,0.9938461538461538,0.9892224788298691,0.9901521880736661,0.002087606680823742,89,0.9907674552798615,0.9899980765531833,0.9903827659165224,0.9892286978265051,0.9903846153846154,0.9901523221921377,0.0005219821527445312,0.994232373602829,0.9946963179934165,0.9945636074516968,0.9968350905630955,0.9953429638877944,0.9951340706997666,0.0009238201495296272,93,0.9953344602423763,0.9952218648507599,0.995265058623507,0.9947100593925489,0.9950635806077924,0.9951190047433969,0.00022299827102922645
0.2802680015563965,0.034609055794172235,0.21091947555541993,0.06372176825680921,6,5,7,False,"('gill-color', 'stalk-surface-above-ring', 'ring-type')","{'model__max_depth': 6, 'model__min_samples_leaf': 5, 'select__drop': ('gill-color', 'stalk-surface-above-ring', 'ring-type'), 'select__k': 7, 'select__prune': False}",0.9975980784627703,1.0,0.9992019154030327,0.9992019154030327,0.9975980784627703,0.9987199975463212,0.0009612804775641835,45,0.9990017967658216,0.9984012789768185,0.9986013986013986,0.9986013986013986,0.9990017967658216,0.9987215339422519,0.00024021771112017916,0.9952076677316294,1.0,0.9984051036682615,0.9984051036682615,0.9952076677316294,0.9974451085599563,0.0019174427974193607,49,0.9980055843637814,0.9968076616121309,0.9972067039106145,0.9972067039106145,0.9980055843637814,0.9974464476321845,0.0004792221724257249,0.9976923076923077,1.0,0.9992307692307693,0.9992307692307693,0.9976905311778291,0.9987688754663351,0.0009234916234883537,45,0.9990382765916522,0.9984612425466436,0.9986535872283131,0.9986535872283131,0.9990384615384615,0.9987690310266768,0.0002308567800788867,0.9999822242868384,1.0,0.9999952603377957,0.999998815084449,0.9999857582993511,0.999992411601687,7.137947795482736e-06,41,0.9999959252280836,0.999991702053949,0.9999937765404618,0.9999922206755774,0.9999955564449249,0.9999938361885994,1.7024299528770122e-06
0.2629833221435547,0.05573815477953574,0.2030183792114258,0.07076034975644141,6,5,7,False,"('gill-color', 'stalk-surface-above-ring', 'stalk-surface-below-ring')","{'model__max_depth': 6, 'model__min_samples_leaf': 5, 'select__drop': ('gill-color', 'stalk-surface-above-ring', 'stalk-surface-below-ring'), 'select__k': 7, 'select__prune': False}",0.9936507936507937,0.9935794542536116,0.9927710843373494,0.9976019184652278,0.9943775100401606,0.9943961521494286,0.0016817065937984577,83,0.9952362048431918,0.9955911823647294,0.9957924263674615,0.9945837512537613,0.9953917050691244,0.9953190539796537,0.0004125403094053494,1.0,0.9872408293460925,0.9856459330143541,0.9952153110047847,0.9888178913738019,0.9913839929478065,0.005396120630522327,91,1.0,0.99122106943336,0.9916201117318436,0.9892258579409418,0.9908256880733946,0.992578545435908,0.003798745753052788,0.9938461538461538,0.9938461538461538,0.9930769230769231,0.9976923076923077,0.9946112394149346,0.9946145555752948,0.0016135529260262395,83,0.9953837276399308,0.9957684170032699,0.9959607616849394,0.9948066935949221,0.995576923076923,0.995499304599997,0.0003960951382807294,0.9999715588589414,0.9999526033779573,0.9999040218403635,0.9999893357600403,0.9999418463890168,0.9999518732452639,2.89198592324482e-05,55,0.9999519917781475,0.9999559912504086,0.9999642151076555,0.9999419884664477,0.99995741593053,0.9999543205066379,7.318174017510555e-06
0.31770052909851076,0.0573066135453842,0.1563821792602539,0.0481859979168431,6,5,7,False,"('gill-color', 'stalk-surface-above-ring', 'gill-size')","{'model__max_depth': 6, 'model__min_samples_leaf': 5, 'select__drop': ('gill-color', 'stalk-surface-above-ring', 'gill-size'), 'select__k': 7, 'select__prune': False}",0.9975980784627703,1.0,0.9992019154030327,0.9992019154030327,0.9975980784627703,0.9987199975463212,0.0009612804775641835,45,0.9990017967658216,0.9984012789768185,0.9986013986013986,0.9986013986013986,0.9990017967658216,0.9987215339422519,0.00024021771112017916,0.9952076677316294,1.0,0.9984051036682615,0.9984051036682615,0.9952076677316294,0.9974451085599563,0.0019174427974193607,49,0.9980055843637814,0.9968076616121309,0.9972067039106145,0.9972067039106145,0.9980055843637814,0.9974464476321845,0.0004792221724257249,0.9976923076923077,1.0,0.9992307692307693,0.9992307692307693,0.9976905311778291,0.9987688754663351,0.0009234916234883537,45,0.9990382765916522,0.9984612425466436,0.9986535872283131,0.9986535872283131,0.9990384615384615,0.9987690310266768,0.0002308567800788867,0.9998684597226041,1.0,0.9999751167734275,0.999964452533468,0.9999109893709441,0.9999438036800887,4.757815075426911e-05,59,0.9999599931484563,0.9999330237211606,0.9999356909181055,0.9999403585127592,0.9999555644492487,0.999944926149946,1.0844431601274133e-05
0.2867579936981201,0.047902146706144025,0.19833588600158691,0.07163904222236837,,1,7,False,"('gill-color', 'stalk-surface-above-ring')","{'model__max_depth': None, 'model__min_samples_leaf': 1, 'select__drop': ('gill-color', 'stalk-surface-above-ring'), 'select__k': 7, 'select__prune': False}",1.0,1.0,1.0,1.0,1.0,1.0,0.0,1,1.0,1.0,1.0,1.0,1.0,1.0,0.0,1.0,1.0,1.0,1.0,1.0,1.0,0.0,1,1.0,1.0,1.0,1.0,1.0,1.0,0.0,1.0,1.0,1.0,1.0,1.0,1.0,0.0,1,1.0,1.0,1.0,1.0,1.0,1.0,0.0,1.0,1.0,1.0,1.0,1.0,1.0,0.0,1,1.0,1.0,1.0,1.0,1.0,1.0,0.0
0.29422173500061033,0.053361624145537655,0.14866061210632325,0.08431480658579982,,1,7,False,"('gill-color', 'stalk-surface-above-ring', 'odor')","{'model__max_depth': None, 'model__min_samples_leaf': 1, 'select__drop': ('gill-color', 'stalk-surface-above-ring', 'odor'), 'select__k': 7, 'select__prune': False}",0.9758378799688231,0.9819890368050117,0.9827586206896551,0.9766355140186916,0.9819607843137255,0.9798363671591815,0.0029637834328914486,99,0.980829420970266,0.9792887846815163,0.9790974799765579,0.9806300136959499,0.979296875,0.979828514864858,0.000741966984806346,1.0,1.0,1.0,1.0,1.0,1.0,0.0,1,1.0,1.0,1.0,1.0,1.0,1.0,0.0,0.9761538461538461,0.9823076923076923,0.9830769230769231,0.9769230769230769,0.9822940723633564,0.980151122164979,0.0029732753960050903,99,0.981150221196384,0.9796114637430275,0.9794191190613579,0.9809578765147143,0.9796153846153847,0.9801508130261738,0.0007433875780071333,0.9963962704183692,0.9977936872439102,0.9973469740811572,0.9973090567835231,0.9977794815071517,0.9973250940068222,0.0005078379290582768,89,0.9975720286318664,0.9972147795902534,0.9973164294293769,0.9973270241283526,0.9971988569398925,0.9973258237439484,0.0001335349499612201
0.27403106689453127,0.09559806101021644,0.15263924598693848,0.025567844167218735,,1,7,False,"('gill-color', 'stalk-surface-above-ring', 'spore-print-color')","{'model__max_depth': None, 'model__min_samples_leaf': 1, 'select__drop': ('gill-color', 'stalk-surface-above-ring', 'spore-print-color'), 'select__k': 7, 'select__prune': False}",0.9870550161812298,0.9903381642512077,0.9887096774193549,0.9935794542536116,0.9886914378029079,0.9896747499816623,0.002211248833620915,89,0.9903342730567861,0.989516129032258,0.9899234179766223,0.9887005649717514,0.9899274778404512,0.9896803725755738,0.0005540246926373882,0.9744408945686901,0.9808612440191388,0.9776714513556619,0.9872408293460925,0.9776357827476039,0.9795700404074374,0.0043396391514859585,97,0.9808536098923015,0.9792498004788508,0.9800478850758181,0.9776536312849162,0.9800558436378142,0.97957215407394,0.0010850848931794985,0.9876923076923076,0.9907692307692307,0.9892307692307692,0.9938461538461538,0.9892224788298691,0.9901521880736661,0.002087606680823742,89,0.9907674552798615,0.9899980765531833,0.9903827659165224,0.9892286978265051,0.9903846153846154,0.9901523221921377,0.0005219821527445312,0.994232373602829,0.9946963179934165,0.9945636074516968,0.9968350905630955,0.9953429638877944,0.9951340706997666,0.0009238201495296272,93,0.9953344602423763,0.9952218648507599,0.995265058623507,0.9947100593925489,0.9950635806077924,0.9951190047433969,0.00022299827102922645
0.3061822414398193,0.06108828993634343,0.15472989082336425,0.039732998358526755,,1,7,False,"('gill-color', 'stalk-surface-above-ring', 'ring-type')","{'model__max_depth': None, 'model__min_samples_leaf': 1, 'select__drop': ('gill-color', 'stalk-surface-above-ring', 'ring-type'), 'select__k': 7, 'select__prune': False}",0.9975980784627703,1.0,0.9992019154030327,0.9992019154030327,0.9975980784627703,0.9987199975463212,0.0009612804775641835,45,0.9990017967658216,0.9984012789768185,0.9986013986013986,0.9986013986013986,0.9990017967658216,0.9987215339422519,0.00024021771112017916,0.9952076677316294,1.0,0.9984051036682615,0.9984051036682615,0.9952076677316294,0.9974451085599563,0.0019174427974193607,49,0.9980055843637814,0.9968076616121309,0.9972067039106145,0.9972067039106145,0.9980055843637814,0.9974464476321845,0.0004792221724257249,0.9976923076923077,1.0,0.9992307692307693,0.9992307692307693,0.9976905311778291,0.9987688754663351,0.0009234916234883537,45,0.9990382765916522,0.9984612425466436,0.9986535872283131,0.9986535872283131,0.9990384615384615,0.9987690310266768,0.0002308567800788867,0.9999822242868384,1.0,0.9999952603377957,0.999998815084449,0.9999857582993511,0.999992411601687,7.137947795482736e-06,41,0.9999959252280836,0.999991702053949,0.9999937765404618,0.9999922206755774,0.9999955564449249,0.9999938361885994,1.7024299528770122e-06
0.303713321685791,0.10727181522076634,0.18800859451293944,0.030988378401014725,,1,7,False,"('gill-color', 'stalk-surface-above-ring', 'stalk-surface-below-ring')","{'model__max_depth': None, 'model__min_samples_leaf': 1, 'select__drop': ('gill-color', 'stalk-surface-above-ring', 'stalk-surface-below-ring'), 'select__k': 7, 'select__prune': False}",0.9936507936507937,0.9935794542536116,0.9927710843373494,0.9976019184652278,0.9943775100401606,0.9943961521494286,0.0016817065937984577,83,0.9952362048431918,0.9955911823647294,0.9957924263674615,0.9945837512537613,0.9953917050691244,0.9953190539796537,0.0004125403094053494,1.0,0.9872408293460925,0.9856459330143541,0.9952153110047847,0.9888178913738019,0.9913839929478065,0.005396120630522327,91,1.0,0.99122106943336,0.9916201117318436,0.9892258579409418,0.9908256880733946,0.992578545435908,0.003798745753052788,0.9938461538461538,0.9938461538461538,0.9930769230769231,0.9976923076923077,0.9946112394149346,0.9946145555752948,0.0016135529260262395,83,0.9953837276399308,0.9957684170032699,0.9959607616849394,0.9948066935949221,0.995576923076923,0.995499304599997,0.0003960951382807294,0.9999715588589414,0.9999526033779573,0.9999040218403635,0.9999893357600403,0.9999418463890168,0.9999518732452639,2.89198592324482e-05,55,0.9999519917781475,0.9999559912504086,0.9999642151076555,0.9999419884664477,0.99995741593053,0.9999543205066379,7.318174017510555e-06
0.28116750717163086,0.0547368563604321,0.19866108894348145,0.05082517499123778,,1,7,False,"('gill-color', 'stalk-surface-above-ring', 'gill-size')","{'model__max_depth': None, 'model__min_samples_leaf': 1, 'select__drop': ('gill-color', 'stalk-surface-above-ring', 'gill-size'), 'select__k': 7, 'select__prune': False}",0.9975980784627703,1.0,0.9992019154030327,0.9992019154030327,0.9975980784627703,0.9987199975463212,0.0009612804775641835,45,0.9990017967658216,0.9984012789768185,0.9986013986013986,0.9986013986013986,0.9990017967658216,0.9987215339422519,0.00024021771112017916,0.9952076677316294,1.0,0.9984051036682615,0.9984051036682615,0.9952076677316294,0.9974451085599563,0.0019174427974193607,49,0.9980055843637814,0.9968076616121309,0.9972067039106145,0.9972067039106145,0.9980055843637814,0.9974464476321845,0.0004792221724257249,0.9976923076923077,1.0,0.9992307692307693,0.9992307692307693,0.9976905311778291,0.9987688754663351,0.0009234916234883537,45,0.9990382765916522,0.9984612425466436,0.9986535872283131,0.9986535872283131,0.9990384615384615,0.9987690310266768,0.0002308567800788867,0.9998684597226041,1.0,0.9999751167734275,0.999964452533468,0.9999109893709441,0.9999438036800887,4.757815075426911e-05,59,0.9999599931484563,0.9999330237211606,0.9999356909181055,0.9999403585127592,0.9999555644492487,0.999944926149946,1.0844431601274133e-05
0.28429231643676756,0.05959931235848045,0.20764708518981934,0.09430073905326147,,5,7,False,"('gill-color', 'stalk-surface-above-ring')","{'model__max_depth': None, 'model__min_samples_leaf': 5, 'select__drop': ('gill-color', 'stalk-surface-above-ring'), 'select__k': 7, 'select__prune': False}",1.0,1.0,1.0,1.0,1.0,1.0,0.0,1,1.0,1.0,1.0,1.0,1.0,1.0,0.0,1.0,1.0,1.0,1.0,1.0,1.0,0.0,1,1.0,1.0,1.0,1.0,1.0,1.0,0.0,1.0,1.0,1.0,1.0,1.0,1.0,0.0,1,1.0,1.0,1.0,1.0,1.0,1.0,0.0,1.0,1.0,1.0,1.0,1.0,1.0,0.0,1,1.0,1.0,1.0,1.0,1.0,1.0,0.0
0.2423088550567627,0.054787424655522304,0.20876154899597169,0.06438886635598777,,5,7,False,"('gill-color', 'stalk-surface-above-ring', 'odor')","{'model__max_depth': None, 'model__min_samples_leaf': 5, 'select__drop': ('gill-color', 'stalk-surface-above-ring', 'odor'), 'select__k': 7, 'select__prune': False}",0.9758378799688231,0.9819890368050117,0.9827586206896551,0.9766355140186916,0.9819607843137255,0.9798363671591815,0.0029637834328914486,99,0.980829420970266,0.9792887846815163,0.9790974799765579,0.9806300136959499,0.979296875,0.979828514864858,0.000741966984806346,1.0,1.0,1.0,1.0,1.0,1.0,0.0,1,1.0,1.0,1.0,1.0,1.0,1.0,0.0,0.9761538461538461,0.9823076923076923,0.9830769230769231,0.9769230769230769,0.9822940723633564,0.980151122164979,0.0029732753960050903,99,0.981150221196384,0.9796114637430275,0.9794191190613579,0.9809578765147143,0.9796153846153847,0.9801508130261738,0.0007433875780071333,0.9963962704183692,0.9977936872439102,0.9973469740811572,0.9973090567835231,0.9977794815071517,0.9973250940068222,0.0005078379290582768,89,0.9975720286318664,0.9972147795902534,0.9973164294293769,0.9973270241283526,0.9971988569398925,0.9973258237439484,0.0001335349499612201
0.3122570991516113,0.09253885260221138,0.17224316596984862,0.04836223978807177,,5,7,False,"('gill-color', 'stalk-surface-above-ring', 'spore-print-color')","{'model__max_depth': None, 'model__min_samples_leaf': 5, 'select__drop': ('gill-color', 'stalk-surface-above-ring', 'spore-print-color'), 'select__k': 7, 'select__prune': False}",0.9870550161812298,0.9903381642512077,0.9887096774193549,0.9935794542536116,0.9886914378029079,0.9896747499816623,0.002211248833620915,89,0.9903342730567861,0.989516129032258,0.9899234179766223,0.9887005649717514,0.9899274778404512,0.9896803725755738,0.0005540246926373882,0.9744408945686901,0.9808612440191388,0.9776714513556619,0.9872408293460925,0.9776357827476039,0.9795700404074374,0.0043396391514859585,97,0.9808536098923015,0.9792498004788508,0.9800478850758181,0.9776536312849162,0.9800558436378142,0.97957215407394,0.0010850848931794985,0.9876923076923076,0.9907692307692307,0.9892307692307692,0.9938461538461538,0.9892224788298691,0.9901521880736661,0.002087606680823742,89,0.9907674552798615,0.9899980765531833,0.9903827659165224,0.9892286978265051,0.9903846153846154,0.9901523221921377,0.0005219821527445312,0.994232373602829,0.9946963179934165,0.9945636074516968,0.9968350905630955,0.9953429638877944,0.9951340706997666,0.0009238201495296272,93,0.9953344602423763,0.9952218648507599,0.995265058623507,0.9947100593925489,0.9950635806077924,0.9951190047433969,0.00022299827102922645
0.2958273410797119,0.05853056321839145,0.1966254711151123,0.05170717314081782,,5,7,False,"('gill-color', 'stalk-surface-above-ring', 'ring-type')","{'model__max_depth': None, 'model__min_samples_leaf': 5, 'select__drop': ('gill-color', 'stalk-surface-above-ring', 'ring-type'), 'select__k': 7, 'select__prune': False}",0.9975980784627703,1.0,0.9992019154030327,0.9992019154030327,0.9975980784627703,0.9987199975463212,0.0009612804775641835,45,0.9990017967658216,0.9984012789768185,0.9986013986013986,0.9986013986013986,0.9990017967658216,0.9987215339422519,0.00024021771112017916,0.9952076677316294,1.0,0.9984051036682615,0.9984051036682615,0.9952076677316294,0.9974451085599563,0.0019174427974193607,49,0.9980055843637814,0.9968076616121309,0.9972067039106145,0.9972067039106145,0.9980055843637814,0.9974464476321845,0.0004792221724257249,0.9976923076923077,1.0,0.9992307692307693,0.9992307692307693,0.9976905311778291,0.9987688754663351,0.0009234916234883537,45,0.9990382765916522,0.9984612425466436,0.9986535872283131,0.9986535872283131,0.9990384615384615,0.9987690310266768,0.0002308567800788867,0.9999822242868384,1.0,0.9999952603377957,0.999998815084449,0.9999857582993511,0.999992411601687,7.137947795482736e-06,41,0.9999959252280836,0.999991702053949,0.9999937765404618,0.9999922206755774,0.9999955564449249,0.9999938361885994,1.7024299528770122e-06
0.28893275260925294,0.05615225621480151,0.1694199562072754,0.07109426897773839,,5,7,False,"('gill-color', 'stalk-surface-above-ring', 'stalk-surface-below-ring')","{'model__max_depth': None, 'model__min_samples_leaf': 5, 'select__drop': ('gill-color', 'stalk-surface-above-ring', 'stalk-surface-below-ring'), 'select__k': 7, 'select__prune': False}",0.9936507936507937,0.9935794542536116,0.9927710843373494,0.9976019184652278,0.9943775100401606,0.9943961521494286,0.0016817065937984577,83,0.9952362048431918,0.9955911823647294,0.9957924263674615,0.9945837512537613,0.9953917050691244,0.9953190539796537,0.0004125403094053494,1.0,0.9872408293460925,0.9856459330143541,0.9952153110047847,0.9888178913738019,0.9913839929478065,0.005396120630522327,91,1.0,0.99122106943336,0.9916201117318436,0.9892258579409418,0.9908256880733946,0.992578545435908,0.003798745753052788,0.9938461538461538,0.9938461538461538,0.9930769230769231,0.9976923076923077,0.9946112394149346,0.9946145555752948,0.0016135529260262395,83,0.9953837276399308,0.9957684170032699,0.9959607616849394,0.9948066935949221,0.995576923076923,0.995499304599997,0.0003960951382807294,0.9999715588589414,0.9999526033779573,0.9999040218403635,0.9999893357600403,0.9999418463890168,0.9999518732452639,2.89198592324482e-05,55,0.9999519917781475,0.9999559912504086,0.9999642151076555,0.9999419884664477,0.99995741593053,0.9999543205066379,7.318174017510555e-06
0.3106034755706787,0.09294800883970422,0.11872630119323731,0.11406303807092644,,5,7,False,"('gill-color', 'stalk-surface-above-ring', 'gill-size')","{'model__max_depth': None, 'model__min_samples_leaf': 5, 'select__drop': ('gill-color', 'stalk-surface-above-ring', 'gill-size'), 'select__k': 7, 'select__prune': False}",0.9975980784627703,1.0,0.9992019154030327,0.9992019154030327,0.9975980784627703,0.9987199975463212,0.0009612804775641835,45,0.9990017967658216,0.9984012789768185,0.9986013986013986,0.9986013986013986,0.9990017967658216,0.9987215339422519,0.00024021771112017916,0.9952076677316294,1.0,0.9984051036682615,0.9984051036682615,0.9952076677316294,0.9974451085599563,0.0019174427974193607,49,0.9980055843637814,0.9968076616121309,0.9972067039106145,0.9972067039106145,0.9980055843637814,0.9974464476321845,0.0004792221724257249,0.9976923076923077,1.0,0.9992307692307693,0.9992307692307693,0.9976905311778291,0.9987688754663351,0.0009234916234883537,45,0.9990382765916522,0.9984612425466436,0.9986535872283131,0.9986535872283131,0.9990384615384615,0.9987690310266768,0.0002308567800788867,0.9998684597226041,1.0,0.9999751167734275,0.999964452533468,0.9999109893709441,0.9999438036800887,4.757815075426911e-05,59,0.9999599931484563,0.9999330237211606,0.9999356909181055,0.9999403585127592,0.9999555644492487,0.999944926149946,1.0844431601274133e-05
