mean_fit_time,std_fit_time,mean_score_time,std_score_time,param_model__max_depth,param_model__max_features,param_model__min_samples_leaf,param_model__n_estimators,param_select__k,param_select__prune,param_select__drop,params,split0_test_f1,split1_test_f1,split2_test_f1,split3_test_f1,split4_test_f1,mean_test_f1,std_test_f1,rank_test_f1,split0_train_f1,split1_train_f1,split2_train_f1,split3_train_f1,split4_train_f1,mean_train_f1,std_train_f1,split0_test_recall,split1_test_recall,split2_test_recall,split3_test_recall,split4_test_recall,mean_test_recall,std_test_recall,rank_test_recall,split0_train_recall,split1_train_recall,split2_train_recall,split3_train_recall,split4_train_recall,mean_train_recall,std_train_recall,split0_test_accuracy,split1_test_accuracy,split2_test_accuracy,split3_test_accuracy,split4_test_accuracy,mean_test_accuracy,std_test_accuracy,rank_test_accuracy,split0_train_accuracy,split1_train_accuracy,split2_train_accuracy,split3_train_accuracy,split4_train_accuracy,mean_train_accuracy,std_train_accuracy,split0_test_roc_auc,split1_test_roc_auc,split2_test_roc_auc,split3_test_roc_auc,split4_test_roc_auc,mean_test_roc_auc,std_test_roc_auc,rank_test_roc_auc,split0_train_roc_auc,split1_train_roc_auc,split2_train_roc_auc,split3_train_roc_auc,split4_train_roc_auc,mean_train_roc_auc,std_train_roc_auc
1.0713243007659912,0.022085596532175192,0.13799376487731935,0.007097362315111844,6,sqrt,1,100,6,False,,"{'model__max_depth': 6, 'model__max_features': 'sqrt', 'model__min_samples_leaf': 1, 'model__n_estimators': 100, 'select__k': 6, 'select__prune': False}",0.9895076674737692,0.9935794542536116,0.9919614147909968,0.9943865276663993,0.9878738884397736,0.99146179052491,0.0024486669717809387,239,0.992363344051447,0.9913463473535923,0.9911433172302737,0.9905337361530715,0.9921608040201005,0.9915095097616969,0.0006732117470990911,0.9792332268370607,0.9872408293460925,0.9840510366826156,0.988835725677831,0.9760383386581469,0.9830798314403493,0.004811786554765875,255,0.9848424411647387,0.9828411811652035,0.9824421388667198,0.981245011971269,0.9844435580374951,0.9831628662410852,0.001323800410788131,0.99,0.9938461538461538,0.9923076923076923,0.9946153846153846,0.9884526558891455,0.9918443773316753,0.0023154158776601277,239,0.9926909020965571,0.9917291786882093,0.9915368340065397,0.990959799961531,0.9925,0.9918833429505675,0.0006370532805918777,0.9986348252291882,1.0,0.9995426225972874,0.9995580264994515,0.9987004448157835,0.999287183828342,0.0005322679818473546,255,0.999448424056031,0.9992721515892493,0.9991956178546906,0.9992666690177513,0.9994253002102839,0.9993216325456012,9.815511049183444e-05
0.9845705509185791,0.19958719643588244,0.135939884185791,0.011611461871840624,6,sqrt,1,100,6,True,,"{'model__max_depth': 6, 'model__max_features': 'sqrt', 'model__min_samples_leaf': 1, 'model__n_estimators': 100, 'select__k': 6, 'select__prune': True}",0.9895076674737692,0.9935794542536116,0.9919614147909968,0.9943865276663993,0.9878738884397736,0.99146179052491,0.0024486669717809387,239,0.992363344051447,0.9913463473535923,0.9911433172302737,0.9905337361530715,0.9921608040201005,0.9915095097616969,0.0006732117470990911,0.9792332268370607,0.9872408293460925,0.9840510366826156,0.988835725677831,0.9760383386581469,0.9830798314403493,0.004811786554765875,255,0.9848424411647387,0.9828411811652035,0.9824421388667198,0.981245011971269,0.9844435580374951,0.9831628662410852,0.001323800410788131,0.99,0.9938461538461538,0.9923076923076923,0.9946153846153846,0.9884526558891455,0.9918443773316753,0.0023154158776601277,239,0.9926909020965571,0.9917291786882093,0.9915368340065397,0.990959799961531,0.9925,0.9918833429505675,0.0006370532805918777,0.9986348252291882,1.0,0.9995426225972874,0.9995580264994515,0.9987004448157835,0.999287183828342,0.0005322679818473546,255,0.999448424056031,0.9992721515892493,0.9991956178546906,0.9992666690177513,0.9994253002102839,0.9993216325456012,9.815511049183444e-05
0.9226729869842529,0.12487107810585037,0.135916805267334,0.006154920566136936,6,sqrt,1,100,7,False,,"{'model__max_depth': 6, 'model__max_features': 'sqrt', 'model__min_samples_leaf': 1, 'model__n_estimators': 100, 'select__k': 7, 'select__prune': False}",0.9903225806451613,0.9943865276663993,0.9887096774193549,0.9943865276663993,0.9903225806451613,0.9916255788084953,0.002329968520406132,237,0.9929704759991966,0.9919549477071601,0.9899234179766223,0.9919549477071601,0.9929704759991966,0.9919548530778671,0.0011126282780101091,0.9808306709265175,0.988835725677831,0.9776714513556619,0.988835725677831,0.9808306709265175,0.9834008489128718,0.00458504955332499,253,0.9860390905464699,0.9840383080606544,0.9800478850758181,0.9840383080606544,0.9860390905464699,0.9840405364580134,0.002187679678573989,0.9907692307692307,0.9946153846153846,0.9892307692307692,0.9946153846153846,0.9907621247113164,0.9919985787884171,0.0022089015576328853,237,0.9932679361415657,0.992306212733218,0.9903827659165224,0.992306212733218,0.9932692307692308,0.992306471658751,0.0010537516759933651,0.9998577942947071,0.9999715620267743,0.9998933576004037,0.9999573430401615,1.0,0.9999360113924093,5.244175635195098e-05,227,0.9999110958854582,0.9999279856824868,0.9999122788560333,0.9999733280305507,1.0,0.9999449376909059,3.560086276639848e-05
0.8190905094146729,0.1464354641083798,0.1425323486328125,0.016723147313792645,6,sqrt,1,100,7,True,,"{'model__max_depth': 6, 'model__max_features': 'sqrt', 'model__min_samples_leaf': 1, 'model__n_estimators': 100, 'select__k': 7, 'select__prune': True}",0.9903225806451613,0.9943865276663993,0.9887096774193549,0.9943865276663993,0.9903225806451613,0.9916255788084953,0.002329968520406132,237,0.9929704759991966,0.9919549477071601,0.9899234179766223,0.9919549477071601,0.9929704759991966,0.9919548530778671,0.0011126282780101091,0.9808306709265175,0.988835725677831,0.9776714513556619,0.988835725677831,0.9808306709265175,0.9834008489128718,0.00458504955332499,253,0.9860390905464699,0.9840383080606544,0.9800478850758181,0.9840383080606544,0.9860390905464699,0.9840405364580134,0.002187679678573989,0.9907692307692307,0.9946153846153846,0.9892307692307692,0.9946153846153846,0.9907621247113164,0.9919985787884171,0.0022089015576328853,237,0.9932679361415657,0.992306212733218,0.9903827659165224,0.992306212733218,0.9932692307692308,0.992306471658751,0.0010537516759933651,0.9998577942947071,0.9999715620267743,0.9998933576004037,0.9999573430401615,1.0,0.9999360113924093,5.244175635195098e-05,227,0.9999110958854582,0.9999279856824868,0.9999122788560333,0.9999733280305507,1.0,0.9999449376909059,3.560086276639848e-05
0.9892857551574707,0.14901732849122343,0.19987764358520507,0.0806515380928164,6,sqrt,1,100,8,False,,"{'model__max_depth': 6, 'model__max_features': 'sqrt', 'model__min_samples_leaf': 1, 'model__n_estimators': 100, 'select__k': 8, 'select__prune': False}",0.9903225806451613,0.9943865276663993,0.9927710843373494,0.9968,0.9895245769540693,0.9927609539205958,0.0026599355616163554,209,0.9929704759991966,0.9919549477071601,0.9923602734217933,0.994986966111891,0.9921733895243829,0.9928892105528847,0.0011020166746923492,0.9808306709265175,0.988835725677831,0.9856459330143541,0.9936204146730463,0.9808306709265175,0.9859526830436532,0.004892241919764922,225,0.9860390905464699,0.9840383080606544,0.9848363926576217,0.990023942537909,0.9860390905464699,0.9861953648698251,0.0020594440919996866,0.9907692307692307,0.9946153846153846,0.9930769230769231,0.9969230769230769,0.9899923017705927,0.9930753834310415,0.0025298254426545574,211,0.9932679361415657,0.992306212733218,0.9926909020965571,0.9951913829582612,0.9925,0.9931912867859204,0.0010505120807337166,0.9998933457210304,0.9999763016889787,0.9999241654047316,0.9999881508444893,0.999743649388319,0.9999051226095098,8.778960470547575e-05,235,0.999959252280835,0.9999078335277917,0.9998974610952281,0.9999948137837182,0.9998496597199582,0.9999218040815062,5.0448687803064295e-05
0.9752178192138672,0.2248310143037673,0.18526749610900878,0.07502085098241582,6,sqrt,1,100,8,True,,"{'model__max_depth': 6, 'model__max_features': 'sqrt', 'model__min_samples_leaf': 1, 'model__n_estimators': 100, 'select__k': 8, 'select__prune': True}",0.9903225806451613,0.9943865276663993,0.9927710843373494,0.9968,0.9895245769540693,0.9927609539205958,0.0026599355616163554,209,0.9929704759991966,0.9919549477071601,0.9923602734217933,0.994986966111891,0.9921733895243829,0.9928892105528847,0.0011020166746923492,0.9808306709265175,0.988835725677831,0.9856459330143541,0.9936204146730463,0.9808306709265175,0.9859526830436532,0.004892241919764922,225,0.9860390905464699,0.9840383080606544,0.9848363926576217,0.990023942537909,0.9860390905464699,0.9861953648698251,0.0020594440919996866,0.9907692307692307,0.9946153846153846,0.9930769230769231,0.9969230769230769,0.9899923017705927,0.9930753834310415,0.0025298254426545574,211,0.9932679361415657,0.992306212733218,0.9926909020965571,0.9951913829582612,0.9925,0.9931912867859204,0.0010505120807337166,0.9998933457210304,0.9999763016889787,0.9999241654047316,0.9999881508444893,0.999743649388319,0.9999051226095098,8.778960470547575e-05,235,0.999959252280835,0.9999078335277917,0.9998974610952281,0.9999948137837182,0.9998496597199582,0.9999218040815062,5.0448687803064295e-05
0.9859084606170654,0.12275127292669813,0.2256934642791748,0.13955456257189305,6,sqrt,1,100,9,False,,"{'model__max_depth': 6, 'model__max_features': 'sqrt', 'model__min_samples_leaf': 1, 'model__n_estimators': 100, 'select__k': 9, 'select__prune': False}",0.9903225806451613,0.9943865276663993,0.9927710843373494,0.9943865276663993,0.9903225806451613,0.9924378601920942,0.0018250733303161147,215,0.9929704759991966,0.9919549477071601,0.9923602734217933,0.9919549477071601,0.9929704759991966,0.9924422241669013,0.00045600276703247535,0.9808306709265175,0.988835725677831,0.9856459330143541,0.988835725677831,0.9808306709265175,0.9849957452446102,0.0035946997577386373,231,0.9860390905464699,0.9840383080606544,0.9848363926576217,0.9840383080606544,0.9860390905464699,0.9849982379743741,0.0008984289553146985,0.9907692307692307,0.9946153846153846,0.9930769230769231,0.9946153846153846,0.9907621247113164,0.9927678095576479,0.0017285662979506895,215,0.9932679361415657,0.992306212733218,0.9926909020965571,0.992306212733218,0.9932692307692308,0.9927680988947578,0.00043211281559468035,1.0,0.9999502335468551,1.0,0.9999028369248124,0.9998955608619078,0.999949726266715,4.5139019289192994e-05,211,0.9999851826475763,0.9999155387634103,1.0,0.9999279856824868,0.9999459367465859,0.9999549287680118,3.257321584085449e-05
0.9191916942596435,0.20134790041327164,0.2585002899169922,0.17072231705435156,6,sqrt,1,100,9,True,,"{'model__max_depth': 6, 'model__max_features': 'sqrt', 'model__min_samples_leaf': 1, 'model__n_estimators': 100, 'select__k': 9, 'select__prune': True}",0.9903225806451613,0.9943865276663993,0.9927710843373494,0.9943865276663993,0.9903225806451613,0.9924378601920942,0.0018250733303161147,215,0.9929704759991966,0.9919549477071601,0.9923602734217933,0.9919549477071601,0.9929704759991966,0.9924422241669013,0.00045600276703247535,0.9808306709265175,0.988835725677831,0.9856459330143541,0.988835725677831,0.9808306709265175,0.9849957452446102,0.0035946997577386373,231,0.9860390905464699,0.9840383080606544,0.9848363926576217,0.9840383080606544,0.9860390905464699,0.9849982379743741,0.0008984289553146985,0.9907692307692307,0.9946153846153846,0.9930769230769231,0.9946153846153846,0.9907621247113164,0.9927678095576479,0.0017285662979506895,215,0.9932679361415657,0.992306212733218,0.9926909020965571,0.992306212733218,0.9932692307692308,0.9927680988947578,0.00043211281559468035,1.0,0.9999502335468551,1.0,0.9999028369248124,0.9998955608619078,0.999949726266715,4.5139019289192994e-05,211,0.9999851826475763,0.9999155387634103,1.0,0.9999279856824868,0.9999459367465859,0.9999549287680118,3.257321584085449e-05
1.0209757328033446,0.14870877854333783,0.20064563751220704,0.1309713797129481,6,sqrt,1,100,10,False,,"{'model__max_depth': 6, 'model__max_features': 'sqrt', 'model__min_samples_leaf': 1, 'model__n_estimators': 100, 'select__k': 10, 'select__prune': False}",0.9903225806451613,0.9943865276663993,0.9927710843373494,0.9943865276663993,0.9903225806451613,0.9924378601920942,0.0018250733303161147,215,0.9929704759991966,0.9919549477071601,0.9923602734217933,0.9919549477071601,0.9929704759991966,0.9924422241669013,0.00045600276703247535,0.9808306709265175,0.988835725677831,0.9856459330143541,0.988835725677831,0.9808306709265175,0.9849957452446102,0.0035946997577386373,231,0.9860390905464699,0.9840383080606544,0.9848363926576217,0.9840383080606544,0.9860390905464699,0.9849982379743741,0.0008984289553146985,0.9907692307692307,0.9946153846153846,0.9930769230769231,0.9946153846153846,0.9907621247113164,0.9927678095576479,0.0017285662979506895,215,0.9932679361415657,0.992306212733218,0.9926909020965571,0.992306212733218,0.9932692307692308,0.9927680988947578,0.00043211281559468035,0.9999146765768243,1.0,1.0,0.9999004670937103,0.9999715165987022,0.9999573320538474,4.217919388031027e-05,191,0.9999422123255479,1.0,1.0,0.9999262075511902,0.9999933346673873,0.9999723509088252,3.164429258102517e-05
1.1018887996673583,0.15416733989305276,0.1800149440765381,0.08685034940051967,6,sqrt,1,100,10,True,,"{'model__max_depth': 6, 'model__max_features': 'sqrt', 'model__min_samples_leaf': 1, 'model__n_estimators': 100, 'select__k': 10, 'select__prune': True}",0.9903225806451613,0.9943865276663993,0.9927710843373494,0.9943865276663993,0.9903225806451613,0.9924378601920942,0.0018250733303161147,215,0.9929704759991966,0.9919549477071601,0.9923602734217933,0.9919549477071601,0.9929704759991966,0.9924422241669013,0.00045600276703247535,0.9808306709265175,0.988835725677831,0.9856459330143541,0.988835725677831,0.9808306709265175,0.9849957452446102,0.0035946997577386373,231,0.9860390905464699,0.9840383080606544,0.9848363926576217,0.9840383080606544,0.9860390905464699,0.9849982379743741,0.0008984289553146985,0.9907692307692307,0.9946153846153846,0.9930769230769231,0.9946153846153846,0.9907621247113164,0.9927678095576479,0.0017285662979506895,215,0.9932679361415657,0.992306212733218,0.9926909020965571,0.992306212733218,0.9932692307692308,0.9927680988947578,0.00043211281559468035,0.9999146765768243,1.0,1.0,0.9999004670937103,0.9999715165987022,0.9999573320538474,4.217919388031027e-05,191,0.9999422123255479,1.0,1.0,0.9999262075511902,0.9999933346673873,0.9999723509088252,3.164429258102517e-05
1.2259089946746826,0.15696043532582704,0.22999558448791504,0.0969095850162157,6,sqrt,1,100,21,False,,"{'model__max_depth': 6, 'model__max_features': 'sqrt', 'model__min_samples_leaf': 1, 'model__n_estimators': 100, 'select__k': 21, 'select__prune': False}",0.9935691318327974,0.9976019184652278,0.9959967974379503,0.9984025559105432,0.9911361804995971,0.9953413168292233,0.0026733862612957062,188,0.9947874899759422,0.9957924263674615,0.9978004399120176,0.9988014382740711,0.9919581825492562,0.9958279954157497,0.0023996361420725435,0.987220447284345,0.9952153110047847,0.9920255183413078,0.9968102073365231,0.9824281150159745,0.9907399197965869,0.005291560570900521,220,0.9896290386916633,0.9916201117318436,0.9956105347166799,0.9976057462090981,0.9840446749102513,0.9917020212519073,0.004755404603923682,0.9938461538461538,0.9976923076923077,0.9961538461538462,0.9984615384615385,0.99153194765204,0.9955371587611772,0.002548653783427798,188,0.9949990382765916,0.9959607616849394,0.997884208501635,0.9988459319099827,0.9923076923076923,0.9959995265361682,0.0022928658532423173,1.0,1.0,1.0,1.0,1.0,1.0,0.0,1,1.0,1.0,1.0,1.0,1.0,1.0,0.0
1.2679941654205322,0.14942796576058615,0.19219527244567872,0.06470694821895784,6,sqrt,1,100,21,True,,"{'model__max_depth': 6, 'model__max_features': 'sqrt', 'model__min_samples_leaf': 1, 'model__n_estimators': 100, 'select__k': 21, 'select__prune': True}",0.9951845906902087,0.9992019154030327,0.9984025559105432,1.0,0.9935691318327974,0.9972716387673163,0.0024703531637224507,183,0.9967987194877951,0.9978004399120176,0.9992012779552716,0.9982010793523886,0.9974005198960207,0.9978804073206987,0.0008067546194292295,0.9904153354632588,0.9984051036682615,0.9968102073365231,1.0,0.987220447284345,0.9945702187504777,0.004908943090945612,203,0.9936178699641005,0.9956105347166799,0.9984038308060654,0.9964086193136472,0.9948145193458316,0.995771074829265,0.001607167055097126,0.9953846153846154,0.9992307692307693,0.9984615384615385,1.0,0.993841416474211,0.9973836679102268,0.002364848327221898,183,0.9969224850932872,0.997884208501635,0.9992306212733217,0.9982688978649741,0.9975,0.9979612425466435,0.0007750703354493935,1.0,1.0,1.0,1.0,1.0,1.0,0.0,1,1.0,1.0,1.0,1.0,1.0,1.0,0.0
1.7187331199645997,0.2007801564136845,0.28438448905944824,0.038615426450310804,6,sqrt,1,250,6,False,,"{'model__max_depth': 6, 'model__max_features': 'sqrt', 'model__min_samples_leaf': 1, 'model__n_estimators': 250, 'select__k': 6, 'select__prune': False}",0.9895076674737692,0.9935794542536116,0.9919614147909968,0.9943865276663993,0.9878738884397736,0.99146179052491,0.0024486669717809387,239,0.992363344051447,0.9913463473535923,0.9917521625427479,0.9911433172302737,0.9921608040201005,0.9917531950396323,0.00046387583373371953,0.9792332268370607,0.9872408293460925,0.9840510366826156,0.988835725677831,0.9760383386581469,0.9830798314403493,0.004811786554765875,255,0.9848424411647387,0.9828411811652035,0.9836392657621708,0.9824421388667198,0.9844435580374951,0.9836417169992655,0.0009126378140755403,0.99,0.9938461538461538,0.9923076923076923,0.9946153846153846,0.9884526558891455,0.9918443773316753,0.0023154158776601277,239,0.9926909020965571,0.9917291786882093,0.9921138680515483,0.9915368340065397,0.9925,0.9921141565685708,0.0004388667109428858,0.9986490457997174,1.0,0.9995829097260238,0.9995461773439407,0.9986933239654591,0.9992942913670282,0.0005333433110199188,251,0.9994350884388497,0.9993077142151817,0.9992246606658687,0.9992407379363424,0.9994460368006344,0.9993308476113754,9.387787213684924e-05
1.6081632137298585,0.20033558353285436,0.29996562004089355,0.05212690047766155,6,sqrt,1,250,6,True,,"{'model__max_depth': 6, 'model__max_features': 'sqrt', 'model__min_samples_leaf': 1, 'model__n_estimators': 250, 'select__k': 6, 'select__prune': True}",0.9895076674737692,0.9935794542536116,0.9919614147909968,0.9943865276663993,0.9878738884397736,0.99146179052491,0.0024486669717809387,239,0.992363344051447,0.9913463473535923,0.9917521625427479,0.9911433172302737,0.9921608040201005,0.9917531950396323,0.00046387583373371953,0.9792332268370607,0.9872408293460925,0.9840510366826156,0.988835725677831,0.9760383386581469,0.9830798314403493,0.004811786554765875,255,0.9848424411647387,0.9828411811652035,0.9836392657621708,0.9824421388667198,0.9844435580374951,0.9836417169992655,0.0009126378140755403,0.99,0.9938461538461538,0.9923076923076923,0.9946153846153846,0.9884526558891455,0.9918443773316753,0.0023154158776601277,239,0.9926909020965571,0.9917291786882093,0.9921138680515483,0.9915368340065397,0.9925,0.9921141565685708,0.0004388667109428858,0.9986490457997174,1.0,0.9995829097260238,0.9995461773439407,0.9986933239654591,0.9992942913670282,0.0005333433110199188,251,0.9994350884388497,0.9993077142151817,0.9992246606658687,0.9992407379363424,0.9994460368006344,0.9993308476113754,9.387787213684924e-05
1.6412546634674072,0.18742114494775539,0.31786656379699707,0.13398459111124364,6,sqrt,1,250,7,False,,"{'model__max_depth': 6, 'model__max_features': 'sqrt', 'model__min_samples_leaf': 1, 'model__n_estimators': 250, 'select__k': 7, 'select__prune': False}",0.9903225806451613,0.9943865276663993,0.9927710843373494,0.9943865276663993,0.9903225806451613,0.9924378601920942,0.0018250733303161147,215,0.9929704759991966,0.9919549477071601,0.9923602734217933,0.9919549477071601,0.9929704759991966,0.9924422241669013,0.00045600276703247535,0.9808306709265175,0.988835725677831,0.9856459330143541,0.988835725677831,0.9808306709265175,0.9849957452446102,0.0035946997577386373,231,0.9860390905464699,0.9840383080606544,0.9848363926576217,0.9840383080606544,0.9860390905464699,0.9849982379743741,0.0008984289553146985,0.9907692307692307,0.9946153846153846,0.9930769230769231,0.9946153846153846,0.9907621247113164,0.9927678095576479,0.0017285662979506895,215,0.9932679361415657,0.992306212733218,0.9926909020965571,0.992306212733218,0.9932692307692308,0.9927680988947578,0.00043211281559468035,0.9999857794294706,0.9999715620267744,0.9999763016889787,0.9999502335468551,1.0,0.9999767753384157,1.6445839733724748e-05,185,0.9999644383541832,0.9999279856824868,0.9999573248488809,0.9999881457913559,1.0,0.9999675789353815,2.512670376583204e-05
1.6504655838012696,0.19744644572512235,0.31123919486999513,0.07438461419031332,6,sqrt,1,250,7,True,,"{'model__max_depth': 6, 'model__max_features': 'sqrt', 'model__min_samples_leaf': 1, 'model__n_estimators': 250, 'select__k': 7, 'select__prune': True}",0.9903225806451613,0.9943865276663993,0.9927710843373494,0.9943865276663993,0.9903225806451613,0.9924378601920942,0.0018250733303161147,215,0.9929704759991966,0.9919549477071601,0.9923602734217933,0.9919549477071601,0.9929704759991966,0.9924422241669013,0.00045600276703247535,0.9808306709265175,0.988835725677831,0.9856459330143541,0.988835725677831,0.9808306709265175,0.9849957452446102,0.0035946997577386373,231,0.9860390905464699,0.9840383080606544,0.9848363926576217,0.9840383080606544,0.9860390905464699,0.9849982379743741,0.0008984289553146985,0.9907692307692307,0.9946153846153846,0.9930769230769231,0.9946153846153846,0.9907621247113164,0.9927678095576479,0.0017285662979506895,215,0.9932679361415657,0.992306212733218,0.9926909020965571,0.992306212733218,0.9932692307692308,0.9927680988947578,0.00043211281559468035,0.9999857794294706,0.9999715620267744,0.9999763016889787,0.9999502335468551,1.0,0.9999767753384157,1.6445839733724748e-05,185,0.9999644383541832,0.9999279856824868,0.9999573248488809,0.9999881457913559,1.0,0.9999675789353815,2.512670376583204e-05
1.6962429523468017,0.2027323646421137,0.2933202266693115,0.08145699711092454,6,sqrt,1,250,8,False,,"{'model__max_depth': 6, 'model__max_features': 'sqrt', 'model__min_samples_leaf': 1, 'model__n_estimators': 250, 'select__k': 8, 'select__prune': False}",0.9903225806451613,0.9943865276663993,0.9927710843373494,0.9943865276663993,0.9903225806451613,0.9924378601920942,0.0018250733303161147,215,0.9929704759991966,0.9919549477071601,0.9923602734217933,0.9919549477071601,0.9929704759991966,0.9924422241669013,0.00045600276703247535,0.9808306709265175,0.988835725677831,0.9856459330143541,0.988835725677831,0.9808306709265175,0.9849957452446102,0.0035946997577386373,231,0.9860390905464699,0.9840383080606544,0.9848363926576217,0.9840383080606544,0.9860390905464699,0.9849982379743741,0.0008984289553146985,0.9907692307692307,0.9946153846153846,0.9930769230769231,0.9946153846153846,0.9907621247113164,0.9927678095576479,0.0017285662979506895,215,0.9932679361415657,0.992306212733218,0.9926909020965571,0.992306212733218,0.9932692307692308,0.9927680988947578,0.00043211281559468035,0.9998435737241778,1.0,0.9999407542224465,0.9999668223645701,0.9998599566102853,0.9999222213842959,6.073645217962768e-05,231,0.9998925741949288,0.9999866640152754,0.9999407289567792,0.9999755506946715,0.9998989831812921,0.9999389002085893,3.8386071143215744e-05
1.669996166229248,0.17274689037674293,0.2741800308227539,0.06033002522268285,6,sqrt,1,250,8,True,,"{'model__max_depth': 6, 'model__max_features': 'sqrt', 'model__min_samples_leaf': 1, 'model__n_estimators': 250, 'select__k': 8, 'select__prune': True}",0.9903225806451613,0.9943865276663993,0.9927710843373494,0.9943865276663993,0.9903225806451613,0.9924378601920942,0.0018250733303161147,215,0.9929704759991966,0.9919549477071601,0.9923602734217933,0.9919549477071601,0.9929704759991966,0.9924422241669013,0.00045600276703247535,0.9808306709265175,0.988835725677831,0.9856459330143541,0.988835725677831,0.9808306709265175,0.9849957452446102,0.0035946997577386373,231,0.9860390905464699,0.9840383080606544,0.9848363926576217,0.9840383080606544,0.9860390905464699,0.9849982379743741,0.0008984289553146985,0.9907692307692307,0.9946153846153846,0.9930769230769231,0.9946153846153846,0.9907621247113164,0.9927678095576479,0.0017285662979506895,215,0.9932679361415657,0.992306212733218,0.9926909020965571,0.992306212733218,0.9932692307692308,0.9927680988947578,0.00043211281559468035,0.9998435737241778,1.0,0.9999407542224465,0.9999668223645701,0.9998599566102853,0.9999222213842959,6.073645217962768e-05,231,0.9998925741949288,0.9999866640152754,0.9999407289567792,0.9999755506946715,0.9998989831812921,0.9999389002085893,3.8386071143215744e-05
1.6885480880737305,0.1464414227025464,0.26677985191345216,0.07599842919921221,6,sqrt,1,250,9,False,,"{'model__max_depth': 6, 'model__max_features': 'sqrt', 'model__min_samples_leaf': 1, 'model__n_estimators': 250, 'select__k': 9, 'select__prune': False}",0.9903225806451613,0.9903381642512077,0.9887096774193549,0.9935794542536116,0.9886914378029079,0.9903282628744486,0.0017815381499816565,249,0.9929704759991966,0.989516129032258,0.9899234179766223,0.9887005649717514,0.9899274778404512,0.9902076131640559,0.0014520329409727507,0.9808306709265175,0.9808612440191388,0.9776714513556619,0.9872408293460925,0.9776357827476039,0.980847995679003,0.003500786874845023,265,0.9860390905464699,0.9792498004788508,0.9800478850758181,0.9776536312849162,0.9800558436378142,0.9806092502047739,0.0028526599001424575,0.9907692307692307,0.9907692307692307,0.9892307692307692,0.9938461538461538,0.9892224788298691,0.9907675726890506,0.001686816370705276,249,0.9932679361415657,0.9899980765531833,0.9903827659165224,0.9892286978265051,0.9903846153846154,0.9906524183644784,0.0013740820570277321,0.999879125150501,0.9999265352358336,0.9999004670937103,0.999829372160646,0.9997840008734908,0.9998639001028364,5.1123717442018316e-05,239,0.999877015974884,0.9998559713649735,0.9998819024463826,0.9998490070173952,0.9998730624433539,0.9998673918493978,1.2678851401407815e-05
1.7115289211273192,0.12943747099018765,0.39892187118530276,0.16204962442424015,6,sqrt,1,250,9,True,,"{'model__max_depth': 6, 'model__max_features': 'sqrt', 'model__min_samples_leaf': 1, 'model__n_estimators': 250, 'select__k': 9, 'select__prune': True}",0.9903225806451613,0.9903381642512077,0.9887096774193549,0.9935794542536116,0.9886914378029079,0.9903282628744486,0.0017815381499816565,249,0.9929704759991966,0.989516129032258,0.9899234179766223,0.9887005649717514,0.9899274778404512,0.9902076131640559,0.0014520329409727507,0.9808306709265175,0.9808612440191388,0.9776714513556619,0.9872408293460925,0.9776357827476039,0.980847995679003,0.003500786874845023,265,0.9860390905464699,0.9792498004788508,0.9800478850758181,0.9776536312849162,0.9800558436378142,0.9806092502047739,0.0028526599001424575,0.9907692307692307,0.9907692307692307,0.9892307692307692,0.9938461538461538,0.9892224788298691,0.9907675726890506,0.001686816370705276,249,0.9932679361415657,0.9899980765531833,0.9903827659165224,0.9892286978265051,0.9903846153846154,0.9906524183644784,0.0013740820570277321,0.999879125150501,0.9999265352358336,0.9999004670937103,0.999829372160646,0.9997840008734908,0.9998639001028364,5.1123717442018316e-05,239,0.999877015974884,0.9998559713649735,0.9998819024463826,0.9998490070173952,0.9998730624433539,0.9998673918493978,1.2678851401407815e-05
1.6737053871154786,0.1570501702222195,0.30196218490600585,0.14566185100039225,6,sqrt,1,250,10,False,,"{'model__max_depth': 6, 'model__max_features': 'sqrt', 'model__min_samples_leaf': 1, 'model__n_estimators': 250, 'select__k': 10, 'select__prune': False}",0.9903225806451613,0.9943865276663993,0.9927710843373494,0.9943865276663993,0.9903225806451613,0.9924378601920942,0.0018250733303161147,215,0.9929704759991966,0.9919549477071601,0.9923602734217933,0.9919549477071601,0.9929704759991966,0.9924422241669013,0.00045600276703247535,0.9808306709265175,0.988835725677831,0.9856459330143541,0.988835725677831,0.9808306709265175,0.9849957452446102,0.0035946997577386373,231,0.9860390905464699,0.9840383080606544,0.9848363926576217,0.9840383080606544,0.9860390905464699,0.9849982379743741,0.0008984289553146985,0.9907692307692307,0.9946153846153846,0.9930769230769231,0.9946153846153846,0.9907621247113164,0.9927678095576479,0.0017285662979506895,215,0.9932679361415657,0.992306212733218,0.9926909020965571,0.992306212733218,0.9932692307692308,0.9927680988947578,0.00043211281559468035,0.9999146765768243,0.9999928905066936,1.0,0.9999431240535488,0.9999999999999999,0.9999701382274132,3.4948182820050566e-05,189,0.9999688835599105,0.9999866640152754,1.0,0.999959992045826,1.0,0.9999831079242025,1.6248117465382044e-05
1.7517248153686524,0.1904922744027496,0.332352876663208,0.1844895749435414,6,sqrt,1,250,10,True,,"{'model__max_depth': 6, 'model__max_features': 'sqrt', 'model__min_samples_leaf': 1, 'model__n_estimators': 250, 'select__k': 10, 'select__prune': True}",0.9903225806451613,0.9943865276663993,0.9927710843373494,0.9943865276663993,0.9903225806451613,0.9924378601920942,0.0018250733303161147,215,0.9929704759991966,0.9919549477071601,0.9923602734217933,0.9919549477071601,0.9929704759991966,0.9924422241669013,0.00045600276703247535,0.9808306709265175,0.988835725677831,0.9856459330143541,0.988835725677831,0.9808306709265175,0.9849957452446102,0.0035946997577386373,231,0.9860390905464699,0.9840383080606544,0.9848363926576217,0.9840383080606544,0.9860390905464699,0.9849982379743741,0.0008984289553146985,0.9907692307692307,0.9946153846153846,0.9930769230769231,0.9946153846153846,0.9907621247113164,0.9927678095576479,0.0017285662979506895,215,0.9932679361415657,0.992306212733218,0.9926909020965571,0.992306212733218,0.9932692307692308,0.9927680988947578,0.00043211281559468035,0.9999146765768243,0.9999928905066936,1.0,0.9999431240535488,0.9999999999999999,0.9999701382274132,3.4948182820050566e-05,189,0.9999688835599105,0.9999866640152754,1.0,0.999959992045826,1.0,0.9999831079242025,1.6248117465382044e-05
1.9882670402526856,0.2244395465477734,0.41678810119628906,0.198470848353553,6,sqrt,1,250,21,False,,"{'model__max_depth': 6, 'model__max_features': 'sqrt', 'model__min_samples_leaf': 1, 'model__n_estimators': 250, 'select__k': 21, 'select__prune': False}",0.9935691318327974,0.9984025559105432,0.9951923076923077,1.0,0.9935691318327974,0.996146625453689,0.0026128676484461102,185,0.9939807383627608,0.9978004399120176,0.9965965965965966,0.9996007984031936,0.9955929487179487,0.9967143043985034,0.0019107702611008404,0.987220447284345,0.9968102073365231,0.9904306220095693,1.0,0.987220447284345,0.9923363447829565,0.005190831362229549,204,0.9880335061826885,0.9956105347166799,0.9932162809257782,0.9992019154030327,0.9912245712006382,0.9934573616857634,0.0037973078177360236,0.9938461538461538,0.9984615384615385,0.9953846153846154,1.0,0.993841416474211,0.9963067448333037,0.0025006376767112183,184,0.9942296595499135,0.997884208501635,0.9967301404116177,0.9996153106366609,0.9957692307692307,0.9968457099738115,0.0018311226417651325,0.9999999999999999,1.0,1.0,1.0,1.0,1.0,4.965068306494546e-17,1,1.0,1.0,1.0,1.0,1.0,1.0,0.0
2.000155973434448,0.16428290506551038,0.45416483879089353,0.1791029252594409,6,sqrt,1,250,21,True,,"{'model__max_depth': 6, 'model__max_features': 'sqrt', 'model__min_samples_leaf': 1, 'model__n_estimators': 250, 'select__k': 21, 'select__prune': True}",0.9927594529364441,0.9976019184652278,0.9943865276663993,0.9976019184652278,0.9959903769045709,0.9956680388875739,0.0018807352543110136,186,0.9953917050691244,0.9963956748097718,0.994986966111891,0.994986966111891,0.9984019176987615,0.9960326459602878,0.0012917380874573334,0.9856230031948882,0.9952153110047847,0.988835725677831,0.9952153110047847,0.9920127795527156,0.9913804260870009,0.00372655267242919,218,0.9908256880733946,0.9928172386272945,0.990023942537909,0.990023942537909,0.9968089349820503,0.9920999493517115,0.002566413838761385,0.9930769230769231,0.9976923076923077,0.9946153846153846,0.9976923076923077,0.9961508852963818,0.995845561674661,0.0017940378760451247,186,0.9955760723216003,0.996537795729948,0.9951913829582612,0.9951913829582612,0.9984615384615385,0.9961916344859219,0.0012371107210517153,1.0,1.0,1.0,1.0,1.0,1.0,0.0,1,1.0,1.0,1.0,1.0,1.0,1.0,0.0
0.9923319816589355,0.13555475325640914,0.18920998573303222,0.08729541021321162,6,sqrt,3,100,6,False,,"{'model__max_depth': 6, 'model__max_features': 'sqrt', 'model__min_samples_leaf': 3, 'model__n_estimators': 100, 'select__k': 6, 'select__prune': False}",0.9895076674737692,0.9927710843373494,0.9919614147909968,0.9943865276663993,0.9878738884397736,0.9913001165416576,0.002327183186970226,243,0.9917554795897848,0.9909402053553453,0.9911433172302737,0.9905337361530715,0.9921608040201005,0.9913067084697152,0.000581271392666654,0.9792332268370607,0.9856459330143541,0.9840510366826156,0.988835725677831,0.9760383386581469,0.9827608521740018,0.00457227917121955,259,0.9836457917830076,0.9820430965682362,0.9824421388667198,0.981245011971269,0.9844435580374951,0.9827639194453456,0.0011427241920885377,0.99,0.9930769230769231,0.9923076923076923,0.9946153846153846,0.9884526558891455,0.991690531177829,0.002199975910665723,243,0.9921138680515483,0.9913444893248702,0.9915368340065397,0.990959799961531,0.9925,0.9916909982688977,0.000549870655114618,0.9986348252291881,1.0,0.9996160873614538,0.9995272186951234,0.998764532468704,0.9993085327508938,0.0005235185706528836,249,0.999448424056031,0.9992816349561646,0.9993314967212741,0.9991868012870113,0.9994430744305844,0.999338286290213,9.931169106679065e-05
0.984459638595581,0.1164959370599575,0.18498215675354004,0.06752127158514575,6,sqrt,3,100,6,True,,"{'model__max_depth': 6, 'model__max_features': 'sqrt', 'model__min_samples_leaf': 3, 'model__n_estimators': 100, 'select__k': 6, 'select__prune': True}",0.9895076674737692,0.9927710843373494,0.9919614147909968,0.9943865276663993,0.9878738884397736,0.9913001165416576,0.002327183186970226,243,0.9917554795897848,0.9909402053553453,0.9911433172302737,0.9905337361530715,0.9921608040201005,0.9913067084697152,0.000581271392666654,0.9792332268370607,0.9856459330143541,0.9840510366826156,0.988835725677831,0.9760383386581469,0.9827608521740018,0.00457227917121955,259,0.9836457917830076,0.9820430965682362,0.9824421388667198,0.981245011971269,0.9844435580374951,0.9827639194453456,0.0011427241920885377,0.99,0.9930769230769231,0.9923076923076923,0.9946153846153846,0.9884526558891455,0.991690531177829,0.002199975910665723,243,0.9921138680515483,0.9913444893248702,0.9915368340065397,0.990959799961531,0.9925,0.9916909982688977,0.000549870655114618,0.9986348252291881,1.0,0.9996160873614538,0.9995272186951234,0.998764532468704,0.9993085327508938,0.0005235185706528836,249,0.999448424056031,0.9992816349561646,0.9993314967212741,0.9991868012870113,0.9994430744305844,0.999338286290213,9.931169106679065e-05
0.9831544399261475,0.12173840974982708,0.225892972946167,0.08393662455347085,6,sqrt,3,100,7,False,,"{'model__max_depth': 6, 'model__max_features': 'sqrt', 'model__min_samples_leaf': 3, 'model__n_estimators': 100, 'select__k': 7, 'select__prune': False}",0.9903225806451613,0.9943865276663993,0.9927710843373494,0.9943865276663993,0.9903225806451613,0.9924378601920942,0.0018250733303161147,215,0.9929704759991966,0.993574297188755,0.9923602734217933,0.9919549477071601,0.9929704759991966,0.9927660940632205,0.000558459496756729,0.9808306709265175,0.988835725677831,0.9856459330143541,0.988835725677831,0.9808306709265175,0.9849957452446102,0.0035946997577386373,231,0.9860390905464699,0.9872306464485235,0.9848363926576217,0.9840383080606544,0.9860390905464699,0.9856367056519479,0.0011008951102087223,0.9907692307692307,0.9946153846153846,0.9930769230769231,0.9946153846153846,0.9907621247113164,0.9927678095576479,0.0017285662979506895,215,0.9932679361415657,0.9938449701865744,0.9926909020965571,0.992306212733218,0.9932692307692308,0.9930758503854292,0.0005303518605360365,0.9999857794294708,0.9999786715200808,0.9999881508444893,0.9999786715200807,1.0,0.9999862546628243,7.845556111062631e-06,157,0.9999799965742281,0.9999466560611013,0.9999905166330846,0.9999946656061102,1.0,0.9999823669749048,1.902359059708474e-05
1.039309024810791,0.1248834497898766,0.18818492889404298,0.0867221283062844,6,sqrt,3,100,7,True,,"{'model__max_depth': 6, 'model__max_features': 'sqrt', 'model__min_samples_leaf': 3, 'model__n_estimators': 100, 'select__k': 7, 'select__prune': True}",0.9903225806451613,0.9943865276663993,0.9927710843373494,0.9943865276663993,0.9903225806451613,0.9924378601920942,0.0018250733303161147,215,0.9929704759991966,0.993574297188755,0.9923602734217933,0.9919549477071601,0.9929704759991966,0.9927660940632205,0.000558459496756729,0.9808306709265175,0.988835725677831,0.9856459330143541,0.988835725677831,0.9808306709265175,0.9849957452446102,0.0035946997577386373,231,0.9860390905464699,0.9872306464485235,0.9848363926576217,0.9840383080606544,0.9860390905464699,0.9856367056519479,0.0011008951102087223,0.9907692307692307,0.9946153846153846,0.9930769230769231,0.9946153846153846,0.9907621247113164,0.9927678095576479,0.0017285662979506895,215,0.9932679361415657,0.9938449701865744,0.9926909020965571,0.992306212733218,0.9932692307692308,0.9930758503854292,0.0005303518605360365,0.9999857794294708,0.9999786715200808,0.9999881508444893,0.9999786715200807,1.0,0.9999862546628243,7.845556111062631e-06,157,0.9999799965742281,0.9999466560611013,0.9999905166330846,0.9999946656061102,1.0,0.9999823669749048,1.902359059708474e-05
0.9727672100067138,0.14484912329208346,0.18566184043884276,0.07610529736033304,6,sqrt,3,100,8,False,,"{'model__max_depth': 6, 'model__max_features': 'sqrt', 'model__min_samples_leaf': 3, 'model__n_estimators': 100, 'select__k': 8, 'select__prune': False}",0.9903225806451613,0.9943865276663993,0.9927710843373494,0.9968,0.9895245769540693,0.9927609539205958,0.0026599355616163554,209,0.9929704759991966,0.9919549477071601,0.9923602734217933,0.994986966111891,0.9921733895243829,0.9928892105528847,0.0011020166746923492,0.9808306709265175,0.988835725677831,0.9856459330143541,0.9936204146730463,0.9808306709265175,0.9859526830436532,0.004892241919764922,225,0.9860390905464699,0.9840383080606544,0.9848363926576217,0.990023942537909,0.9860390905464699,0.9861953648698251,0.0020594440919996866,0.9907692307692307,0.9946153846153846,0.9930769230769231,0.9969230769230769,0.9899923017705927,0.9930753834310415,0.0025298254426545574,211,0.9932679361415657,0.992306212733218,0.9926909020965571,0.9951913829582612,0.9925,0.9931912867859204,0.0010505120807337166,0.9998720148652365,0.9999668223645701,0.9999289050669358,0.9999881508444893,0.9997673855560673,0.9999046557394597,7.916145734285527e-05,237,0.9999503618693809,0.9998933121222027,0.9999078335277918,0.9999948137837181,0.9998573618820885,0.9999207366370365,4.7539524311295464e-05
0.9085572242736817,0.1542532226657604,0.25307140350341795,0.12026745445306866,6,sqrt,3,100,8,True,,"{'model__max_depth': 6, 'model__max_features': 'sqrt', 'model__min_samples_leaf': 3, 'model__n_estimators': 100, 'select__k': 8, 'select__prune': True}",0.9903225806451613,0.9943865276663993,0.9927710843373494,0.9968,0.9895245769540693,0.9927609539205958,0.0026599355616163554,209,0.9929704759991966,0.9919549477071601,0.9923602734217933,0.994986966111891,0.9921733895243829,0.9928892105528847,0.0011020166746923492,0.9808306709265175,0.988835725677831,0.9856459330143541,0.9936204146730463,0.9808306709265175,0.9859526830436532,0.004892241919764922,225,0.9860390905464699,0.9840383080606544,0.9848363926576217,0.990023942537909,0.9860390905464699,0.9861953648698251,0.0020594440919996866,0.9907692307692307,0.9946153846153846,0.9930769230769231,0.9969230769230769,0.9899923017705927,0.9930753834310415,0.0025298254426545574,211,0.9932679361415657,0.992306212733218,0.9926909020965571,0.9951913829582612,0.9925,0.9931912867859204,0.0010505120807337166,0.9998720148652365,0.9999668223645701,0.9999289050669358,0.9999881508444893,0.9997673855560673,0.9999046557394597,7.916145734285527e-05,237,0.9999503618693809,0.9998933121222027,0.9999078335277918,0.9999948137837181,0.9998573618820885,0.9999207366370365,4.7539524311295464e-05
0.8588176727294922,0.19083939738389288,0.22772736549377443,0.10415821589285269,6,sqrt,3,100,9,False,,"{'model__max_depth': 6, 'model__max_features': 'sqrt', 'model__min_samples_leaf': 3, 'model__n_estimators': 100, 'select__k': 9, 'select__prune': False}",0.9903225806451613,0.9943865276663993,0.9927710843373494,0.9943865276663993,0.9886914378029079,0.9921116316236436,0.0022664338096362933,235,0.9929704759991966,0.9919549477071601,0.9923602734217933,0.9919549477071601,0.9899274778404512,0.9918336245351522,0.0010229979615768493,0.9808306709265175,0.988835725677831,0.9856459330143541,0.988835725677831,0.9776357827476039,0.9843567676088275,0.004458454295568888,251,0.9860390905464699,0.9840383080606544,0.9848363926576217,0.9840383080606544,0.9800558436378142,0.983801588592643,0.0020109655355561077,0.9907692307692307,0.9946153846153846,0.9930769230769231,0.9946153846153846,0.9892224788298691,0.9924598803813585,0.002145329979771491,235,0.9932679361415657,0.992306212733218,0.9926909020965571,0.992306212733218,0.9903846153846154,0.9921911758178348,0.0009694603376190568,1.0,0.9999431240535487,0.9999976301688979,0.9999028369248124,0.9998575829935105,0.9999402348281541,5.4962491705811816e-05,225,0.9999851826475764,0.999896868384796,0.9999958510269746,0.9999279856824868,0.9999326060813607,0.999947698764639,3.721237444607024e-05
0.9927218437194825,0.18932298808154963,0.23934621810913087,0.14888281775642587,6,sqrt,3,100,9,True,,"{'model__max_depth': 6, 'model__max_features': 'sqrt', 'model__min_samples_leaf': 3, 'model__n_estimators': 100, 'select__k': 9, 'select__prune': True}",0.9903225806451613,0.9943865276663993,0.9927710843373494,0.9943865276663993,0.9886914378029079,0.9921116316236436,0.0022664338096362933,235,0.9929704759991966,0.9919549477071601,0.9923602734217933,0.9919549477071601,0.9899274778404512,0.9918336245351522,0.0010229979615768493,0.9808306709265175,0.988835725677831,0.9856459330143541,0.988835725677831,0.9776357827476039,0.9843567676088275,0.004458454295568888,251,0.9860390905464699,0.9840383080606544,0.9848363926576217,0.9840383080606544,0.9800558436378142,0.983801588592643,0.0020109655355561077,0.9907692307692307,0.9946153846153846,0.9930769230769231,0.9946153846153846,0.9892224788298691,0.9924598803813585,0.002145329979771491,235,0.9932679361415657,0.992306212733218,0.9926909020965571,0.992306212733218,0.9903846153846154,0.9921911758178348,0.0009694603376190568,1.0,0.9999431240535487,0.9999976301688979,0.9999028369248124,0.9998575829935105,0.9999402348281541,5.4962491705811816e-05,225,0.9999851826475764,0.999896868384796,0.9999958510269746,0.9999279856824868,0.9999326060813607,0.999947698764639,3.721237444607024e-05
0.9962212562561035,0.2098670066503005,0.2758753776550293,0.17828816137944178,6,sqrt,3,100,10,False,,"{'model__max_depth': 6, 'model__max_features': 'sqrt', 'model__min_samples_leaf': 3, 'model__n_estimators': 100, 'select__k': 10, 'select__prune': False}",0.9903225806451613,0.9943865276663993,0.9927710843373494,0.9943865276663993,0.9903225806451613,0.9924378601920942,0.0018250733303161147,215,0.9929704759991966,0.9919549477071601,0.9923602734217933,0.9919549477071601,0.9929704759991966,0.9924422241669013,0.00045600276703247535,0.9808306709265175,0.988835725677831,0.9856459330143541,0.988835725677831,0.9808306709265175,0.9849957452446102,0.0035946997577386373,231,0.9860390905464699,0.9840383080606544,0.9848363926576217,0.9840383080606544,0.9860390905464699,0.9849982379743741,0.0008984289553146985,0.9907692307692307,0.9946153846153846,0.9930769230769231,0.9946153846153846,0.9907621247113164,0.9927678095576479,0.0017285662979506895,215,0.9932679361415657,0.992306212733218,0.9926909020965571,0.992306212733218,0.9932692307692308,0.9927680988947578,0.00043211281559468035,0.999900456006295,1.0,1.0,0.9998933576004039,0.9999643957483777,0.9999516418710153,4.6597698684488243e-05,209,0.9999310993112301,0.9999928874748135,1.0,0.9999155387634104,0.9999903722973372,0.9999659795693583,3.5319506132006774e-05
1.0358171939849854,0.14750711207504963,0.3502033233642578,0.18231542930204742,6,sqrt,3,100,10,True,,"{'model__max_depth': 6, 'model__max_features': 'sqrt', 'model__min_samples_leaf': 3, 'model__n_estimators': 100, 'select__k': 10, 'select__prune': True}",0.9903225806451613,0.9943865276663993,0.9927710843373494,0.9943865276663993,0.9903225806451613,0.9924378601920942,0.0018250733303161147,215,0.9929704759991966,0.9919549477071601,0.9923602734217933,0.9919549477071601,0.9929704759991966,0.9924422241669013,0.00045600276703247535,0.9808306709265175,0.988835725677831,0.9856459330143541,0.988835725677831,0.9808306709265175,0.9849957452446102,0.0035946997577386373,231,0.9860390905464699,0.9840383080606544,0.9848363926576217,0.9840383080606544,0.9860390905464699,0.9849982379743741,0.0008984289553146985,0.9907692307692307,0.9946153846153846,0.9930769230769231,0.9946153846153846,0.9907621247113164,0.9927678095576479,0.0017285662979506895,215,0.9932679361415657,0.992306212733218,0.9926909020965571,0.992306212733218,0.9932692307692308,0.9927680988947578,0.00043211281559468035,0.999900456006295,1.0,1.0,0.9998933576004039,0.9999643957483777,0.9999516418710153,4.6597698684488243e-05,209,0.9999310993112301,0.9999928874748135,1.0,0.9999155387634104,0.9999903722973372,0.9999659795693583,3.5319506132006774e-05
1.351585578918457,0.169571619197459,0.21953215599060058,0.12267168143726365,6,sqrt,3,100,21,False,,"{'model__max_depth': 6, 'model__max_features': 'sqrt', 'model__min_samples_leaf': 3, 'model__n_estimators': 100, 'select__k': 21, 'select__prune': False}",0.9911361804995971,0.9976019184652278,0.9968,0.9976019184652278,0.9886914378029079,0.9943662910465921,0.003728245762755295,206,0.9941825476429288,0.9965965965965966,0.9971988795518207,0.9982010793523886,0.9915526950925181,0.9955463596472505,0.002395441343739351,0.9824281150159745,0.9952153110047847,0.9936204146730463,0.9952153110047847,0.9776357827476039,0.9888229868892389,0.007359169128635474,222,0.9884323893099322,0.9932162809257782,0.994413407821229,0.9964086193136472,0.9832469086557638,0.9911435212052702,0.0047416553088971605,0.9915384615384616,0.9976923076923077,0.9969230769230769,0.9976923076923077,0.9892224788298691,0.9946137265352046,0.0035443258799434255,206,0.994422004231583,0.9967301404116177,0.9973071744566263,0.9982688978649741,0.9919230769230769,0.9957302587775756,0.002286362980251929,1.0,1.0,1.0,0.9999999999999999,1.0,1.0,4.965068306494546e-17,1,1.0,1.0,1.0,1.0,1.0,1.0,0.0
1.2343807697296143,0.1283312372832366,0.2155616283416748,0.09924416031410643,6,sqrt,3,100,21,True,,"{'model__max_depth': 6, 'model__max_features': 'sqrt', 'model__min_samples_leaf': 3, 'model__n_estimators': 100, 'select__k': 21, 'select__prune': True}",0.9951845906902087,0.9984025559105432,0.9959967974379503,0.9992019154030327,0.9919484702093397,0.9961468659302148,0.002568909705991246,184,0.9967987194877951,0.9965965965965966,0.9976,0.9988014382740711,0.9935768767563228,0.9966747262229572,0.0017318883103135559,0.9904153354632588,0.9968102073365231,0.9920255183413078,0.9984051036682615,0.9840255591054313,0.9923363447829565,0.005093158725528306,204,0.9936178699641005,0.9932162809257782,0.9952114924181963,0.9976057462090981,0.987235739928201,0.9933774258890748,0.0034364685436177357,0.9953846153846154,0.9984615384615385,0.9961538461538462,0.9992307692307693,0.9923017705927637,0.9963065079647067,0.002453836725229633,185,0.9969224850932872,0.9967301404116177,0.9976918638199653,0.9988459319099827,0.9938461538461538,0.9968073150162013,0.0016568693954018784,1.0,1.0,1.0,1.0,1.0,1.0,0.0,1,1.0,1.0,1.0,1.0,1.0,1.0,0.0
1.64561185836792,0.16959258629515858,0.2626800537109375,0.05703155369100424,6,sqrt,3,250,6,False,,"{'model__max_depth': 6, 'model__max_features': 'sqrt', 'model__min_samples_leaf': 3, 'model__n_estimators': 250, 'select__k': 6, 'select__prune': False}",0.9895076674737692,0.9927710843373494,0.9919614147909968,0.9943865276663993,0.9878738884397736,0.9913001165416576,0.002327183186970226,243,0.9917554795897848,0.9909402053553453,0.9911433172302737,0.9905337361530715,0.9921608040201005,0.9913067084697152,0.000581271392666654,0.9792332268370607,0.9856459330143541,0.9840510366826156,0.988835725677831,0.9760383386581469,0.9827608521740018,0.00457227917121955,259,0.9836457917830076,0.9820430965682362,0.9824421388667198,0.981245011971269,0.9844435580374951,0.9827639194453456,0.0011427241920885377,0.99,0.9930769230769231,0.9923076923076923,0.9946153846153846,0.9884526558891455,0.991690531177829,0.002199975910665723,243,0.9921138680515483,0.9913444893248702,0.9915368340065397,0.990959799961531,0.9925,0.9916909982688977,0.000549870655114618,0.9986490457997175,1.0,0.9995829097260237,0.9995438075128387,0.9986790822648102,0.9992909690606779,0.0005363492205287392,253,0.9994350884388497,0.9993160121612327,0.9992246606658688,0.9992334772335478,0.9994401120605343,0.9993298701120066,9.357012439093764e-05
1.8121646404266358,0.11043726042042737,0.31862444877624513,0.13992958706633282,6,sqrt,3,250,6,True,,"{'model__max_depth': 6, 'model__max_features': 'sqrt', 'model__min_samples_leaf': 3, 'model__n_estimators': 250, 'select__k': 6, 'select__prune': True}",0.9895076674737692,0.9927710843373494,0.9919614147909968,0.9943865276663993,0.9878738884397736,0.9913001165416576,0.002327183186970226,243,0.9917554795897848,0.9909402053553453,0.9911433172302737,0.9905337361530715,0.9921608040201005,0.9913067084697152,0.000581271392666654,0.9792332268370607,0.9856459330143541,0.9840510366826156,0.988835725677831,0.9760383386581469,0.9827608521740018,0.00457227917121955,259,0.9836457917830076,0.9820430965682362,0.9824421388667198,0.981245011971269,0.9844435580374951,0.9827639194453456,0.0011427241920885377,0.99,0.9930769230769231,0.9923076923076923,0.9946153846153846,0.9884526558891455,0.991690531177829,0.002199975910665723,243,0.9921138680515483,0.9913444893248702,0.9915368340065397,0.990959799961531,0.9925,0.9916909982688977,0.000549870655114618,0.9986490457997175,1.0,0.9995829097260237,0.9995438075128387,0.9986790822648102,0.9992909690606779,0.0005363492205287392,253,0.9994350884388497,0.9993160121612327,0.9992246606658688,0.9992334772335478,0.9994401120605343,0.9993298701120066,9.357012439093764e-05
1.6155078411102295,0.142785382522556,0.37793722152709963,0.11458599150897329,6,sqrt,3,250,7,False,,"{'model__max_depth': 6, 'model__max_features': 'sqrt', 'model__min_samples_leaf': 3, 'model__n_estimators': 250, 'select__k': 7, 'select__prune': False}",0.9903225806451613,0.9943865276663993,0.9927710843373494,0.9943865276663993,0.9903225806451613,0.9924378601920942,0.0018250733303161147,215,0.9929704759991966,0.9919549477071601,0.9923602734217933,0.9919549477071601,0.9929704759991966,0.9924422241669013,0.00045600276703247535,0.9808306709265175,0.988835725677831,0.9856459330143541,0.988835725677831,0.9808306709265175,0.9849957452446102,0.0035946997577386373,231,0.9860390905464699,0.9840383080606544,0.9848363926576217,0.9840383080606544,0.9860390905464699,0.9849982379743741,0.0008984289553146985,0.9907692307692307,0.9946153846153846,0.9930769230769231,0.9946153846153846,0.9907621247113164,0.9927678095576479,0.0017285662979506895,215,0.9932679361415657,0.992306212733218,0.9926909020965571,0.992306212733218,0.9932692307692308,0.9927680988947578,0.00043211281559468035,1.0,0.9999857810133872,0.9999881508444892,0.9999360145602423,0.9999928791496755,0.9999805651135588,2.2798469343542503e-05,183,1.0,0.999959992045826,0.9999715498992541,0.9999801442005212,0.9999970376299498,0.9999817447551103,1.5144657202930534e-05
1.5939226627349854,0.08752440577832686,0.33966965675354005,0.1116724710485558,6,sqrt,3,250,7,True,,"{'model__max_depth': 6, 'model__max_features': 'sqrt', 'model__min_samples_leaf': 3, 'model__n_estimators': 250, 'select__k': 7, 'select__prune': True}",0.9903225806451613,0.9943865276663993,0.9927710843373494,0.9943865276663993,0.9903225806451613,0.9924378601920942,0.0018250733303161147,215,0.9929704759991966,0.9919549477071601,0.9923602734217933,0.9919549477071601,0.9929704759991966,0.9924422241669013,0.00045600276703247535,0.9808306709265175,0.988835725677831,0.9856459330143541,0.988835725677831,0.9808306709265175,0.9849957452446102,0.0035946997577386373,231,0.9860390905464699,0.9840383080606544,0.9848363926576217,0.9840383080606544,0.9860390905464699,0.9849982379743741,0.0008984289553146985,0.9907692307692307,0.9946153846153846,0.9930769230769231,0.9946153846153846,0.9907621247113164,0.9927678095576479,0.0017285662979506895,215,0.9932679361415657,0.992306212733218,0.9926909020965571,0.992306212733218,0.9932692307692308,0.9927680988947578,0.00043211281559468035,1.0,0.9999857810133872,0.9999881508444892,0.9999360145602423,0.9999928791496755,0.9999805651135588,2.2798469343542503e-05,183,1.0,0.999959992045826,0.9999715498992541,0.9999801442005212,0.9999970376299498,0.9999817447551103,1.5144657202930534e-05
1.641249179840088,0.14253264725074904,0.2909707069396973,0.13190621185278137,6,sqrt,3,250,8,False,,"{'model__max_depth': 6, 'model__max_features': 'sqrt', 'model__min_samples_leaf': 3, 'model__n_estimators': 250, 'select__k': 8, 'select__prune': False}",0.9903225806451613,0.9943865276663993,0.9927710843373494,0.9943865276663993,0.9903225806451613,0.9924378601920942,0.0018250733303161147,215,0.9929704759991966,0.9919549477071601,0.9923602734217933,0.9919549477071601,0.9929704759991966,0.9924422241669013,0.00045600276703247535,0.9808306709265175,0.988835725677831,0.9856459330143541,0.988835725677831,0.9808306709265175,0.9849957452446102,0.0035946997577386373,231,0.9860390905464699,0.9840383080606544,0.9848363926576217,0.9840383080606544,0.9860390905464699,0.9849982379743741,0.0008984289553146985,0.9907692307692307,0.9946153846153846,0.9930769230769231,0.9946153846153846,0.9907621247113164,0.9927678095576479,0.0017285662979506895,215,0.9932679361415657,0.992306212733218,0.9926909020965571,0.992306212733218,0.9932692307692308,0.9927680988947578,0.00043211281559468035,0.9998222428683838,0.9999857810133871,0.9999407542224465,0.9999691921956722,0.9998314732089875,0.9999098887017756,6.936859424336777e-05,233,0.9998636803577028,0.9999599920458261,0.9999407289567793,0.9999816259766016,0.9998878742936043,0.9999267803261029,4.427395030990619e-05
1.6697760581970216,0.14802774321541606,0.30590271949768066,0.13990756551707662,6,sqrt,3,250,8,True,,"{'model__max_depth': 6, 'model__max_features': 'sqrt', 'model__min_samples_leaf': 3, 'model__n_estimators': 250, 'select__k': 8, 'select__prune': True}",0.9903225806451613,0.9943865276663993,0.9927710843373494,0.9943865276663993,0.9903225806451613,0.9924378601920942,0.0018250733303161147,215,0.9929704759991966,0.9919549477071601,0.9923602734217933,0.9919549477071601,0.9929704759991966,0.9924422241669013,0.00045600276703247535,0.9808306709265175,0.988835725677831,0.9856459330143541,0.988835725677831,0.9808306709265175,0.9849957452446102,0.0035946997577386373,231,0.9860390905464699,0.9840383080606544,0.9848363926576217,0.9840383080606544,0.9860390905464699,0.9849982379743741,0.0008984289553146985,0.9907692307692307,0.9946153846153846,0.9930769230769231,0.9946153846153846,0.9907621247113164,0.9927678095576479,0.0017285662979506895,215,0.9932679361415657,0.992306212733218,0.9926909020965571,0.992306212733218,0.9932692307692308,0.9927680988947578,0.00043211281559468035,0.9998222428683838,0.9999857810133871,0.9999407542224465,0.9999691921956722,0.9998314732089875,0.9999098887017756,6.936859424336777e-05,233,0.9998636803577028,0.9999599920458261,0.9999407289567793,0.9999816259766016,0.9998878742936043,0.9999267803261029,4.427395030990619e-05
1.5509409427642822,0.1175905009619061,0.3750863552093506,0.17457461316030448,6,sqrt,3,250,9,False,,"{'model__max_depth': 6, 'model__max_features': 'sqrt', 'model__min_samples_leaf': 3, 'model__n_estimators': 250, 'select__k': 9, 'select__prune': False}",0.9903225806451613,0.9903381642512077,0.9887096774193549,0.9943865276663993,0.9886914378029079,0.9904896775570062,0.002080306955144725,247,0.9929704759991966,0.989516129032258,0.9899234179766223,0.9919549477071601,0.9899274778404512,0.9908584897111377,0.0013568920857784808,0.9808306709265175,0.9808612440191388,0.9776714513556619,0.988835725677831,0.9776357827476039,0.9811669749453508,0.004091559924838961,263,0.9860390905464699,0.9792498004788508,0.9800478850758181,0.9840383080606544,0.9800558436378142,0.9818861855599215,0.0026667687414858375,0.9907692307692307,0.9907692307692307,0.9892307692307692,0.9946153846153846,0.9892224788298691,0.9909214188428969,0.001971618564869839,247,0.9932679361415657,0.9899980765531833,0.9903827659165224,0.992306212733218,0.9903846153846154,0.9912679213458209,0.0012848613575672436,0.9998720148652364,0.9999265352358337,0.9998862481070975,0.9998364816539524,0.9997768800231666,0.9998596319770574,5.044129987514839e-05,241,0.999868866431051,0.9998559713649735,0.9998530078128125,0.9998596758051749,0.9998701000733039,0.9998615242974631,6.844462735258626e-06
1.6435584545135498,0.1195727858875005,0.31261744499206545,0.1404571531426965,6,sqrt,3,250,9,True,,"{'model__max_depth': 6, 'model__max_features': 'sqrt', 'model__min_samples_leaf': 3, 'model__n_estimators': 250, 'select__k': 9, 'select__prune': True}",0.9903225806451613,0.9903381642512077,0.9887096774193549,0.9943865276663993,0.9886914378029079,0.9904896775570062,0.002080306955144725,247,0.9929704759991966,0.989516129032258,0.9899234179766223,0.9919549477071601,0.9899274778404512,0.9908584897111377,0.0013568920857784808,0.9808306709265175,0.9808612440191388,0.9776714513556619,0.988835725677831,0.9776357827476039,0.9811669749453508,0.004091559924838961,263,0.9860390905464699,0.9792498004788508,0.9800478850758181,0.9840383080606544,0.9800558436378142,0.9818861855599215,0.0026667687414858375,0.9907692307692307,0.9907692307692307,0.9892307692307692,0.9946153846153846,0.9892224788298691,0.9909214188428969,0.001971618564869839,247,0.9932679361415657,0.9899980765531833,0.9903827659165224,0.992306212733218,0.9903846153846154,0.9912679213458209,0.0012848613575672436,0.9998720148652364,0.9999265352358337,0.9998862481070975,0.9998364816539524,0.9997768800231666,0.9998596319770574,5.044129987514839e-05,241,0.999868866431051,0.9998559713649735,0.9998530078128125,0.9998596758051749,0.9998701000733039,0.9998615242974631,6.844462735258626e-06
1.7682941436767579,0.16404872141746163,0.31617183685302735,0.17433169484316918,6,sqrt,3,250,10,False,,"{'model__max_depth': 6, 'model__max_features': 'sqrt', 'model__min_samples_leaf': 3, 'model__n_estimators': 250, 'select__k': 10, 'select__prune': False}",0.9903225806451613,0.9943865276663993,0.9927710843373494,0.9943865276663993,0.9903225806451613,0.9924378601920942,0.0018250733303161147,215,0.9929704759991966,0.9919549477071601,0.9923602734217933,0.9919549477071601,0.9929704759991966,0.9924422241669013,0.00045600276703247535,0.9808306709265175,0.988835725677831,0.9856459330143541,0.988835725677831,0.9808306709265175,0.9849957452446102,0.0035946997577386373,231,0.9860390905464699,0.9840383080606544,0.9848363926576217,0.9840383080606544,0.9860390905464699,0.9849982379743741,0.0008984289553146985,0.9907692307692307,0.9946153846153846,0.9930769230769231,0.9946153846153846,0.9907621247113164,0.9927678095576479,0.0017285662979506895,215,0.9932679361415657,0.992306212733218,0.9926909020965571,0.992306212733218,0.9932692307692308,0.9927680988947578,0.00043211281559468035,0.9999431177178828,0.9999857810133872,1.0,0.9999431240535488,1.0,0.9999744045569638,2.606535387355704e-05,187,0.9999822191770916,0.9999706608336056,1.0,0.999959992045826,1.0,0.9999825744113047,1.5870255437818083e-05
1.769149112701416,0.20608777081380528,0.3142691612243652,0.13887933298234825,6,sqrt,3,250,10,True,,"{'model__max_depth': 6, 'model__max_features': 'sqrt', 'model__min_samples_leaf': 3, 'model__n_estimators': 250, 'select__k': 10, 'select__prune': True}",0.9903225806451613,0.9943865276663993,0.9927710843373494,0.9943865276663993,0.9903225806451613,0.9924378601920942,0.0018250733303161147,215,0.9929704759991966,0.9919549477071601,0.9923602734217933,0.9919549477071601,0.9929704759991966,0.9924422241669013,0.00045600276703247535,0.9808306709265175,0.988835725677831,0.9856459330143541,0.988835725677831,0.9808306709265175,0.9849957452446102,0.0035946997577386373,231,0.9860390905464699,0.9840383080606544,0.9848363926576217,0.9840383080606544,0.9860390905464699,0.9849982379743741,0.0008984289553146985,0.9907692307692307,0.9946153846153846,0.9930769230769231,0.9946153846153846,0.9907621247113164,0.9927678095576479,0.0017285662979506895,215,0.9932679361415657,0.992306212733218,0.9926909020965571,0.992306212733218,0.9932692307692308,0.9927680988947578,0.00043211281559468035,0.9999431177178828,0.9999857810133872,1.0,0.9999431240535488,1.0,0.9999744045569638,2.606535387355704e-05,187,0.9999822191770916,0.9999706608336056,1.0,0.999959992045826,1.0,0.9999825744113047,1.5870255437818083e-05
2.1848766803741455,0.11574707304926433,0.2752962589263916,0.007888924397703338,6,sqrt,3,250,21,False,,"{'model__max_depth': 6, 'model__max_features': 'sqrt', 'model__min_samples_leaf': 3, 'model__n_estimators': 250, 'select__k': 21, 'select__prune': False}",0.9911361804995971,0.9984025559105432,0.9951923076923077,1.0,0.9927594529364441,0.9954980994077784,0.0033263495351045125,187,0.9935768767563228,0.9978004399120176,0.9963956748097718,0.9988014382740711,0.9953917050691244,0.9963932269642616,0.0018283659691194362,0.9824281150159745,0.9968102073365231,0.9904306220095693,1.0,0.9856230031948882,0.9910583895113911,0.006594770060217669,219,0.987235739928201,0.9956105347166799,0.9928172386272945,0.9976057462090981,0.9908256880733946,0.9928189895109336,0.0036290961385094427,0.9915384615384616,0.9984615384615385,0.9953846153846154,1.0,0.9930715935334873,0.9956912417836206,0.0031762273696470896,187,0.9938449701865744,0.997884208501635,0.996537795729948,0.9988459319099827,0.995576923076923,0.9965379658810127,0.0017501374514572773,1.0,1.0,1.0,1.0,1.0,1.0,0.0,1,1.0,1.0,1.0,1.0,0.9999999999999999,1.0,4.965068306494546e-17
2.1354705333709716,0.10122984458562931,0.2481912136077881,0.024639610785109522,6,sqrt,3,250,21,True,,"{'model__max_depth': 6, 'model__max_features': 'sqrt', 'model__min_samples_leaf': 3, 'model__n_estimators': 250, 'select__k': 21, 'select__prune': True}",0.9927594529364441,0.9984025559105432,0.9943865276663993,0.9968,0.9935691318327974,0.9951835336692367,0.002102034578482047,189,0.995794111756459,0.9973994798959792,0.9945837512537613,0.9945837512537613,0.9959951942330797,0.9956712576786082,0.0010461472646380884,0.9856230031948882,0.9968102073365231,0.988835725677831,0.9936204146730463,0.987220447284345,0.9904219596333268,0.0041673882885755464,221,0.9916234543278819,0.9948124501197126,0.9892258579409418,0.9892258579409418,0.9920223374551257,0.9913819915569209,0.0020752935903167852,0.9930769230769231,0.9984615384615385,0.9946153846153846,0.9969230769230769,0.993841416474211,0.9953836679102268,0.0020066358752138325,189,0.9959607616849394,0.9974995191382958,0.9948066935949221,0.9948066935949221,0.9961538461538462,0.9958455028333851,0.0010002379127864644,1.0,1.0,1.0,1.0,1.0,1.0,0.0,1,1.0,1.0,1.0,0.9999999999999999,1.0,1.0,4.965068306494546e-17
0.9600608348846436,0.14347991157523604,0.17740187644958497,0.09966624321704032,6,0.7,1,100,6,False,,"{'model__max_depth': 6, 'model__max_features': 0.7, 'model__min_samples_leaf': 1, 'model__n_estimators': 100, 'select__k': 6, 'select__prune': False}",0.9975980784627703,1.0,0.9992019154030327,0.9992019154030327,0.9975980784627703,0.9987199975463212,0.0009612804775641835,133,0.9990017967658216,0.9984012789768185,0.9986013986013986,0.9986013986013986,0.9990017967658216,0.9987215339422519,0.00024021771112017916,0.9952076677316294,1.0,0.9984051036682615,0.9984051036682615,0.9952076677316294,0.9974451085599563,0.0019174427974193607,153,0.9980055843637814,0.9968076616121309,0.9972067039106145,0.9972067039106145,0.9980055843637814,0.9974464476321845,0.0004792221724257249,0.9976923076923077,1.0,0.9992307692307693,0.9992307692307693,0.9976905311778291,0.9987688754663351,0.0009234916234883537,133,0.9990382765916522,0.9984612425466436,0.9986535872283131,0.9986535872283131,0.9990384615384615,0.9987690310266768,0.0002308567800788867,0.9999715588589415,1.0,0.9999928905066936,0.9999869659289382,0.9999608353232153,0.9999824501235578,1.4305324184925772e-05,159,0.9999862939490081,0.9999786624244404,0.9999797737565009,0.9999823668646419,0.9999874099272872,0.9999829013843758,3.46043357893143e-06
0.9904073715209961,0.11630877003630777,0.21028151512145996,0.14846294360702927,6,0.7,1,100,6,True,,"{'model__max_depth': 6, 'model__max_features': 0.7, 'model__min_samples_leaf': 1, 'model__n_estimators': 100, 'select__k': 6, 'select__prune': True}",0.9975980784627703,1.0,0.9992019154030327,0.9992019154030327,0.9975980784627703,0.9987199975463212,0.0009612804775641835,133,0.9990017967658216,0.9984012789768185,0.9986013986013986,0.9986013986013986,0.9990017967658216,0.9987215339422519,0.00024021771112017916,0.9952076677316294,1.0,0.9984051036682615,0.9984051036682615,0.9952076677316294,0.9974451085599563,0.0019174427974193607,153,0.9980055843637814,0.9968076616121309,0.9972067039106145,0.9972067039106145,0.9980055843637814,0.9974464476321845,0.0004792221724257249,0.9976923076923077,1.0,0.9992307692307693,0.9992307692307693,0.9976905311778291,0.9987688754663351,0.0009234916234883537,133,0.9990382765916522,0.9984612425466436,0.9986535872283131,0.9986535872283131,0.9990384615384615,0.9987690310266768,0.0002308567800788867,0.9999715588589415,1.0,0.9999928905066936,0.9999869659289382,0.9999608353232153,0.9999824501235578,1.4305324184925772e-05,159,0.9999862939490081,0.9999786624244404,0.9999797737565009,0.9999823668646419,0.9999874099272872,0.9999829013843758,3.46043357893143e-06
1.0540146350860595,0.1364524865473418,0.15344686508178712,0.0783936346814264,6,0.7,1,100,7,False,,"{'model__max_depth': 6, 'model__max_features': 0.7, 'model__min_samples_leaf': 1, 'model__n_estimators': 100, 'select__k': 7, 'select__prune': False}",1.0,1.0,1.0,1.0,1.0,1.0,0.0,1,1.0,1.0,1.0,1.0,1.0,1.0,0.0,1.0,1.0,1.0,1.0,1.0,1.0,0.0,1,1.0,1.0,1.0,1.0,1.0,1.0,0.0,1.0,1.0,1.0,1.0,1.0,1.0,0.0,1,1.0,1.0,1.0,1.0,1.0,1.0,0.0,1.0,1.0,0.9999999999999999,1.0,1.0,1.0,4.965068306494546e-17,1,1.0,1.0,1.0,1.0,1.0,1.0,0.0
1.032256841659546,0.17955839685887395,0.22200431823730468,0.13858919478915016,6,0.7,1,100,7,True,,"{'model__max_depth': 6, 'model__max_features': 0.7, 'model__min_samples_leaf': 1, 'model__n_estimators': 100, 'select__k': 7, 'select__prune': True}",1.0,1.0,1.0,1.0,1.0,1.0,0.0,1,1.0,1.0,1.0,1.0,1.0,1.0,0.0,1.0,1.0,1.0,1.0,1.0,1.0,0.0,1,1.0,1.0,1.0,1.0,1.0,1.0,0.0,1.0,1.0,1.0,1.0,1.0,1.0,0.0,1,1.0,1.0,1.0,1.0,1.0,1.0,0.0,1.0,1.0,0.9999999999999999,1.0,1.0,1.0,4.965068306494546e-17,1,1.0,1.0,1.0,1.0,1.0,1.0,0.0
1.0079610824584961,0.11880166713291891,0.17566981315612792,0.08386314067990439,6,0.7,1,100,8,False,,"{'model__max_depth': 6, 'model__max_features': 0.7, 'model__min_samples_leaf': 1, 'model__n_estimators': 100, 'select__k': 8, 'select__prune': False}",1.0,1.0,1.0,1.0,1.0,1.0,0.0,1,1.0,1.0,1.0,1.0,1.0,1.0,0.0,1.0,1.0,1.0,1.0,1.0,1.0,0.0,1,1.0,1.0,1.0,1.0,1.0,1.0,0.0,1.0,1.0,1.0,1.0,1.0,1.0,0.0,1,1.0,1.0,1.0,1.0,1.0,1.0,0.0,1.0,1.0,1.0,1.0,1.0,1.0,0.0,1,1.0,1.0,1.0,1.0,1.0,1.0,0.0
1.042073392868042,0.12637327371498344,0.23599691390991212,0.08019011269869074,6,0.7,1,100,8,True,,"{'model__max_depth': 6, 'model__max_features': 0.7, 'model__min_samples_leaf': 1, 'model__n_estimators': 100, 'select__k': 8, 'select__prune': True}",1.0,1.0,1.0,1.0,1.0,1.0,0.0,1,1.0,1.0,1.0,1.0,1.0,1.0,0.0,1.0,1.0,1.0,1.0,1.0,1.0,0.0,1,1.0,1.0,1.0,1.0,1.0,1.0,0.0,1.0,1.0,1.0,1.0,1.0,1.0,0.0,1,1.0,1.0,1.0,1.0,1.0,1.0,0.0,1.0,1.0,1.0,1.0,1.0,1.0,0.0,1,1.0,1.0,1.0,1.0,1.0,1.0,0.0
1.1709501266479492,0.13322287705803515,0.15239543914794923,0.10327394304012547,6,0.7,1,100,9,False,,"{'model__max_depth': 6, 'model__max_features': 0.7, 'model__min_samples_leaf': 1, 'model__n_estimators': 100, 'select__k': 9, 'select__prune': False}",1.0,1.0,1.0,1.0,0.9975980784627703,0.9995196156925541,0.0009607686148918938,124,1.0,1.0,1.0,1.0,0.9990017967658216,0.9998003593531642,0.00039928129367137186,1.0,1.0,1.0,1.0,0.9952076677316294,0.999041533546326,0.0019169329073482457,144,1.0,1.0,1.0,1.0,0.9980055843637814,0.9996011168727563,0.000797766254487442,1.0,1.0,1.0,1.0,0.9976905311778291,0.9995381062355658,0.0009237875288683473,124,1.0,1.0,1.0,1.0,0.9990384615384615,0.9998076923076923,0.0003846153846153832,1.0,1.0,0.9999999999999999,1.0,1.0,1.0,4.965068306494546e-17,1,1.0,1.0,1.0,1.0,1.0,1.0,0.0
1.147646427154541,0.16946285155712337,0.11050920486450196,0.06952070456203821,6,0.7,1,100,9,True,,"{'model__max_depth': 6, 'model__max_features': 0.7, 'model__min_samples_leaf': 1, 'model__n_estimators': 100, 'select__k': 9, 'select__prune': True}",1.0,1.0,1.0,1.0,0.9975980784627703,0.9995196156925541,0.0009607686148918938,124,1.0,1.0,1.0,1.0,0.9990017967658216,0.9998003593531642,0.00039928129367137186,1.0,1.0,1.0,1.0,0.9952076677316294,0.999041533546326,0.0019169329073482457,144,1.0,1.0,1.0,1.0,0.9980055843637814,0.9996011168727563,0.000797766254487442,1.0,1.0,1.0,1.0,0.9976905311778291,0.9995381062355658,0.0009237875288683473,124,1.0,1.0,1.0,1.0,0.9990384615384615,0.9998076923076923,0.0003846153846153832,1.0,1.0,0.9999999999999999,1.0,1.0,1.0,4.965068306494546e-17,1,1.0,1.0,1.0,1.0,1.0,1.0,0.0
1.1213231086730957,0.13729672865530246,0.12772088050842284,0.06015562388962781,6,0.7,1,100,10,False,,"{'model__max_depth': 6, 'model__max_features': 0.7, 'model__min_samples_leaf': 1, 'model__n_estimators': 100, 'select__k': 10, 'select__prune': False}",1.0,1.0,1.0,1.0,1.0,1.0,0.0,1,1.0,1.0,1.0,1.0,1.0,1.0,0.0,1.0,1.0,1.0,1.0,1.0,1.0,0.0,1,1.0,1.0,1.0,1.0,1.0,1.0,0.0,1.0,1.0,1.0,1.0,1.0,1.0,0.0,1,1.0,1.0,1.0,1.0,1.0,1.0,0.0,1.0,1.0,1.0,1.0,1.0,1.0,0.0,1,0.9999999999999999,1.0,1.0,1.0,1.0,1.0,4.965068306494546e-17
1.1088713169097901,0.1643231722423839,0.11700592041015626,0.0793666936701702,6,0.7,1,100,10,True,,"{'model__max_depth': 6, 'model__max_features': 0.7, 'model__min_samples_leaf': 1, 'model__n_estimators': 100, 'select__k': 10, 'select__prune': True}",1.0,1.0,1.0,1.0,1.0,1.0,0.0,1,1.0,1.0,1.0,1.0,1.0,1.0,0.0,1.0,1.0,1.0,1.0,1.0,1.0,0.0,1,1.0,1.0,1.0,1.0,1.0,1.0,0.0,1.0,1.0,1.0,1.0,1.0,1.0,0.0,1,1.0,1.0,1.0,1.0,1.0,1.0,0.0,1.0,1.0,1.0,1.0,1.0,1.0,0.0,1,0.9999999999999999,1.0,1.0,1.0,1.0,1.0,4.965068306494546e-17
1.5199949264526367,0.13215562948271664,0.1614450454711914,0.1326831326332252,6,0.7,1,100,21,False,,"{'model__max_depth': 6, 'model__max_features': 0.7, 'model__min_samples_leaf': 1, 'model__n_estimators': 100, 'select__k': 21, 'select__prune': False}",0.9992006394884093,1.0,1.0,0.9992019154030327,0.9992006394884093,0.9995206388759703,0.00039139699609022096,121,0.9996009577015164,0.999401078059493,0.999401078059493,0.9996007984031936,0.9996009577015164,0.9995209739850424,9.789463055945648e-05,0.9984025559105432,1.0,1.0,0.9984051036682615,0.9984025559105432,0.9990420430978695,0.0007821690885195301,141,0.9992022337455125,0.9988028731045491,0.9988028731045491,0.9992019154030327,0.9992022337455125,0.9990424258206312,0.00019559400817459435,0.9992307692307693,1.0,1.0,0.9992307692307693,0.9992301770592764,0.9995383431041629,0.0003769413390323785,121,0.9996153106366609,0.9994229659549914,0.9994229659549914,0.9996153106366609,0.9996153846153846,0.9995383875597378,9.424134951217954e-05,1.0,1.0,1.0,1.0,1.0,1.0,0.0,1,1.0,0.9999999999999999,0.9999999999999999,1.0,0.9999999999999999,1.0,8.599750569898517e-17
1.4932421684265136,0.20134630047900626,0.13398399353027343,0.10897714508978526,6,0.7,1,100,21,True,,"{'model__max_depth': 6, 'model__max_features': 0.7, 'model__min_samples_leaf': 1, 'model__n_estimators': 100, 'select__k': 21, 'select__prune': True}",0.9984,1.0,1.0,0.9992019154030327,0.9992006394884093,0.9993605109782884,0.0005985290647844574,128,0.9996009577015164,0.999401078059493,0.999401078059493,0.9996007984031936,0.9996009577015164,0.9995209739850424,9.789463055945648e-05,0.9968051118210862,1.0,1.0,0.9984051036682615,0.9984025559105432,0.9987225542799782,0.0011952819387647526,148,0.9992022337455125,0.9988028731045491,0.9988028731045491,0.9992019154030327,0.9992022337455125,0.9990424258206312,0.00019559400817459435,0.9984615384615385,1.0,1.0,0.9992307692307693,0.9992301770592764,0.9993844969503168,0.0005756712987242888,128,0.9996153106366609,0.9994229659549914,0.9994229659549914,0.9996153106366609,0.9996153846153846,0.9995383875597378,9.424134951217954e-05,1.0,1.0,1.0,1.0,1.0,1.0,0.0,1,1.0,1.0,1.0,1.0,1.0,1.0,0.0
1.8039827823638916,0.08516401366156888,0.15926408767700195,0.0291299807437997,6,0.7,1,250,6,False,,"{'model__max_depth': 6, 'model__max_features': 0.7, 'model__min_samples_leaf': 1, 'model__n_estimators': 250, 'select__k': 6, 'select__prune': False}",0.9975980784627703,1.0,0.9992019154030327,0.9992019154030327,0.9975980784627703,0.9987199975463212,0.0009612804775641835,133,0.9990017967658216,0.9984012789768185,0.9986013986013986,0.9986013986013986,0.9990017967658216,0.9987215339422519,0.00024021771112017916,0.9952076677316294,1.0,0.9984051036682615,0.9984051036682615,0.9952076677316294,0.9974451085599563,0.0019174427974193607,153,0.9980055843637814,0.9968076616121309,0.9972067039106145,0.9972067039106145,0.9980055843637814,0.9974464476321845,0.0004792221724257249,0.9976923076923077,1.0,0.9992307692307693,0.9992307692307693,0.9976905311778291,0.9987688754663351,0.0009234916234883537,133,0.9990382765916522,0.9984612425466436,0.9986535872283131,0.9986535872283131,0.9990384615384615,0.9987690310266768,0.0002308567800788867,0.9999715588589414,1.0,0.9999928905066936,0.9999869659289382,0.9999608353232153,0.9999824501235578,1.4305324184942677e-05,159,0.9999862939490082,0.9999786624244406,0.9999797737565009,0.9999823668646418,0.9999874099272871,0.9999829013843756,3.4604335789004993e-06
1.777630615234375,0.09643860354789445,0.17838807106018068,0.04907391714150925,6,0.7,1,250,6,True,,"{'model__max_depth': 6, 'model__max_features': 0.7, 'model__min_samples_leaf': 1, 'model__n_estimators': 250, 'select__k': 6, 'select__prune': True}",0.9975980784627703,1.0,0.9992019154030327,0.9992019154030327,0.9975980784627703,0.9987199975463212,0.0009612804775641835,133,0.9990017967658216,0.9984012789768185,0.9986013986013986,0.9986013986013986,0.9990017967658216,0.9987215339422519,0.00024021771112017916,0.9952076677316294,1.0,0.9984051036682615,0.9984051036682615,0.9952076677316294,0.9974451085599563,0.0019174427974193607,153,0.9980055843637814,0.9968076616121309,0.9972067039106145,0.9972067039106145,0.9980055843637814,0.9974464476321845,0.0004792221724257249,0.9976923076923077,1.0,0.9992307692307693,0.9992307692307693,0.9976905311778291,0.9987688754663351,0.0009234916234883537,133,0.9990382765916522,0.9984612425466436,0.9986535872283131,0.9986535872283131,0.9990384615384615,0.9987690310266768,0.0002308567800788867,0.9999715588589414,1.0,0.9999928905066936,0.9999869659289382,0.9999608353232153,0.9999824501235578,1.4305324184942677e-05,159,0.9999862939490082,0.9999786624244406,0.9999797737565009,0.9999823668646418,0.9999874099272871,0.9999829013843756,3.4604335789004993e-06
1.768312358856201,0.1149119491127049,0.2176830768585205,0.06792953156060305,6,0.7,1,250,7,False,,"{'model__max_depth': 6, 'model__max_features': 0.7, 'model__min_samples_leaf': 1, 'model__n_estimators': 250, 'select__k': 7, 'select__prune': False}",1.0,1.0,1.0,1.0,1.0,1.0,0.0,1,1.0,1.0,1.0,1.0,1.0,1.0,0.0,1.0,1.0,1.0,1.0,1.0,1.0,0.0,1,1.0,1.0,1.0,1.0,1.0,1.0,0.0,1.0,1.0,1.0,1.0,1.0,1.0,0.0,1,1.0,1.0,1.0,1.0,1.0,1.0,0.0,1.0,1.0,1.0,1.0,1.0,1.0,0.0,1,1.0,1.0,1.0,1.0,1.0,1.0,0.0
1.8086545944213868,0.0939418972787435,0.23536429405212403,0.0925371076532559,6,0.7,1,250,7,True,,"{'model__max_depth': 6, 'model__max_features': 0.7, 'model__min_samples_leaf': 1, 'model__n_estimators': 250, 'select__k': 7, 'select__prune': True}",1.0,1.0,1.0,1.0,1.0,1.0,0.0,1,1.0,1.0,1.0,1.0,1.0,1.0,0.0,1.0,1.0,1.0,1.0,1.0,1.0,0.0,1,1.0,1.0,1.0,1.0,1.0,1.0,0.0,1.0,1.0,1.0,1.0,1.0,1.0,0.0,1,1.0,1.0,1.0,1.0,1.0,1.0,0.0,1.0,1.0,1.0,1.0,1.0,1.0,0.0,1,1.0,1.0,1.0,1.0,1.0,1.0,0.0
1.7817944526672362,0.12185726473143339,0.24560046195983887,0.10867612378517783,6,0.7,1,250,8,False,,"{'model__max_depth': 6, 'model__max_features': 0.7, 'model__min_samples_leaf': 1, 'model__n_estimators': 250, 'select__k': 8, 'select__prune': False}",1.0,1.0,1.0,1.0,1.0,1.0,0.0,1,1.0,1.0,1.0,1.0,1.0,1.0,0.0,1.0,1.0,1.0,1.0,1.0,1.0,0.0,1,1.0,1.0,1.0,1.0,1.0,1.0,0.0,1.0,1.0,1.0,1.0,1.0,1.0,0.0,1,1.0,1.0,1.0,1.0,1.0,1.0,0.0,1.0,1.0,1.0,1.0,1.0,1.0,0.0,1,1.0,0.9999999999999999,1.0,0.9999999999999999,1.0,1.0,7.021666937153402e-17
1.8877471446990968,0.11232274185853298,0.27575116157531737,0.10777382010175882,6,0.7,1,250,8,True,,"{'model__max_depth': 6, 'model__max_features': 0.7, 'model__min_samples_leaf': 1, 'model__n_estimators': 250, 'select__k': 8, 'select__prune': True}",1.0,1.0,1.0,1.0,1.0,1.0,0.0,1,1.0,1.0,1.0,1.0,1.0,1.0,0.0,1.0,1.0,1.0,1.0,1.0,1.0,0.0,1,1.0,1.0,1.0,1.0,1.0,1.0,0.0,1.0,1.0,1.0,1.0,1.0,1.0,0.0,1,1.0,1.0,1.0,1.0,1.0,1.0,0.0,1.0,1.0,1.0,1.0,1.0,1.0,0.0,1,1.0,0.9999999999999999,1.0,0.9999999999999999,1.0,1.0,7.021666937153402e-17
2.011166048049927,0.2019438949759104,0.1519779682159424,0.05906847961996138,6,0.7,1,250,9,False,,"{'model__max_depth': 6, 'model__max_features': 0.7, 'model__min_samples_leaf': 1, 'model__n_estimators': 250, 'select__k': 9, 'select__prune': False}",1.0,1.0,1.0,1.0,1.0,1.0,0.0,1,1.0,1.0,1.0,1.0,1.0,1.0,0.0,1.0,1.0,1.0,1.0,1.0,1.0,0.0,1,1.0,1.0,1.0,1.0,1.0,1.0,0.0,1.0,1.0,1.0,1.0,1.0,1.0,0.0,1,1.0,1.0,1.0,1.0,1.0,1.0,0.0,1.0,1.0,0.9999999999999999,1.0,0.9999999999999999,1.0,7.021666937153402e-17,1,1.0,1.0,1.0,0.9999999999999999,1.0,1.0,4.965068306494546e-17
2.003173828125,0.1396899847320381,0.21617188453674316,0.10829498031484618,6,0.7,1,250,9,True,,"{'model__max_depth': 6, 'model__max_features': 0.7, 'model__min_samples_leaf': 1, 'model__n_estimators': 250, 'select__k': 9, 'select__prune': True}",1.0,1.0,1.0,1.0,1.0,1.0,0.0,1,1.0,1.0,1.0,1.0,1.0,1.0,0.0,1.0,1.0,1.0,1.0,1.0,1.0,0.0,1,1.0,1.0,1.0,1.0,1.0,1.0,0.0,1.0,1.0,1.0,1.0,1.0,1.0,0.0,1,1.0,1.0,1.0,1.0,1.0,1.0,0.0,1.0,1.0,0.9999999999999999,1.0,0.9999999999999999,1.0,7.021666937153402e-17,1,1.0,1.0,1.0,0.9999999999999999,1.0,1.0,4.965068306494546e-17
2.0267847061157225,0.1293926766621203,0.18955321311950685,0.11478973707937577,6,0.7,1,250,10,False,,"{'model__max_depth': 6, 'model__max_features': 0.7, 'model__min_samples_leaf': 1, 'model__n_estimators': 250, 'select__k': 10, 'select__prune': False}",1.0,1.0,1.0,1.0,1.0,1.0,0.0,1,1.0,1.0,1.0,1.0,1.0,1.0,0.0,1.0,1.0,1.0,1.0,1.0,1.0,0.0,1,1.0,1.0,1.0,1.0,1.0,1.0,0.0,1.0,1.0,1.0,1.0,1.0,1.0,0.0,1,1.0,1.0,1.0,1.0,1.0,1.0,0.0,1.0,1.0,1.0,1.0,1.0,1.0,0.0,1,1.0,1.0,1.0,1.0,1.0,1.0,0.0
1.9456728458404542,0.18226248322591462,0.22307887077331542,0.1411469804764914,6,0.7,1,250,10,True,,"{'model__max_depth': 6, 'model__max_features': 0.7, 'model__min_samples_leaf': 1, 'model__n_estimators': 250, 'select__k': 10, 'select__prune': True}",1.0,1.0,1.0,1.0,1.0,1.0,0.0,1,1.0,1.0,1.0,1.0,1.0,1.0,0.0,1.0,1.0,1.0,1.0,1.0,1.0,0.0,1,1.0,1.0,1.0,1.0,1.0,1.0,0.0,1.0,1.0,1.0,1.0,1.0,1.0,0.0,1,1.0,1.0,1.0,1.0,1.0,1.0,0.0,1.0,1.0,1.0,1.0,1.0,1.0,0.0,1,1.0,1.0,1.0,1.0,1.0,1.0,0.0
2.7724049568176268,0.05018707830727033,0.09768633842468262,0.019208799212989743,6,0.7,1,250,21,False,,"{'model__max_depth': 6, 'model__max_features': 0.7, 'model__min_samples_leaf': 1, 'model__n_estimators': 250, 'select__k': 21, 'select__prune': False}",0.9992006394884093,1.0,1.0,0.9992019154030327,0.9992006394884093,0.9995206388759703,0.00039139699609022096,121,0.9998005186515061,0.999401078059493,0.999401078059493,0.9996007984031936,0.9996009577015164,0.9995608861750404,0.00014946551746606646,0.9984025559105432,1.0,1.0,0.9984051036682615,0.9984025559105432,0.9990420430978695,0.0007821690885195301,141,0.9996011168727563,0.9988028731045491,0.9988028731045491,0.9992019154030327,0.9992022337455125,0.9991222024460799,0.0002986839966248174,0.9992307692307693,1.0,1.0,0.9992307692307693,0.9992301770592764,0.9995383431041629,0.0003769413390323785,121,0.9998076553183305,0.9994229659549914,0.9994229659549914,0.9996153106366609,0.9996153846153846,0.9995768564960716,0.00014394153711162235,0.9999999999999999,1.0,1.0,1.0,1.0,1.0,4.965068306494546e-17,1,1.0,1.0,1.0,1.0,1.0,1.0,0.0
2.870012664794922,0.3901702168771487,0.2302717685699463,0.1319280595434539,6,0.7,1,250,21,True,,"{'model__max_depth': 6, 'model__max_features': 0.7, 'model__min_samples_leaf': 1, 'model__n_estimators': 250, 'select__k': 21, 'select__prune': True}",0.9992006394884093,1.0,1.0,0.9992019154030327,0.9992006394884093,0.9995206388759703,0.00039139699609022096,121,0.9996009577015164,0.999401078059493,0.999401078059493,0.9996007984031936,0.9996009577015164,0.9995209739850424,9.789463055945648e-05,0.9984025559105432,1.0,1.0,0.9984051036682615,0.9984025559105432,0.9990420430978695,0.0007821690885195301,141,0.9992022337455125,0.9988028731045491,0.9988028731045491,0.9992019154030327,0.9992022337455125,0.9990424258206312,0.00019559400817459435,0.9992307692307693,1.0,1.0,0.9992307692307693,0.9992301770592764,0.9995383431041629,0.0003769413390323785,121,0.9996153106366609,0.9994229659549914,0.9994229659549914,0.9996153106366609,0.9996153846153846,0.9995383875597378,9.424134951217954e-05,1.0,0.9999999999999999,0.9999999999999999,1.0,1.0,1.0,7.021666937153402e-17,1,1.0,1.0,1.0,1.0,1.0,1.0,0.0
0.6886508464813232,0.15513095213628417,0.09610176086425781,0.07455620084233236,6,0.7,3,100,6,False,,"{'model__max_depth': 6, 'model__max_features': 0.7, 'model__min_samples_leaf': 3, 'model__n_estimators': 100, 'select__k': 6, 'select__prune': False}",0.9975980784627703,1.0,0.9992019154030327,0.9992019154030327,0.9975980784627703,0.9987199975463212,0.0009612804775641835,133,0.9990017967658216,0.9984012789768185,0.9986013986013986,0.9986013986013986,0.9990017967658216,0.9987215339422519,0.00024021771112017916,0.9952076677316294,1.0,0.9984051036682615,0.9984051036682615,0.9952076677316294,0.9974451085599563,0.0019174427974193607,153,0.9980055843637814,0.9968076616121309,0.9972067039106145,0.9972067039106145,0.9980055843637814,0.9974464476321845,0.0004792221724257249,0.9976923076923077,1.0,0.9992307692307693,0.9992307692307693,0.9976905311778291,0.9987688754663351,0.0009234916234883537,133,0.9990382765916522,0.9984612425466436,0.9986535872283131,0.9986535872283131,0.9990384615384615,0.9987690310266768,0.0002308567800788867,0.9999715588589414,1.0,0.9999928905066935,0.9999869659289382,0.9999608353232154,0.9999824501235578,1.430532418489292e-05,159,0.9999862939490083,0.9999786624244404,0.9999797737565008,0.9999823668646418,0.9999874099272872,0.9999829013843758,3.460433578998467e-06
1.0662877559661865,0.08597936053316446,0.21067457199096679,0.12861301482223728,6,0.7,3,100,6,True,,"{'model__max_depth': 6, 'model__max_features': 0.7, 'model__min_samples_leaf': 3, 'model__n_estimators': 100, 'select__k': 6, 'select__prune': True}",0.9975980784627703,1.0,0.9992019154030327,0.9992019154030327,0.9975980784627703,0.9987199975463212,0.0009612804775641835,133,0.9990017967658216,0.9984012789768185,0.9986013986013986,0.9986013986013986,0.9990017967658216,0.9987215339422519,0.00024021771112017916,0.9952076677316294,1.0,0.9984051036682615,0.9984051036682615,0.9952076677316294,0.9974451085599563,0.0019174427974193607,153,0.9980055843637814,0.9968076616121309,0.9972067039106145,0.9972067039106145,0.9980055843637814,0.9974464476321845,0.0004792221724257249,0.9976923076923077,1.0,0.9992307692307693,0.9992307692307693,0.9976905311778291,0.9987688754663351,0.0009234916234883537,133,0.9990382765916522,0.9984612425466436,0.9986535872283131,0.9986535872283131,0.9990384615384615,0.9987690310266768,0.0002308567800788867,0.9999715588589414,1.0,0.9999928905066935,0.9999869659289382,0.9999608353232154,0.9999824501235578,1.430532418489292e-05,159,0.9999862939490083,0.9999786624244404,0.9999797737565008,0.9999823668646418,0.9999874099272872,0.9999829013843758,3.460433578998467e-06
1.0674858093261719,0.07720430857375146,0.17121081352233886,0.08880883970643859,6,0.7,3,100,7,False,,"{'model__max_depth': 6, 'model__max_features': 0.7, 'model__min_samples_leaf': 3, 'model__n_estimators': 100, 'select__k': 7, 'select__prune': False}",1.0,1.0,1.0,1.0,1.0,1.0,0.0,1,1.0,1.0,1.0,1.0,1.0,1.0,0.0,1.0,1.0,1.0,1.0,1.0,1.0,0.0,1,1.0,1.0,1.0,1.0,1.0,1.0,0.0,1.0,1.0,1.0,1.0,1.0,1.0,0.0,1,1.0,1.0,1.0,1.0,1.0,1.0,0.0,1.0,1.0,1.0,1.0,1.0,1.0,0.0,1,1.0,1.0,1.0,1.0,1.0,1.0,0.0
1.0827994346618652,0.14094187492494192,0.21431879997253417,0.12163842611506433,6,0.7,3,100,7,True,,"{'model__max_depth': 6, 'model__max_features': 0.7, 'model__min_samples_leaf': 3, 'model__n_estimators': 100, 'select__k': 7, 'select__prune': True}",1.0,1.0,1.0,1.0,1.0,1.0,0.0,1,1.0,1.0,1.0,1.0,1.0,1.0,0.0,1.0,1.0,1.0,1.0,1.0,1.0,0.0,1,1.0,1.0,1.0,1.0,1.0,1.0,0.0,1.0,1.0,1.0,1.0,1.0,1.0,0.0,1,1.0,1.0,1.0,1.0,1.0,1.0,0.0,1.0,1.0,1.0,1.0,1.0,1.0,0.0,1,1.0,1.0,1.0,1.0,1.0,1.0,0.0
1.1285713195800782,0.08637102998263055,0.151886510848999,0.08297074378705112,6,0.7,3,100,8,False,,"{'model__max_depth': 6, 'model__max_features': 0.7, 'model__min_samples_leaf': 3, 'model__n_estimators': 100, 'select__k': 8, 'select__prune': False}",1.0,1.0,1.0,1.0,1.0,1.0,0.0,1,1.0,1.0,1.0,1.0,1.0,1.0,0.0,1.0,1.0,1.0,1.0,1.0,1.0,0.0,1,1.0,1.0,1.0,1.0,1.0,1.0,0.0,1.0,1.0,1.0,1.0,1.0,1.0,0.0,1,1.0,1.0,1.0,1.0,1.0,1.0,0.0,1.0,1.0,1.0,1.0,1.0,1.0,0.0,1,1.0,1.0,1.0,1.0,1.0,1.0,0.0
1.118535852432251,0.07512999418559432,0.12539730072021485,0.08928211976479619,6,0.7,3,100,8,True,,"{'model__max_depth': 6, 'model__max_features': 0.7, 'model__min_samples_leaf': 3, 'model__n_estimators': 100, 'select__k': 8, 'select__prune': True}",1.0,1.0,1.0,1.0,1.0,1.0,0.0,1,1.0,1.0,1.0,1.0,1.0,1.0,0.0,1.0,1.0,1.0,1.0,1.0,1.0,0.0,1,1.0,1.0,1.0,1.0,1.0,1.0,0.0,1.0,1.0,1.0,1.0,1.0,1.0,0.0,1,1.0,1.0,1.0,1.0,1.0,1.0,0.0,1.0,1.0,1.0,1.0,1.0,1.0,0.0,1,1.0,1.0,1.0,1.0,1.0,1.0,0.0
1.155800199508667,0.08870389263382499,0.18599228858947753,0.07918793417568154,6,0.7,3,100,9,False,,"{'model__max_depth': 6, 'model__max_features': 0.7, 'model__min_samples_leaf': 3, 'model__n_estimators': 100, 'select__k': 9, 'select__prune': False}",0.9975980784627703,1.0,0.9992019154030327,1.0,0.9975980784627703,0.9988796144657147,0.0010861928409590241,131,0.9990017967658216,1.0,0.9986013986013986,1.0,0.9990017967658216,0.9993209984266084,0.0005733567096104507,0.9952076677316294,1.0,0.9984051036682615,1.0,0.9952076677316294,0.997764087826304,0.002167029081831472,151,0.9980055843637814,1.0,0.9972067039106145,1.0,0.9980055843637814,0.9986435745276354,0.0011452894998703164,0.9976923076923077,1.0,0.9992307692307693,1.0,0.9976905311778291,0.9989227216201811,0.0010438546321943525,131,0.9990382765916522,1.0,0.9986535872283131,1.0,0.9990384615384615,0.9993460650716853,0.0005521124933551357,1.0,1.0,1.0,1.0,1.0,1.0,0.0,1,1.0,1.0,1.0,1.0,1.0,1.0,0.0
1.2767335414886474,0.09041022692759591,0.0969973087310791,0.02031766831698869,6,0.7,3,100,9,True,,"{'model__max_depth': 6, 'model__max_features': 0.7, 'model__min_samples_leaf': 3, 'model__n_estimators': 100, 'select__k': 9, 'select__prune': True}",0.9975980784627703,1.0,0.9992019154030327,1.0,0.9975980784627703,0.9988796144657147,0.0010861928409590241,131,0.9990017967658216,1.0,0.9986013986013986,1.0,0.9990017967658216,0.9993209984266084,0.0005733567096104507,0.9952076677316294,1.0,0.9984051036682615,1.0,0.9952076677316294,0.997764087826304,0.002167029081831472,151,0.9980055843637814,1.0,0.9972067039106145,1.0,0.9980055843637814,0.9986435745276354,0.0011452894998703164,0.9976923076923077,1.0,0.9992307692307693,1.0,0.9976905311778291,0.9989227216201811,0.0010438546321943525,131,0.9990382765916522,1.0,0.9986535872283131,1.0,0.9990384615384615,0.9993460650716853,0.0005521124933551357,1.0,1.0,1.0,1.0,1.0,1.0,0.0,1,1.0,1.0,1.0,1.0,1.0,1.0,0.0
1.275543737411499,0.11288590691449764,0.10064406394958496,0.01724540949487457,6,0.7,3,100,10,False,,"{'model__max_depth': 6, 'model__max_features': 0.7, 'model__min_samples_leaf': 3, 'model__n_estimators': 100, 'select__k': 10, 'select__prune': False}",1.0,1.0,1.0,1.0,1.0,1.0,0.0,1,1.0,1.0,1.0,1.0,1.0,1.0,0.0,1.0,1.0,1.0,1.0,1.0,1.0,0.0,1,1.0,1.0,1.0,1.0,1.0,1.0,0.0,1.0,1.0,1.0,1.0,1.0,1.0,0.0,1,1.0,1.0,1.0,1.0,1.0,1.0,0.0,0.9999999999999999,1.0,1.0,1.0,0.9999999999999999,1.0,7.021666937153402e-17,1,1.0,1.0,1.0,1.0,1.0,1.0,0.0
1.3735636711120605,0.08665837845911746,0.08592863082885742,0.021999650583652566,6,0.7,3,100,10,True,,"{'model__max_depth': 6, 'model__max_features': 0.7, 'model__min_samples_leaf': 3, 'model__n_estimators': 100, 'select__k': 10, 'select__prune': True}",1.0,1.0,1.0,1.0,1.0,1.0,0.0,1,1.0,1.0,1.0,1.0,1.0,1.0,0.0,1.0,1.0,1.0,1.0,1.0,1.0,0.0,1,1.0,1.0,1.0,1.0,1.0,1.0,0.0,1.0,1.0,1.0,1.0,1.0,1.0,0.0,1,1.0,1.0,1.0,1.0,1.0,1.0,0.0,0.9999999999999999,1.0,1.0,1.0,0.9999999999999999,1.0,7.021666937153402e-17,1,1.0,1.0,1.0,1.0,1.0,1.0,0.0
1.7559600353240967,0.1291186284018761,0.07353053092956544,0.020931212461229653,6,0.7,3,100,21,False,,"{'model__max_depth': 6, 'model__max_features': 0.7, 'model__min_samples_leaf': 3, 'model__n_estimators': 100, 'select__k': 21, 'select__prune': False}",1.0,1.0,1.0,1.0,1.0,1.0,0.0,1,1.0,1.0,1.0,1.0,1.0,1.0,0.0,1.0,1.0,1.0,1.0,1.0,1.0,0.0,1,1.0,1.0,1.0,1.0,1.0,1.0,0.0,1.0,1.0,1.0,1.0,1.0,1.0,0.0,1,1.0,1.0,1.0,1.0,1.0,1.0,0.0,1.0,0.9999999999999999,1.0,1.0,1.0,1.0,4.965068306494546e-17,1,0.9999999999999999,1.0,1.0,1.0,1.0,1.0,4.965068306494546e-17
1.606223201751709,0.09264438192739545,0.09062047004699707,0.020656407344484956,6,0.7,3,100,21,True,,"{'model__max_depth': 6, 'model__max_features': 0.7, 'model__min_samples_leaf': 3, 'model__n_estimators': 100, 'select__k': 21, 'select__prune': True}",1.0,1.0,1.0,1.0,1.0,1.0,0.0,1,1.0,1.0,1.0,1.0,1.0,1.0,0.0,1.0,1.0,1.0,1.0,1.0,1.0,0.0,1,1.0,1.0,1.0,1.0,1.0,1.0,0.0,1.0,1.0,1.0,1.0,1.0,1.0,0.0,1,1.0,1.0,1.0,1.0,1.0,1.0,0.0,1.0,1.0,1.0,1.0,1.0,1.0,0.0,1,1.0,1.0,1.0,1.0,1.0,1.0,0.0
1.7505128860473633,0.14489532637934843,0.2659163475036621,0.09515826306270898,6,0.7,3,250,6,False,,"{'model__max_depth': 6, 'model__max_features': 0.7, 'model__min_samples_leaf': 3, 'model__n_estimators': 250, 'select__k': 6, 'select__prune': False}",0.9975980784627703,1.0,0.9992019154030327,0.9992019154030327,0.9975980784627703,0.9987199975463212,0.0009612804775641835,133,0.9990017967658216,0.9984012789768185,0.9986013986013986,0.9986013986013986,0.9990017967658216,0.9987215339422519,0.00024021771112017916,0.9952076677316294,1.0,0.9984051036682615,0.9984051036682615,0.9952076677316294,0.9974451085599563,0.0019174427974193607,153,0.9980055843637814,0.9968076616121309,0.9972067039106145,0.9972067039106145,0.9980055843637814,0.9974464476321845,0.0004792221724257249,0.9976923076923077,1.0,0.9992307692307693,0.9992307692307693,0.9976905311778291,0.9987688754663351,0.0009234916234883537,133,0.9990382765916522,0.9984612425466436,0.9986535872283131,0.9986535872283131,0.9990384615384615,0.9987690310266768,0.0002308567800788867,0.9999715588589414,1.0,0.9999928905066936,0.9999869659289382,0.9999608353232154,0.9999824501235578,1.4305324184909128e-05,159,0.9999862939490082,0.9999786624244406,0.9999797737565009,0.9999823668646418,0.9999874099272871,0.9999829013843756,3.4604335789004993e-06
1.8079567909240724,0.09713224343862219,0.193602991104126,0.07200658663606305,6,0.7,3,250,6,True,,"{'model__max_depth': 6, 'model__max_features': 0.7, 'model__min_samples_leaf': 3, 'model__n_estimators': 250, 'select__k': 6, 'select__prune': True}",0.9975980784627703,1.0,0.9992019154030327,0.9992019154030327,0.9975980784627703,0.9987199975463212,0.0009612804775641835,133,0.9990017967658216,0.9984012789768185,0.9986013986013986,0.9986013986013986,0.9990017967658216,0.9987215339422519,0.00024021771112017916,0.9952076677316294,1.0,0.9984051036682615,0.9984051036682615,0.9952076677316294,0.9974451085599563,0.0019174427974193607,153,0.9980055843637814,0.9968076616121309,0.9972067039106145,0.9972067039106145,0.9980055843637814,0.9974464476321845,0.0004792221724257249,0.9976923076923077,1.0,0.9992307692307693,0.9992307692307693,0.9976905311778291,0.9987688754663351,0.0009234916234883537,133,0.9990382765916522,0.9984612425466436,0.9986535872283131,0.9986535872283131,0.9990384615384615,0.9987690310266768,0.0002308567800788867,0.9999715588589414,1.0,0.9999928905066936,0.9999869659289382,0.9999608353232154,0.9999824501235578,1.4305324184909128e-05,159,0.9999862939490082,0.9999786624244406,0.9999797737565009,0.9999823668646418,0.9999874099272871,0.9999829013843756,3.4604335789004993e-06
1.860833215713501,0.06965470911080561,0.20875144004821777,0.0756002619368725,6,0.7,3,250,7,False,,"{'model__max_depth': 6, 'model__max_features': 0.7, 'model__min_samples_leaf': 3, 'model__n_estimators': 250, 'select__k': 7, 'select__prune': False}",1.0,1.0,1.0,1.0,1.0,1.0,0.0,1,1.0,1.0,1.0,1.0,1.0,1.0,0.0,1.0,1.0,1.0,1.0,1.0,1.0,0.0,1,1.0,1.0,1.0,1.0,1.0,1.0,0.0,1.0,1.0,1.0,1.0,1.0,1.0,0.0,1,1.0,1.0,1.0,1.0,1.0,1.0,0.0,1.0,1.0,1.0,0.9999999999999999,1.0,1.0,4.965068306494546e-17,1,1.0,1.0,1.0,1.0,1.0,1.0,0.0
1.8032779693603516,0.07610962441267687,0.22561445236206054,0.07846829500870707,6,0.7,3,250,7,True,,"{'model__max_depth': 6, 'model__max_features': 0.7, 'model__min_samples_leaf': 3, 'model__n_estimators': 250, 'select__k': 7, 'select__prune': True}",1.0,1.0,1.0,1.0,1.0,1.0,0.0,1,1.0,1.0,1.0,1.0,1.0,1.0,0.0,1.0,1.0,1.0,1.0,1.0,1.0,0.0,1,1.0,1.0,1.0,1.0,1.0,1.0,0.0,1.0,1.0,1.0,1.0,1.0,1.0,0.0,1,1.0,1.0,1.0,1.0,1.0,1.0,0.0,1.0,1.0,1.0,0.9999999999999999,1.0,1.0,4.965068306494546e-17,1,1.0,1.0,1.0,1.0,1.0,1.0,0.0
1.9025930881500244,0.1302598061541862,0.233203125,0.09016371696584512,6,0.7,3,250,8,False,,"{'model__max_depth': 6, 'model__max_features': 0.7, 'model__min_samples_leaf': 3, 'model__n_estimators': 250, 'select__k': 8, 'select__prune': False}",1.0,1.0,1.0,1.0,0.9975980784627703,0.9995196156925541,0.0009607686148918938,124,1.0,1.0,1.0,1.0,0.9990017967658216,0.9998003593531642,0.00039928129367137186,1.0,1.0,1.0,1.0,0.9952076677316294,0.999041533546326,0.0019169329073482457,144,1.0,1.0,1.0,1.0,0.9980055843637814,0.9996011168727563,0.000797766254487442,1.0,1.0,1.0,1.0,0.9976905311778291,0.9995381062355658,0.0009237875288683473,124,1.0,1.0,1.0,1.0,0.9990384615384615,0.9998076923076923,0.0003846153846153832,1.0,1.0,1.0,1.0,1.0,1.0,0.0,1,1.0,0.9999999999999999,1.0,0.9999999999999999,1.0,1.0,7.021666937153402e-17
2.005698251724243,0.07441961305800465,0.17248125076293946,0.07124729992587654,6,0.7,3,250,8,True,,"{'model__max_depth': 6, 'model__max_features': 0.7, 'model__min_samples_leaf': 3, 'model__n_estimators': 250, 'select__k': 8, 'select__prune': True}",1.0,1.0,1.0,1.0,0.9975980784627703,0.9995196156925541,0.0009607686148918938,124,1.0,1.0,1.0,1.0,0.9990017967658216,0.9998003593531642,0.00039928129367137186,1.0,1.0,1.0,1.0,0.9952076677316294,0.999041533546326,0.0019169329073482457,144,1.0,1.0,1.0,1.0,0.9980055843637814,0.9996011168727563,0.000797766254487442,1.0,1.0,1.0,1.0,0.9976905311778291,0.9995381062355658,0.0009237875288683473,124,1.0,1.0,1.0,1.0,0.9990384615384615,0.9998076923076923,0.0003846153846153832,1.0,1.0,1.0,1.0,1.0,1.0,0.0,1,1.0,0.9999999999999999,1.0,0.9999999999999999,1.0,1.0,7.021666937153402e-17
2.0311054229736327,0.09477445032748354,0.21341023445129395,0.10828946808064148,6,0.7,3,250,9,False,,"{'model__max_depth': 6, 'model__max_features': 0.7, 'model__min_samples_leaf': 3, 'model__n_estimators': 250, 'select__k': 9, 'select__prune': False}",0.9975980784627703,1.0,1.0,1.0,0.9975980784627703,0.9990392313851082,0.0011766964336828475,129,0.9990017967658216,1.0,1.0,1.0,0.9990017967658216,0.9996007187063286,0.0004890177166666116,0.9952076677316294,1.0,1.0,1.0,0.9952076677316294,0.9980830670926517,0.002347753747076532,149,0.9980055843637814,1.0,1.0,1.0,0.9980055843637814,0.9992022337455125,0.0009770601287527718,0.9976923076923077,1.0,1.0,1.0,0.9976905311778291,0.9990765677740274,0.0011309690223642525,129,0.9990382765916522,1.0,1.0,1.0,0.9990384615384615,0.9996153476260228,0.00047110102592759067,1.0,1.0,1.0,1.0,0.9999999999999999,1.0,4.965068306494546e-17,1,1.0,1.0,1.0,1.0,1.0,1.0,0.0
2.125603723526001,0.11696206259951139,0.22828292846679688,0.09398007732739896,6,0.7,3,250,9,True,,"{'model__max_depth': 6, 'model__max_features': 0.7, 'model__min_samples_leaf': 3, 'model__n_estimators': 250, 'select__k': 9, 'select__prune': True}",0.9975980784627703,1.0,1.0,1.0,0.9975980784627703,0.9990392313851082,0.0011766964336828475,129,0.9990017967658216,1.0,1.0,1.0,0.9990017967658216,0.9996007187063286,0.0004890177166666116,0.9952076677316294,1.0,1.0,1.0,0.9952076677316294,0.9980830670926517,0.002347753747076532,149,0.9980055843637814,1.0,1.0,1.0,0.9980055843637814,0.9992022337455125,0.0009770601287527718,0.9976923076923077,1.0,1.0,1.0,0.9976905311778291,0.9990765677740274,0.0011309690223642525,129,0.9990382765916522,1.0,1.0,1.0,0.9990384615384615,0.9996153476260228,0.00047110102592759067,1.0,1.0,1.0,1.0,0.9999999999999999,1.0,4.965068306494546e-17,1,1.0,1.0,1.0,1.0,1.0,1.0,0.0
1.9704503059387206,0.1243925544748778,0.18649377822875976,0.07593374346117956,6,0.7,3,250,10,False,,"{'model__max_depth': 6, 'model__max_features': 0.7, 'model__min_samples_leaf': 3, 'model__n_estimators': 250, 'select__k': 10, 'select__prune': False}",1.0,1.0,1.0,1.0,1.0,1.0,0.0,1,1.0,1.0,1.0,1.0,1.0,1.0,0.0,1.0,1.0,1.0,1.0,1.0,1.0,0.0,1,1.0,1.0,1.0,1.0,1.0,1.0,0.0,1.0,1.0,1.0,1.0,1.0,1.0,0.0,1,1.0,1.0,1.0,1.0,1.0,1.0,0.0,1.0,1.0,1.0,1.0,1.0,1.0,0.0,1,1.0,1.0,1.0,1.0,1.0,1.0,0.0
1.9383785724639893,0.09466491454220076,0.1801877498626709,0.13877504486217027,6,0.7,3,250,10,True,,"{'model__max_depth': 6, 'model__max_features': 0.7, 'model__min_samples_leaf': 3, 'model__n_estimators': 250, 'select__k': 10, 'select__prune': True}",1.0,1.0,1.0,1.0,1.0,1.0,0.0,1,1.0,1.0,1.0,1.0,1.0,1.0,0.0,1.0,1.0,1.0,1.0,1.0,1.0,0.0,1,1.0,1.0,1.0,1.0,1.0,1.0,0.0,1.0,1.0,1.0,1.0,1.0,1.0,0.0,1,1.0,1.0,1.0,1.0,1.0,1.0,0.0,1.0,1.0,1.0,1.0,1.0,1.0,0.0,1,1.0,1.0,1.0,1.0,1.0,1.0,0.0
2.6060766696929933,0.11330927765887669,0.10713143348693847,0.03472425176855255,6,0.7,3,250,21,False,,"{'model__max_depth': 6, 'model__max_features': 0.7, 'model__min_samples_leaf': 3, 'model__n_estimators': 250, 'select__k': 21, 'select__prune': False}",1.0,1.0,1.0,1.0,1.0,1.0,0.0,1,1.0,1.0,1.0,1.0,1.0,1.0,0.0,1.0,1.0,1.0,1.0,1.0,1.0,0.0,1,1.0,1.0,1.0,1.0,1.0,1.0,0.0,1.0,1.0,1.0,1.0,1.0,1.0,0.0,1,1.0,1.0,1.0,1.0,1.0,1.0,0.0,1.0,1.0,1.0,1.0,1.0,1.0,0.0,1,0.9999999999999999,1.0,1.0,1.0,1.0,1.0,4.965068306494546e-17
2.6792452812194822,0.24107957144265546,0.24506678581237792,0.16630687583112125,6,0.7,3,250,21,True,,"{'model__max_depth': 6, 'model__max_features': 0.7, 'model__min_samples_leaf': 3, 'model__n_estimators': 250, 'select__k': 21, 'select__prune': True}",1.0,1.0,1.0,1.0,1.0,1.0,0.0,1,1.0,1.0,1.0,1.0,1.0,1.0,0.0,1.0,1.0,1.0,1.0,1.0,1.0,0.0,1,1.0,1.0,1.0,1.0,1.0,1.0,0.0,1.0,1.0,1.0,1.0,1.0,1.0,0.0,1,1.0,1.0,1.0,1.0,1.0,1.0,0.0,1.0,1.0,1.0,1.0,1.0,1.0,0.0,1,1.0,1.0,1.0,1.0,1.0,1.0,0.0
0.5205231666564941,0.10585688307924912,0.11039471626281738,0.09461141093816659,,sqrt,1,100,6,False,,"{'model__max_depth': None, 'model__max_features': 'sqrt', 'model__min_samples_leaf': 1, 'model__n_estimators': 100, 'select__k': 6, 'select__prune': False}",0.9975980784627703,1.0,0.9992019154030327,0.9992019154030327,0.9975980784627703,0.9987199975463212,0.0009612804775641835,133,0.9990017967658216,0.9984012789768185,0.9986013986013986,0.9986013986013986,0.9990017967658216,0.9987215339422519,0.00024021771112017916,0.9952076677316294,1.0,0.9984051036682615,0.9984051036682615,0.9952076677316294,0.9974451085599563,0.0019174427974193607,153,0.9980055843637814,0.9968076616121309,0.9972067039106145,0.9972067039106145,0.9980055843637814,0.9974464476321845,0.0004792221724257249,0.9976923076923077,1.0,0.9992307692307693,0.9992307692307693,0.9976905311778291,0.9987688754663351,0.0009234916234883537,133,0.9990382765916522,0.9984612425466436,0.9986535872283131,0.9986535872283131,0.9990384615384615,0.9987690310266768,0.0002308567800788867,0.9999715588589414,1.0,0.9999928905066936,0.9999869659289382,0.9999608353232153,0.9999824501235578,1.4305324184942677e-05,159,0.9999862939490081,0.9999786624244406,0.9999797737565008,0.9999823668646418,0.9999874099272872,0.9999829013843758,3.460433578927729e-06
0.9109633922576904,0.11132384131417054,0.2534430503845215,0.05213390094427434,,sqrt,1,100,6,True,,"{'model__max_depth': None, 'model__max_features': 'sqrt', 'model__min_samples_leaf': 1, 'model__n_estimators': 100, 'select__k': 6, 'select__prune': True}",0.9975980784627703,1.0,0.9992019154030327,0.9992019154030327,0.9975980784627703,0.9987199975463212,0.0009612804775641835,133,0.9990017967658216,0.9984012789768185,0.9986013986013986,0.9986013986013986,0.9990017967658216,0.9987215339422519,0.00024021771112017916,0.9952076677316294,1.0,0.9984051036682615,0.9984051036682615,0.9952076677316294,0.9974451085599563,0.0019174427974193607,153,0.9980055843637814,0.9968076616121309,0.9972067039106145,0.9972067039106145,0.9980055843637814,0.9974464476321845,0.0004792221724257249,0.9976923076923077,1.0,0.9992307692307693,0.9992307692307693,0.9976905311778291,0.9987688754663351,0.0009234916234883537,133,0.9990382765916522,0.9984612425466436,0.9986535872283131,0.9986535872283131,0.9990384615384615,0.9987690310266768,0.0002308567800788867,0.9999715588589414,1.0,0.9999928905066936,0.9999869659289382,0.9999608353232153,0.9999824501235578,1.4305324184942677e-05,159,0.9999862939490081,0.9999786624244406,0.9999797737565008,0.9999823668646418,0.9999874099272872,0.9999829013843758,3.460433578927729e-06
1.0191063404083252,0.06901319804056796,0.29721903800964355,0.018858818923862382,,sqrt,1,100,7,False,,"{'model__max_depth': None, 'model__max_features': 'sqrt', 'model__min_samples_leaf': 1, 'model__n_estimators': 100, 'select__k': 7, 'select__prune': False}",1.0,1.0,1.0,1.0,1.0,1.0,0.0,1,1.0,1.0,1.0,1.0,1.0,1.0,0.0,1.0,1.0,1.0,1.0,1.0,1.0,0.0,1,1.0,1.0,1.0,1.0,1.0,1.0,0.0,1.0,1.0,1.0,1.0,1.0,1.0,0.0,1,1.0,1.0,1.0,1.0,1.0,1.0,0.0,1.0,1.0,1.0,1.0,1.0,1.0,0.0,1,1.0,1.0,1.0,1.0,1.0,1.0,0.0
1.0679870128631592,0.04039655827782311,0.19872841835021973,0.07277970990877677,,sqrt,1,100,7,True,,"{'model__max_depth': None, 'model__max_features': 'sqrt', 'model__min_samples_leaf': 1, 'model__n_estimators': 100, 'select__k': 7, 'select__prune': True}",1.0,1.0,1.0,1.0,1.0,1.0,0.0,1,1.0,1.0,1.0,1.0,1.0,1.0,0.0,1.0,1.0,1.0,1.0,1.0,1.0,0.0,1,1.0,1.0,1.0,1.0,1.0,1.0,0.0,1.0,1.0,1.0,1.0,1.0,1.0,0.0,1,1.0,1.0,1.0,1.0,1.0,1.0,0.0,1.0,1.0,1.0,1.0,1.0,1.0,0.0,1,1.0,1.0,1.0,1.0,1.0,1.0,0.0
1.0610405921936035,0.02222128518069964,0.22518281936645507,0.07490976664735252,,sqrt,1,100,8,False,,"{'model__max_depth': None, 'model__max_features': 'sqrt', 'model__min_samples_leaf': 1, 'model__n_estimators': 100, 'select__k': 8, 'select__prune': False}",1.0,1.0,1.0,1.0,1.0,1.0,0.0,1,1.0,1.0,1.0,1.0,1.0,1.0,0.0,1.0,1.0,1.0,1.0,1.0,1.0,0.0,1,1.0,1.0,1.0,1.0,1.0,1.0,0.0,1.0,1.0,1.0,1.0,1.0,1.0,0.0,1,1.0,1.0,1.0,1.0,1.0,1.0,0.0,1.0,1.0,1.0,1.0,1.0,1.0,0.0,1,1.0,1.0,1.0,1.0,1.0,1.0,0.0
1.0654518604278564,0.02171073113227968,0.20499024391174317,0.08215309400628266,,sqrt,1,100,8,True,,"{'model__max_depth': None, 'model__max_features': 'sqrt', 'model__min_samples_leaf': 1, 'model__n_estimators': 100, 'select__k': 8, 'select__prune': True}",1.0,1.0,1.0,1.0,1.0,1.0,0.0,1,1.0,1.0,1.0,1.0,1.0,1.0,0.0,1.0,1.0,1.0,1.0,1.0,1.0,0.0,1,1.0,1.0,1.0,1.0,1.0,1.0,0.0,1.0,1.0,1.0,1.0,1.0,1.0,0.0,1,1.0,1.0,1.0,1.0,1.0,1.0,0.0,1.0,1.0,1.0,1.0,1.0,1.0,0.0,1,1.0,1.0,1.0,1.0,1.0,1.0,0.0
1.0717827796936035,0.025982036784772025,0.20307135581970215,0.08370373450556924,,sqrt,1,100,9,False,,"{'model__max_depth': None, 'model__max_features': 'sqrt', 'model__min_samples_leaf': 1, 'model__n_estimators': 100, 'select__k': 9, 'select__prune': False}",1.0,1.0,1.0,1.0,1.0,1.0,0.0,1,1.0,1.0,1.0,1.0,1.0,1.0,0.0,1.0,1.0,1.0,1.0,1.0,1.0,0.0,1,1.0,1.0,1.0,1.0,1.0,1.0,0.0,1.0,1.0,1.0,1.0,1.0,1.0,0.0,1,1.0,1.0,1.0,1.0,1.0,1.0,0.0,1.0,1.0,1.0,1.0,1.0,1.0,0.0,1,1.0,1.0,1.0,1.0,1.0,1.0,0.0
0.9868033409118653,0.08383820879147112,0.24233322143554686,0.07115020790189501,,sqrt,1,100,9,True,,"{'model__max_depth': None, 'model__max_features': 'sqrt', 'model__min_samples_leaf': 1, 'model__n_estimators': 100, 'select__k': 9, 'select__prune': True}",1.0,1.0,1.0,1.0,1.0,1.0,0.0,1,1.0,1.0,1.0,1.0,1.0,1.0,0.0,1.0,1.0,1.0,1.0,1.0,1.0,0.0,1,1.0,1.0,1.0,1.0,1.0,1.0,0.0,1.0,1.0,1.0,1.0,1.0,1.0,0.0,1,1.0,1.0,1.0,1.0,1.0,1.0,0.0,1.0,1.0,1.0,1.0,1.0,1.0,0.0,1,1.0,1.0,1.0,1.0,1.0,1.0,0.0
1.131190872192383,0.09326015342310211,0.15989136695861816,0.0844362232412729,,sqrt,1,100,10,False,,"{'model__max_depth': None, 'model__max_features': 'sqrt', 'model__min_samples_leaf': 1, 'model__n_estimators': 100, 'select__k': 10, 'select__prune': False}",1.0,1.0,1.0,1.0,1.0,1.0,0.0,1,1.0,1.0,1.0,1.0,1.0,1.0,0.0,1.0,1.0,1.0,1.0,1.0,1.0,0.0,1,1.0,1.0,1.0,1.0,1.0,1.0,0.0,1.0,1.0,1.0,1.0,1.0,1.0,0.0,1,1.0,1.0,1.0,1.0,1.0,1.0,0.0,1.0,1.0,1.0,1.0,1.0,1.0,0.0,1,1.0,1.0,1.0,1.0,1.0,1.0,0.0
1.1238616466522218,0.122920040127145,0.15441999435424805,0.07049178222439906,,sqrt,1,100,10,True,,"{'model__max_depth': None, 'model__max_features': 'sqrt', 'model__min_samples_leaf': 1, 'model__n_estimators': 100, 'select__k': 10, 'select__prune': True}",1.0,1.0,1.0,1.0,1.0,1.0,0.0,1,1.0,1.0,1.0,1.0,1.0,1.0,0.0,1.0,1.0,1.0,1.0,1.0,1.0,0.0,1,1.0,1.0,1.0,1.0,1.0,1.0,0.0,1.0,1.0,1.0,1.0,1.0,1.0,0.0,1,1.0,1.0,1.0,1.0,1.0,1.0,0.0,1.0,1.0,1.0,1.0,1.0,1.0,0.0,1,1.0,1.0,1.0,1.0,1.0,1.0,0.0
1.367175006866455,0.1081252811050651,0.14174408912658693,0.01229027139969616,,sqrt,1,100,21,False,,"{'model__max_depth': None, 'model__max_features': 'sqrt', 'model__min_samples_leaf': 1, 'model__n_estimators': 100, 'select__k': 21, 'select__prune': False}",1.0,1.0,1.0,1.0,1.0,1.0,0.0,1,1.0,1.0,1.0,1.0,1.0,1.0,0.0,1.0,1.0,1.0,1.0,1.0,1.0,0.0,1,1.0,1.0,1.0,1.0,1.0,1.0,0.0,1.0,1.0,1.0,1.0,1.0,1.0,0.0,1,1.0,1.0,1.0,1.0,1.0,1.0,0.0,1.0,1.0,1.0,1.0,1.0,1.0,0.0,1,1.0,1.0,1.0,1.0,1.0,1.0,0.0
1.3107650756835938,0.12973046176699252,0.1363203525543213,0.009487103820203591,,sqrt,1,100,21,True,,"{'model__max_depth': None, 'model__max_features': 'sqrt', 'model__min_samples_leaf': 1, 'model__n_estimators': 100, 'select__k': 21, 'select__prune': True}",1.0,1.0,1.0,1.0,1.0,1.0,0.0,1,1.0,1.0,1.0,1.0,1.0,1.0,0.0,1.0,1.0,1.0,1.0,1.0,1.0,0.0,1,1.0,1.0,1.0,1.0,1.0,1.0,0.0,1.0,1.0,1.0,1.0,1.0,1.0,0.0,1,1.0,1.0,1.0,1.0,1.0,1.0,0.0,1.0,1.0,1.0,0.9999999999999999,1.0,1.0,4.965068306494546e-17,1,1.0,1.0,1.0,0.9999999999999999,1.0,1.0,4.965068306494546e-17
1.5149105548858643,0.21590994489321505,0.2892434597015381,0.13657001968373567,,sqrt,1,250,6,False,,"{'model__max_depth': None, 'model__max_features': 'sqrt', 'model__min_samples_leaf': 1, 'model__n_estimators': 250, 'select__k': 6, 'select__prune': False}",0.9975980784627703,1.0,0.9992019154030327,0.9992019154030327,0.9975980784627703,0.9987199975463212,0.0009612804775641835,133,0.9990017967658216,0.9984012789768185,0.9986013986013986,0.9986013986013986,0.9990017967658216,0.9987215339422519,0.00024021771112017916,0.9952076677316294,1.0,0.9984051036682615,0.9984051036682615,0.9952076677316294,0.9974451085599563,0.0019174427974193607,153,0.9980055843637814,0.9968076616121309,0.9972067039106145,0.9972067039106145,0.9980055843637814,0.9974464476321845,0.0004792221724257249,0.9976923076923077,1.0,0.9992307692307693,0.9992307692307693,0.9976905311778291,0.9987688754663351,0.0009234916234883537,133,0.9990382765916522,0.9984612425466436,0.9986535872283131,0.9986535872283131,0.9990384615384615,0.9987690310266768,0.0002308567800788867,0.9999715588589414,1.0,0.9999928905066936,0.9999869659289382,0.9999608353232153,0.9999824501235578,1.4305324184942677e-05,159,0.9999862939490081,0.9999786624244406,0.9999797737565009,0.9999823668646418,0.9999874099272872,0.9999829013843758,3.46043357890766e-06
1.4880520343780517,0.2298511651476912,0.28365092277526854,0.12802533677372516,,sqrt,1,250,6,True,,"{'model__max_depth': None, 'model__max_features': 'sqrt', 'model__min_samples_leaf': 1, 'model__n_estimators': 250, 'select__k': 6, 'select__prune': True}",0.9975980784627703,1.0,0.9992019154030327,0.9992019154030327,0.9975980784627703,0.9987199975463212,0.0009612804775641835,133,0.9990017967658216,0.9984012789768185,0.9986013986013986,0.9986013986013986,0.9990017967658216,0.9987215339422519,0.00024021771112017916,0.9952076677316294,1.0,0.9984051036682615,0.9984051036682615,0.9952076677316294,0.9974451085599563,0.0019174427974193607,153,0.9980055843637814,0.9968076616121309,0.9972067039106145,0.9972067039106145,0.9980055843637814,0.9974464476321845,0.0004792221724257249,0.9976923076923077,1.0,0.9992307692307693,0.9992307692307693,0.9976905311778291,0.9987688754663351,0.0009234916234883537,133,0.9990382765916522,0.9984612425466436,0.9986535872283131,0.9986535872283131,0.9990384615384615,0.9987690310266768,0.0002308567800788867,0.9999715588589414,1.0,0.9999928905066936,0.9999869659289382,0.9999608353232153,0.9999824501235578,1.4305324184942677e-05,159,0.9999862939490081,0.9999786624244406,0.9999797737565009,0.9999823668646418,0.9999874099272872,0.9999829013843758,3.46043357890766e-06
1.6732468128204345,0.26748222339393046,0.319232702255249,0.14629494175439148,,sqrt,1,250,7,False,,"{'model__max_depth': None, 'model__max_features': 'sqrt', 'model__min_samples_leaf': 1, 'model__n_estimators': 250, 'select__k': 7, 'select__prune': False}",1.0,1.0,1.0,1.0,1.0,1.0,0.0,1,1.0,1.0,1.0,1.0,1.0,1.0,0.0,1.0,1.0,1.0,1.0,1.0,1.0,0.0,1,1.0,1.0,1.0,1.0,1.0,1.0,0.0,1.0,1.0,1.0,1.0,1.0,1.0,0.0,1,1.0,1.0,1.0,1.0,1.0,1.0,0.0,1.0,1.0,1.0,1.0,1.0,1.0,0.0,1,1.0,1.0,1.0,1.0,1.0,1.0,0.0
1.5822784900665283,0.1806509533173963,0.4002852916717529,0.16275702011167023,,sqrt,1,250,7,True,,"{'model__max_depth': None, 'model__max_features': 'sqrt', 'model__min_samples_leaf': 1, 'model__n_estimators': 250, 'select__k': 7, 'select__prune': True}",1.0,1.0,1.0,1.0,1.0,1.0,0.0,1,1.0,1.0,1.0,1.0,1.0,1.0,0.0,1.0,1.0,1.0,1.0,1.0,1.0,0.0,1,1.0,1.0,1.0,1.0,1.0,1.0,0.0,1.0,1.0,1.0,1.0,1.0,1.0,0.0,1,1.0,1.0,1.0,1.0,1.0,1.0,0.0,1.0,1.0,1.0,1.0,1.0,1.0,0.0,1,1.0,1.0,1.0,1.0,1.0,1.0,0.0
1.8177947521209716,0.10594721846416465,0.2631274700164795,0.02394065541202473,,sqrt,1,250,8,False,,"{'model__max_depth': None, 'model__max_features': 'sqrt', 'model__min_samples_leaf': 1, 'model__n_estimators': 250, 'select__k': 8, 'select__prune': False}",1.0,1.0,1.0,1.0,1.0,1.0,0.0,1,1.0,1.0,1.0,1.0,1.0,1.0,0.0,1.0,1.0,1.0,1.0,1.0,1.0,0.0,1,1.0,1.0,1.0,1.0,1.0,1.0,0.0,1.0,1.0,1.0,1.0,1.0,1.0,0.0,1,1.0,1.0,1.0,1.0,1.0,1.0,0.0,1.0,1.0,1.0,1.0,1.0,1.0,0.0,1,1.0,1.0,1.0,1.0,1.0,1.0,0.0
1.7040673732757567,0.11742375273658184,0.25709056854248047,0.015934441800720206,,sqrt,1,250,8,True,,"{'model__max_depth': None, 'model__max_features': 'sqrt', 'model__min_samples_leaf': 1, 'model__n_estimators': 250, 'select__k': 8, 'select__prune': True}",1.0,1.0,1.0,1.0,1.0,1.0,0.0,1,1.0,1.0,1.0,1.0,1.0,1.0,0.0,1.0,1.0,1.0,1.0,1.0,1.0,0.0,1,1.0,1.0,1.0,1.0,1.0,1.0,0.0,1.0,1.0,1.0,1.0,1.0,1.0,0.0,1,1.0,1.0,1.0,1.0,1.0,1.0,0.0,1.0,1.0,1.0,1.0,1.0,1.0,0.0,1,1.0,1.0,1.0,1.0,1.0,1.0,0.0
1.629451036453247,0.13822258638041912,0.3050087451934814,0.07163062924133046,,sqrt,1,250,9,False,,"{'model__max_depth': None, 'model__max_features': 'sqrt', 'model__min_samples_leaf': 1, 'model__n_estimators': 250, 'select__k': 9, 'select__prune': False}",1.0,1.0,1.0,1.0,1.0,1.0,0.0,1,1.0,1.0,1.0,1.0,1.0,1.0,0.0,1.0,1.0,1.0,1.0,1.0,1.0,0.0,1,1.0,1.0,1.0,1.0,1.0,1.0,0.0,1.0,1.0,1.0,1.0,1.0,1.0,0.0,1,1.0,1.0,1.0,1.0,1.0,1.0,0.0,1.0,1.0,1.0,1.0,1.0,1.0,0.0,1,1.0,1.0,1.0,1.0,1.0,1.0,0.0
1.7902377128601075,0.1103563914850032,0.29442639350891114,0.08539731266021953,,sqrt,1,250,9,True,,"{'model__max_depth': None, 'model__max_features': 'sqrt', 'model__min_samples_leaf': 1, 'model__n_estimators': 250, 'select__k': 9, 'select__prune': True}",1.0,1.0,1.0,1.0,1.0,1.0,0.0,1,1.0,1.0,1.0,1.0,1.0,1.0,0.0,1.0,1.0,1.0,1.0,1.0,1.0,0.0,1,1.0,1.0,1.0,1.0,1.0,1.0,0.0,1.0,1.0,1.0,1.0,1.0,1.0,0.0,1,1.0,1.0,1.0,1.0,1.0,1.0,0.0,1.0,1.0,1.0,1.0,1.0,1.0,0.0,1,1.0,1.0,1.0,1.0,1.0,1.0,0.0
1.8934755325317383,0.13184547909836647,0.34451994895935056,0.14861177542152826,,sqrt,1,250,10,False,,"{'model__max_depth': None, 'model__max_features': 'sqrt', 'model__min_samples_leaf': 1, 'model__n_estimators': 250, 'select__k': 10, 'select__prune': False}",1.0,1.0,1.0,1.0,1.0,1.0,0.0,1,1.0,1.0,1.0,1.0,1.0,1.0,0.0,1.0,1.0,1.0,1.0,1.0,1.0,0.0,1,1.0,1.0,1.0,1.0,1.0,1.0,0.0,1.0,1.0,1.0,1.0,1.0,1.0,0.0,1,1.0,1.0,1.0,1.0,1.0,1.0,0.0,1.0,1.0,1.0,1.0,1.0,1.0,0.0,1,1.0,1.0,1.0,1.0,1.0,1.0,0.0
1.8411702156066894,0.1442914831316758,0.2690483570098877,0.07153732180190724,,sqrt,1,250,10,True,,"{'model__max_depth': None, 'model__max_features': 'sqrt', 'model__min_samples_leaf': 1, 'model__n_estimators': 250, 'select__k': 10, 'select__prune': True}",1.0,1.0,1.0,1.0,1.0,1.0,0.0,1,1.0,1.0,1.0,1.0,1.0,1.0,0.0,1.0,1.0,1.0,1.0,1.0,1.0,0.0,1,1.0,1.0,1.0,1.0,1.0,1.0,0.0,1.0,1.0,1.0,1.0,1.0,1.0,0.0,1,1.0,1.0,1.0,1.0,1.0,1.0,0.0,1.0,1.0,1.0,1.0,1.0,1.0,0.0,1,1.0,1.0,1.0,1.0,1.0,1.0,0.0
1.8115097999572753,0.1450657265571888,0.4183173656463623,0.2219313075936569,,sqrt,1,250,21,False,,"{'model__max_depth': None, 'model__max_features': 'sqrt', 'model__min_samples_leaf': 1, 'model__n_estimators': 250, 'select__k': 21, 'select__prune': False}",1.0,1.0,1.0,1.0,1.0,1.0,0.0,1,1.0,1.0,1.0,1.0,1.0,1.0,0.0,1.0,1.0,1.0,1.0,1.0,1.0,0.0,1,1.0,1.0,1.0,1.0,1.0,1.0,0.0,1.0,1.0,1.0,1.0,1.0,1.0,0.0,1,1.0,1.0,1.0,1.0,1.0,1.0,0.0,1.0,1.0,1.0,1.0,1.0,1.0,0.0,1,1.0,1.0,1.0,1.0,1.0,1.0,0.0
2.046139430999756,0.11861557551131327,0.29595537185668946,0.048846953343841676,,sqrt,1,250,21,True,,"{'model__max_depth': None, 'model__max_features': 'sqrt', 'model__min_samples_leaf': 1, 'model__n_estimators': 250, 'select__k': 21, 'select__prune': True}",1.0,1.0,1.0,1.0,1.0,1.0,0.0,1,1.0,1.0,1.0,1.0,1.0,1.0,0.0,1.0,1.0,1.0,1.0,1.0,1.0,0.0,1,1.0,1.0,1.0,1.0,1.0,1.0,0.0,1.0,1.0,1.0,1.0,1.0,1.0,0.0,1,1.0,1.0,1.0,1.0,1.0,1.0,0.0,1.0,1.0,1.0,1.0,1.0,1.0,0.0,1,1.0,1.0,1.0,1.0,1.0,1.0,0.0
0.819014310836792,0.13211269677862963,0.16263227462768554,0.06862747904914301,,sqrt,3,100,6,False,,"{'model__max_depth': None, 'model__max_features': 'sqrt', 'model__min_samples_leaf': 3, 'model__n_estimators': 100, 'select__k': 6, 'select__prune': False}",0.9975980784627703,1.0,0.9992019154030327,0.9992019154030327,0.9975980784627703,0.9987199975463212,0.0009612804775641835,133,0.9990017967658216,0.9984012789768185,0.9986013986013986,0.9986013986013986,0.9990017967658216,0.9987215339422519,0.00024021771112017916,0.9952076677316294,1.0,0.9984051036682615,0.9984051036682615,0.9952076677316294,0.9974451085599563,0.0019174427974193607,153,0.9980055843637814,0.9968076616121309,0.9972067039106145,0.9972067039106145,0.9980055843637814,0.9974464476321845,0.0004792221724257249,0.9976923076923077,1.0,0.9992307692307693,0.9992307692307693,0.9976905311778291,0.9987688754663351,0.0009234916234883537,133,0.9990382765916522,0.9984612425466436,0.9986535872283131,0.9986535872283131,0.9990384615384615,0.9987690310266768,0.0002308567800788867,0.9999715588589414,1.0,0.9999928905066936,0.9999869659289382,0.9999608353232154,0.9999824501235578,1.4305324184909128e-05,159,0.9999862939490081,0.9999786624244406,0.9999797737565009,0.9999823668646418,0.9999874099272872,0.9999829013843758,3.46043357890766e-06
0.8494319915771484,0.13804751138386304,0.20839548110961914,0.08600796756353038,,sqrt,3,100,6,True,,"{'model__max_depth': None, 'model__max_features': 'sqrt', 'model__min_samples_leaf': 3, 'model__n_estimators': 100, 'select__k': 6, 'select__prune': True}",0.9975980784627703,1.0,0.9992019154030327,0.9992019154030327,0.9975980784627703,0.9987199975463212,0.0009612804775641835,133,0.9990017967658216,0.9984012789768185,0.9986013986013986,0.9986013986013986,0.9990017967658216,0.9987215339422519,0.00024021771112017916,0.9952076677316294,1.0,0.9984051036682615,0.9984051036682615,0.9952076677316294,0.9974451085599563,0.0019174427974193607,153,0.9980055843637814,0.9968076616121309,0.9972067039106145,0.9972067039106145,0.9980055843637814,0.9974464476321845,0.0004792221724257249,0.9976923076923077,1.0,0.9992307692307693,0.9992307692307693,0.9976905311778291,0.9987688754663351,0.0009234916234883537,133,0.9990382765916522,0.9984612425466436,0.9986535872283131,0.9986535872283131,0.9990384615384615,0.9987690310266768,0.0002308567800788867,0.9999715588589414,1.0,0.9999928905066936,0.9999869659289382,0.9999608353232154,0.9999824501235578,1.4305324184909128e-05,159,0.9999862939490081,0.9999786624244406,0.9999797737565009,0.9999823668646418,0.9999874099272872,0.9999829013843758,3.46043357890766e-06
0.8951072216033935,0.1826058687077472,0.23833012580871582,0.15135139549360033,,sqrt,3,100,7,False,,"{'model__max_depth': None, 'model__max_features': 'sqrt', 'model__min_samples_leaf': 3, 'model__n_estimators': 100, 'select__k': 7, 'select__prune': False}",1.0,1.0,1.0,1.0,1.0,1.0,0.0,1,1.0,1.0,1.0,1.0,1.0,1.0,0.0,1.0,1.0,1.0,1.0,1.0,1.0,0.0,1,1.0,1.0,1.0,1.0,1.0,1.0,0.0,1.0,1.0,1.0,1.0,1.0,1.0,0.0,1,1.0,1.0,1.0,1.0,1.0,1.0,0.0,1.0,1.0,1.0,1.0,0.9999999999999999,1.0,4.965068306494546e-17,1,1.0,0.9999999999999998,1.0,1.0,1.0,1.0,9.930136612989092e-17
0.9835629940032959,0.1393661898826258,0.19090919494628905,0.12182097903565181,,sqrt,3,100,7,True,,"{'model__max_depth': None, 'model__max_features': 'sqrt', 'model__min_samples_leaf': 3, 'model__n_estimators': 100, 'select__k': 7, 'select__prune': True}",1.0,1.0,1.0,1.0,1.0,1.0,0.0,1,1.0,1.0,1.0,1.0,1.0,1.0,0.0,1.0,1.0,1.0,1.0,1.0,1.0,0.0,1,1.0,1.0,1.0,1.0,1.0,1.0,0.0,1.0,1.0,1.0,1.0,1.0,1.0,0.0,1,1.0,1.0,1.0,1.0,1.0,1.0,0.0,1.0,1.0,1.0,1.0,0.9999999999999999,1.0,4.965068306494546e-17,1,1.0,0.9999999999999998,1.0,1.0,1.0,1.0,9.930136612989092e-17
1.0615071773529052,0.1262312923631719,0.19589648246765137,0.12984913173914514,,sqrt,3,100,8,False,,"{'model__max_depth': None, 'model__max_features': 'sqrt', 'model__min_samples_leaf': 3, 'model__n_estimators': 100, 'select__k': 8, 'select__prune': False}",1.0,1.0,1.0,1.0,1.0,1.0,0.0,1,1.0,1.0,1.0,1.0,1.0,1.0,0.0,1.0,1.0,1.0,1.0,1.0,1.0,0.0,1,1.0,1.0,1.0,1.0,1.0,1.0,0.0,1.0,1.0,1.0,1.0,1.0,1.0,0.0,1,1.0,1.0,1.0,1.0,1.0,1.0,0.0,1.0,1.0,1.0,1.0,1.0,1.0,0.0,1,1.0,1.0,1.0,1.0,1.0,1.0,0.0
1.0971354484558105,0.07400374468201946,0.12168073654174805,0.009444817249333824,,sqrt,3,100,8,True,,"{'model__max_depth': None, 'model__max_features': 'sqrt', 'model__min_samples_leaf': 3, 'model__n_estimators': 100, 'select__k': 8, 'select__prune': True}",1.0,1.0,1.0,1.0,1.0,1.0,0.0,1,1.0,1.0,1.0,1.0,1.0,1.0,0.0,1.0,1.0,1.0,1.0,1.0,1.0,0.0,1,1.0,1.0,1.0,1.0,1.0,1.0,0.0,1.0,1.0,1.0,1.0,1.0,1.0,0.0,1,1.0,1.0,1.0,1.0,1.0,1.0,0.0,1.0,1.0,1.0,1.0,1.0,1.0,0.0,1,1.0,1.0,1.0,1.0,1.0,1.0,0.0
1.100874662399292,0.0591739071757689,0.1387014865875244,0.02558839638394409,,sqrt,3,100,9,False,,"{'model__max_depth': None, 'model__max_features': 'sqrt', 'model__min_samples_leaf': 3, 'model__n_estimators': 100, 'select__k': 9, 'select__prune': False}",1.0,1.0,1.0,1.0,1.0,1.0,0.0,1,1.0,1.0,1.0,1.0,1.0,1.0,0.0,1.0,1.0,1.0,1.0,1.0,1.0,0.0,1,1.0,1.0,1.0,1.0,1.0,1.0,0.0,1.0,1.0,1.0,1.0,1.0,1.0,0.0,1,1.0,1.0,1.0,1.0,1.0,1.0,0.0,1.0,1.0,1.0,1.0,1.0,1.0,0.0,1,1.0,1.0,0.9999999999999999,1.0,1.0,1.0,4.965068306494546e-17
1.1447390556335448,0.07595093762650587,0.1550586700439453,0.031356036109049815,,sqrt,3,100,9,True,,"{'model__max_depth': None, 'model__max_features': 'sqrt', 'model__min_samples_leaf': 3, 'model__n_estimators': 100, 'select__k': 9, 'select__prune': True}",1.0,1.0,1.0,1.0,1.0,1.0,0.0,1,1.0,1.0,1.0,1.0,1.0,1.0,0.0,1.0,1.0,1.0,1.0,1.0,1.0,0.0,1,1.0,1.0,1.0,1.0,1.0,1.0,0.0,1.0,1.0,1.0,1.0,1.0,1.0,0.0,1,1.0,1.0,1.0,1.0,1.0,1.0,0.0,1.0,1.0,1.0,1.0,1.0,1.0,0.0,1,1.0,1.0,0.9999999999999999,1.0,1.0,1.0,4.965068306494546e-17
1.1378727436065674,0.1713005057949295,0.21019062995910645,0.15030512701514082,,sqrt,3,100,10,False,,"{'model__max_depth': None, 'model__max_features': 'sqrt', 'model__min_samples_leaf': 3, 'model__n_estimators': 100, 'select__k': 10, 'select__prune': False}",1.0,1.0,1.0,1.0,1.0,1.0,0.0,1,1.0,1.0,1.0,1.0,1.0,1.0,0.0,1.0,1.0,1.0,1.0,1.0,1.0,0.0,1,1.0,1.0,1.0,1.0,1.0,1.0,0.0,1.0,1.0,1.0,1.0,1.0,1.0,0.0,1,1.0,1.0,1.0,1.0,1.0,1.0,0.0,1.0,1.0,1.0,1.0,1.0,1.0,0.0,1,1.0,1.0,1.0,1.0,1.0,1.0,0.0
1.1368781089782716,0.0882016771299474,0.171082067489624,0.09638633866523201,,sqrt,3,100,10,True,,"{'model__max_depth': None, 'model__max_features': 'sqrt', 'model__min_samples_leaf': 3, 'model__n_estimators': 100, 'select__k': 10, 'select__prune': True}",1.0,1.0,1.0,1.0,1.0,1.0,0.0,1,1.0,1.0,1.0,1.0,1.0,1.0,0.0,1.0,1.0,1.0,1.0,1.0,1.0,0.0,1,1.0,1.0,1.0,1.0,1.0,1.0,0.0,1.0,1.0,1.0,1.0,1.0,1.0,0.0,1,1.0,1.0,1.0,1.0,1.0,1.0,0.0,1.0,1.0,1.0,1.0,1.0,1.0,0.0,1,1.0,1.0,1.0,1.0,1.0,1.0,0.0
1.3055469989776611,0.1192144427891789,0.15976905822753906,0.08215676292505303,,sqrt,3,100,21,False,,"{'model__max_depth': None, 'model__max_features': 'sqrt', 'model__min_samples_leaf': 3, 'model__n_estimators': 100, 'select__k': 21, 'select__prune': False}",1.0,1.0,1.0,1.0,1.0,1.0,0.0,1,1.0,1.0,1.0,1.0,1.0,1.0,0.0,1.0,1.0,1.0,1.0,1.0,1.0,0.0,1,1.0,1.0,1.0,1.0,1.0,1.0,0.0,1.0,1.0,1.0,1.0,1.0,1.0,0.0,1,1.0,1.0,1.0,1.0,1.0,1.0,0.0,1.0,1.0,1.0,1.0,1.0,1.0,0.0,1,1.0,1.0,1.0,1.0,1.0,1.0,0.0
1.1260517597198487,0.14372517444491673,0.23386573791503906,0.12954396980976235,,sqrt,3,100,21,True,,"{'model__max_depth': None, 'model__max_features': 'sqrt', 'model__min_samples_leaf': 3, 'model__n_estimators': 100, 'select__k': 21, 'select__prune': True}",1.0,1.0,1.0,1.0,1.0,1.0,0.0,1,1.0,1.0,1.0,1.0,1.0,1.0,0.0,1.0,1.0,1.0,1.0,1.0,1.0,0.0,1,1.0,1.0,1.0,1.0,1.0,1.0,0.0,1.0,1.0,1.0,1.0,1.0,1.0,0.0,1,1.0,1.0,1.0,1.0,1.0,1.0,0.0,1.0,1.0,1.0,1.0,0.9999999999999999,1.0,4.965068306494546e-17,1,1.0,1.0,0.9999999999999999,1.0,1.0,1.0,4.965068306494546e-17
1.65411696434021,0.17751698053877846,0.4249133586883545,0.17568714241231603,,sqrt,3,250,6,False,,"{'model__max_depth': None, 'model__max_features': 'sqrt', 'model__min_samples_leaf': 3, 'model__n_estimators': 250, 'select__k': 6, 'select__prune': False}",0.9975980784627703,1.0,0.9992019154030327,0.9992019154030327,0.9975980784627703,0.9987199975463212,0.0009612804775641835,133,0.9990017967658216,0.9984012789768185,0.9986013986013986,0.9986013986013986,0.9990017967658216,0.9987215339422519,0.00024021771112017916,0.9952076677316294,1.0,0.9984051036682615,0.9984051036682615,0.9952076677316294,0.9974451085599563,0.0019174427974193607,153,0.9980055843637814,0.9968076616121309,0.9972067039106145,0.9972067039106145,0.9980055843637814,0.9974464476321845,0.0004792221724257249,0.9976923076923077,1.0,0.9992307692307693,0.9992307692307693,0.9976905311778291,0.9987688754663351,0.0009234916234883537,133,0.9990382765916522,0.9984612425466436,0.9986535872283131,0.9986535872283131,0.9990384615384615,0.9987690310266768,0.0002308567800788867,0.9999715588589414,1.0,0.9999928905066936,0.9999869659289382,0.9999608353232154,0.9999824501235578,1.4305324184909128e-05,159,0.9999862939490082,0.9999786624244406,0.999979773756501,0.9999823668646418,0.9999874099272872,0.9999829013843758,3.46043357890936e-06
1.6603569507598877,0.09670936769946746,0.37683629989624023,0.11896677581623077,,sqrt,3,250,6,True,,"{'model__max_depth': None, 'model__max_features': 'sqrt', 'model__min_samples_leaf': 3, 'model__n_estimators': 250, 'select__k': 6, 'select__prune': True}",0.9975980784627703,1.0,0.9992019154030327,0.9992019154030327,0.9975980784627703,0.9987199975463212,0.0009612804775641835,133,0.9990017967658216,0.9984012789768185,0.9986013986013986,0.9986013986013986,0.9990017967658216,0.9987215339422519,0.00024021771112017916,0.9952076677316294,1.0,0.9984051036682615,0.9984051036682615,0.9952076677316294,0.9974451085599563,0.0019174427974193607,153,0.9980055843637814,0.9968076616121309,0.9972067039106145,0.9972067039106145,0.9980055843637814,0.9974464476321845,0.0004792221724257249,0.9976923076923077,1.0,0.9992307692307693,0.9992307692307693,0.9976905311778291,0.9987688754663351,0.0009234916234883537,133,0.9990382765916522,0.9984612425466436,0.9986535872283131,0.9986535872283131,0.9990384615384615,0.9987690310266768,0.0002308567800788867,0.9999715588589414,1.0,0.9999928905066936,0.9999869659289382,0.9999608353232154,0.9999824501235578,1.4305324184909128e-05,159,0.9999862939490082,0.9999786624244406,0.999979773756501,0.9999823668646418,0.9999874099272872,0.9999829013843758,3.46043357890936e-06
1.8366330146789551,0.13746394630108028,0.43889007568359373,0.12419801432406494,,sqrt,3,250,7,False,,"{'model__max_depth': None, 'model__max_features': 'sqrt', 'model__min_samples_leaf': 3, 'model__n_estimators': 250, 'select__k': 7, 'select__prune': False}",1.0,1.0,1.0,1.0,1.0,1.0,0.0,1,1.0,1.0,1.0,1.0,1.0,1.0,0.0,1.0,1.0,1.0,1.0,1.0,1.0,0.0,1,1.0,1.0,1.0,1.0,1.0,1.0,0.0,1.0,1.0,1.0,1.0,1.0,1.0,0.0,1,1.0,1.0,1.0,1.0,1.0,1.0,0.0,1.0,1.0,1.0,0.9999999999999999,1.0,1.0,4.965068306494546e-17,1,1.0,1.0,1.0,1.0,0.9999999999999999,1.0,4.965068306494546e-17
1.811320686340332,0.1614833135145256,0.35190210342407224,0.08987082414482281,,sqrt,3,250,7,True,,"{'model__max_depth': None, 'model__max_features': 'sqrt', 'model__min_samples_leaf': 3, 'model__n_estimators': 250, 'select__k': 7, 'select__prune': True}",1.0,1.0,1.0,1.0,1.0,1.0,0.0,1,1.0,1.0,1.0,1.0,1.0,1.0,0.0,1.0,1.0,1.0,1.0,1.0,1.0,0.0,1,1.0,1.0,1.0,1.0,1.0,1.0,0.0,1.0,1.0,1.0,1.0,1.0,1.0,0.0,1,1.0,1.0,1.0,1.0,1.0,1.0,0.0,1.0,1.0,1.0,0.9999999999999999,1.0,1.0,4.965068306494546e-17,1,1.0,1.0,1.0,1.0,0.9999999999999999,1.0,4.965068306494546e-17
1.7242068767547607,0.18553248882392423,0.2941431999206543,0.08051801071235831,,sqrt,3,250,8,False,,"{'model__max_depth': None, 'model__max_features': 'sqrt', 'model__min_samples_leaf': 3, 'model__n_estimators': 250, 'select__k': 8, 'select__prune': False}",1.0,1.0,1.0,1.0,1.0,1.0,0.0,1,1.0,1.0,1.0,1.0,1.0,1.0,0.0,1.0,1.0,1.0,1.0,1.0,1.0,0.0,1,1.0,1.0,1.0,1.0,1.0,1.0,0.0,1.0,1.0,1.0,1.0,1.0,1.0,0.0,1,1.0,1.0,1.0,1.0,1.0,1.0,0.0,1.0,1.0,1.0,1.0,1.0,1.0,0.0,1,1.0,1.0,1.0,1.0,1.0000000000000002,1.0,9.930136612989092e-17
1.600929069519043,0.12091228166625408,0.2952563762664795,0.09922677765642952,,sqrt,3,250,8,True,,"{'model__max_depth': None, 'model__max_features': 'sqrt', 'model__min_samples_leaf': 3, 'model__n_estimators': 250, 'select__k': 8, 'select__prune': True}",1.0,1.0,1.0,1.0,1.0,1.0,0.0,1,1.0,1.0,1.0,1.0,1.0,1.0,0.0,1.0,1.0,1.0,1.0,1.0,1.0,0.0,1,1.0,1.0,1.0,1.0,1.0,1.0,0.0,1.0,1.0,1.0,1.0,1.0,1.0,0.0,1,1.0,1.0,1.0,1.0,1.0,1.0,0.0,1.0,1.0,1.0,1.0,1.0,1.0,0.0,1,1.0,1.0,1.0,1.0,1.0000000000000002,1.0,9.930136612989092e-17
1.5981175899505615,0.15031932857587396,0.3714282512664795,0.11822214677860952,,sqrt,3,250,9,False,,"{'model__max_depth': None, 'model__max_features': 'sqrt', 'model__min_samples_leaf': 3, 'model__n_estimators': 250, 'select__k': 9, 'select__prune': False}",1.0,1.0,1.0,1.0,1.0,1.0,0.0,1,1.0,1.0,1.0,1.0,1.0,1.0,0.0,1.0,1.0,1.0,1.0,1.0,1.0,0.0,1,1.0,1.0,1.0,1.0,1.0,1.0,0.0,1.0,1.0,1.0,1.0,1.0,1.0,0.0,1,1.0,1.0,1.0,1.0,1.0,1.0,0.0,1.0,1.0,1.0,1.0,1.0,1.0,0.0,1,1.0,1.0,1.0,1.0,1.0,1.0,0.0
1.5980338096618651,0.13737035694367056,0.37711920738220217,0.13677542191874068,,sqrt,3,250,9,True,,"{'model__max_depth': None, 'model__max_features': 'sqrt', 'model__min_samples_leaf': 3, 'model__n_estimators': 250, 'select__k': 9, 'select__prune': True}",1.0,1.0,1.0,1.0,1.0,1.0,0.0,1,1.0,1.0,1.0,1.0,1.0,1.0,0.0,1.0,1.0,1.0,1.0,1.0,1.0,0.0,1,1.0,1.0,1.0,1.0,1.0,1.0,0.0,1.0,1.0,1.0,1.0,1.0,1.0,0.0,1,1.0,1.0,1.0,1.0,1.0,1.0,0.0,1.0,1.0,1.0,1.0,1.0,1.0,0.0,1,1.0,1.0,1.0,1.0,1.0,1.0,0.0
1.8783771514892578,0.17665726739258886,0.3489701747894287,0.09895485178540848,,sqrt,3,250,10,False,,"{'model__max_depth': None, 'model__max_features': 'sqrt', 'model__min_samples_leaf': 3, 'model__n_estimators': 250, 'select__k': 10, 'select__prune': False}",1.0,1.0,1.0,1.0,1.0,1.0,0.0,1,1.0,1.0,1.0,1.0,1.0,1.0,0.0,1.0,1.0,1.0,1.0,1.0,1.0,0.0,1,1.0,1.0,1.0,1.0,1.0,1.0,0.0,1.0,1.0,1.0,1.0,1.0,1.0,0.0,1,1.0,1.0,1.0,1.0,1.0,1.0,0.0,1.0,1.0,1.0,1.0,1.0,1.0,0.0,1,1.0,1.0,1.0,1.0,1.0,1.0,0.0
1.8772461414337158,0.11662441604655288,0.2388016700744629,0.009513413860500076,,sqrt,3,250,10,True,,"{'model__max_depth': None, 'model__max_features': 'sqrt', 'model__min_samples_leaf': 3, 'model__n_estimators': 250, 'select__k': 10, 'select__prune': True}",1.0,1.0,1.0,1.0,1.0,1.0,0.0,1,1.0,1.0,1.0,1.0,1.0,1.0,0.0,1.0,1.0,1.0,1.0,1.0,1.0,0.0,1,1.0,1.0,1.0,1.0,1.0,1.0,0.0,1.0,1.0,1.0,1.0,1.0,1.0,0.0,1,1.0,1.0,1.0,1.0,1.0,1.0,0.0,1.0,1.0,1.0,1.0,1.0,1.0,0.0,1,1.0,1.0,1.0,1.0,1.0,1.0,0.0
1.9235226154327392,0.1179464139737217,0.313231372833252,0.11020675352198403,,sqrt,3,250,21,False,,"{'model__max_depth': None, 'model__max_features': 'sqrt', 'model__min_samples_leaf': 3, 'model__n_estimators': 250, 'select__k': 21, 'select__prune': False}",1.0,1.0,1.0,1.0,1.0,1.0,0.0,1,1.0,1.0,1.0,1.0,1.0,1.0,0.0,1.0,1.0,1.0,1.0,1.0,1.0,0.0,1,1.0,1.0,1.0,1.0,1.0,1.0,0.0,1.0,1.0,1.0,1.0,1.0,1.0,0.0,1,1.0,1.0,1.0,1.0,1.0,1.0,0.0,1.0,1.0,1.0,1.0,1.0,1.0,0.0,1,1.0,1.0,1.0,1.0,1.0,1.0,0.0
1.7956836700439454,0.2022062068442085,0.3006422519683838,0.087159893697908,,sqrt,3,250,21,True,,"{'model__max_depth': None, 'model__max_features': 'sqrt', 'model__min_samples_leaf': 3, 'model__n_estimators': 250, 'select__k': 21, 'select__prune': True}",1.0,1.0,1.0,1.0,1.0,1.0,0.0,1,1.0,1.0,1.0,1.0,1.0,1.0,0.0,1.0,1.0,1.0,1.0,1.0,1.0,0.0,1,1.0,1.0,1.0,1.0,1.0,1.0,0.0,1.0,1.0,1.0,1.0,1.0,1.0,0.0,1,1.0,1.0,1.0,1.0,1.0,1.0,0.0,1.0,1.0,1.0,1.0,1.0,1.0,0.0,1,1.0,1.0,0.9999999999999999,0.9999999999999999,1.0,1.0,7.021666937153402e-17
1.0136969089508057,0.12576116929273137,0.11372036933898926,0.013245883815900077,,0.7,1,100,6,False,,"{'model__max_depth': None, 'model__max_features': 0.7, 'model__min_samples_leaf': 1, 'model__n_estimators': 100, 'select__k': 6, 'select__prune': False}",0.9975980784627703,1.0,0.9992019154030327,0.9992019154030327,0.9975980784627703,0.9987199975463212,0.0009612804775641835,133,0.9990017967658216,0.9984012789768185,0.9986013986013986,0.9986013986013986,0.9990017967658216,0.9987215339422519,0.00024021771112017916,0.9952076677316294,1.0,0.9984051036682615,0.9984051036682615,0.9952076677316294,0.9974451085599563,0.0019174427974193607,153,0.9980055843637814,0.9968076616121309,0.9972067039106145,0.9972067039106145,0.9980055843637814,0.9974464476321845,0.0004792221724257249,0.9976923076923077,1.0,0.9992307692307693,0.9992307692307693,0.9976905311778291,0.9987688754663351,0.0009234916234883537,133,0.9990382765916522,0.9984612425466436,0.9986535872283131,0.9986535872283131,0.9990384615384615,0.9987690310266768,0.0002308567800788867,0.9999715588589414,1.0,0.9999928905066936,0.9999869659289382,0.9999608353232153,0.9999824501235578,1.4305324184942677e-05,159,0.9999862939490082,0.9999786624244406,0.9999797737565008,0.9999823668646418,0.9999874099272871,0.9999829013843756,3.460433578920568e-06
1.1646064281463624,0.1533855944208089,0.10153713226318359,0.008863027322023157,,0.7,1,100,6,True,,"{'model__max_depth': None, 'model__max_features': 0.7, 'model__min_samples_leaf': 1, 'model__n_estimators': 100, 'select__k': 6, 'select__prune': True}",0.9975980784627703,1.0,0.9992019154030327,0.9992019154030327,0.9975980784627703,0.9987199975463212,0.0009612804775641835,133,0.9990017967658216,0.9984012789768185,0.9986013986013986,0.9986013986013986,0.9990017967658216,0.9987215339422519,0.00024021771112017916,0.9952076677316294,1.0,0.9984051036682615,0.9984051036682615,0.9952076677316294,0.9974451085599563,0.0019174427974193607,153,0.9980055843637814,0.9968076616121309,0.9972067039106145,0.9972067039106145,0.9980055843637814,0.9974464476321845,0.0004792221724257249,0.9976923076923077,1.0,0.9992307692307693,0.9992307692307693,0.9976905311778291,0.9987688754663351,0.0009234916234883537,133,0.9990382765916522,0.9984612425466436,0.9986535872283131,0.9986535872283131,0.9990384615384615,0.9987690310266768,0.0002308567800788867,0.9999715588589414,1.0,0.9999928905066936,0.9999869659289382,0.9999608353232153,0.9999824501235578,1.4305324184942677e-05,159,0.9999862939490082,0.9999786624244406,0.9999797737565008,0.9999823668646418,0.9999874099272871,0.9999829013843756,3.460433578920568e-06
1.0570428848266602,0.10483403508901552,0.18723783493041993,0.07408081909511897,,0.7,1,100,7,False,,"{'model__max_depth': None, 'model__max_features': 0.7, 'model__min_samples_leaf': 1, 'model__n_estimators': 100, 'select__k': 7, 'select__prune': False}",1.0,1.0,1.0,1.0,1.0,1.0,0.0,1,1.0,1.0,1.0,1.0,1.0,1.0,0.0,1.0,1.0,1.0,1.0,1.0,1.0,0.0,1,1.0,1.0,1.0,1.0,1.0,1.0,0.0,1.0,1.0,1.0,1.0,1.0,1.0,0.0,1,1.0,1.0,1.0,1.0,1.0,1.0,0.0,1.0,1.0,1.0,1.0,1.0,1.0,0.0,1,1.0,1.0,1.0,1.0,1.0,1.0,0.0
1.0039474964141846,0.11441974324668738,0.13011932373046875,0.062268958751921254,,0.7,1,100,7,True,,"{'model__max_depth': None, 'model__max_features': 0.7, 'model__min_samples_leaf': 1, 'model__n_estimators': 100, 'select__k': 7, 'select__prune': True}",1.0,1.0,1.0,1.0,1.0,1.0,0.0,1,1.0,1.0,1.0,1.0,1.0,1.0,0.0,1.0,1.0,1.0,1.0,1.0,1.0,0.0,1,1.0,1.0,1.0,1.0,1.0,1.0,0.0,1.0,1.0,1.0,1.0,1.0,1.0,0.0,1,1.0,1.0,1.0,1.0,1.0,1.0,0.0,1.0,1.0,1.0,1.0,1.0,1.0,0.0,1,1.0,1.0,1.0,1.0,1.0,1.0,0.0
1.0535972118377686,0.16276139039276713,0.18345842361450196,0.09922383959100942,,0.7,1,100,8,False,,"{'model__max_depth': None, 'model__max_features': 0.7, 'model__min_samples_leaf': 1, 'model__n_estimators': 100, 'select__k': 8, 'select__prune': False}",1.0,1.0,1.0,1.0,1.0,1.0,0.0,1,1.0,1.0,1.0,1.0,1.0,1.0,0.0,1.0,1.0,1.0,1.0,1.0,1.0,0.0,1,1.0,1.0,1.0,1.0,1.0,1.0,0.0,1.0,1.0,1.0,1.0,1.0,1.0,0.0,1,1.0,1.0,1.0,1.0,1.0,1.0,0.0,1.0,1.0,1.0,1.0,1.0,1.0,0.0,1,1.0,1.0,1.0,1.0,1.0,1.0,0.0
1.1188144207000732,0.09444880256098603,0.13155860900878907,0.08103971583125506,,0.7,1,100,8,True,,"{'model__max_depth': None, 'model__max_features': 0.7, 'model__min_samples_leaf': 1, 'model__n_estimators': 100, 'select__k': 8, 'select__prune': True}",1.0,1.0,1.0,1.0,1.0,1.0,0.0,1,1.0,1.0,1.0,1.0,1.0,1.0,0.0,1.0,1.0,1.0,1.0,1.0,1.0,0.0,1,1.0,1.0,1.0,1.0,1.0,1.0,0.0,1.0,1.0,1.0,1.0,1.0,1.0,0.0,1,1.0,1.0,1.0,1.0,1.0,1.0,0.0,1.0,1.0,1.0,1.0,1.0,1.0,0.0,1,1.0,1.0,1.0,1.0,1.0,1.0,0.0
1.1901305198669434,0.09557561712853681,0.10356020927429199,0.06353483521918686,,0.7,1,100,9,False,,"{'model__max_depth': None, 'model__max_features': 0.7, 'model__min_samples_leaf': 1, 'model__n_estimators': 100, 'select__k': 9, 'select__prune': False}",1.0,1.0,1.0,1.0,1.0,1.0,0.0,1,1.0,1.0,1.0,1.0,1.0,1.0,0.0,1.0,1.0,1.0,1.0,1.0,1.0,0.0,1,1.0,1.0,1.0,1.0,1.0,1.0,0.0,1.0,1.0,1.0,1.0,1.0,1.0,0.0,1,1.0,1.0,1.0,1.0,1.0,1.0,0.0,1.0,1.0,1.0,1.0,1.0,1.0,0.0,1,1.0,1.0,1.0,1.0,1.0,1.0,0.0
1.1689725875854493,0.08066904602949478,0.13377437591552735,0.07766498778392104,,0.7,1,100,9,True,,"{'model__max_depth': None, 'model__max_features': 0.7, 'model__min_samples_leaf': 1, 'model__n_estimators': 100, 'select__k': 9, 'select__prune': True}",1.0,1.0,1.0,1.0,1.0,1.0,0.0,1,1.0,1.0,1.0,1.0,1.0,1.0,0.0,1.0,1.0,1.0,1.0,1.0,1.0,0.0,1,1.0,1.0,1.0,1.0,1.0,1.0,0.0,1.0,1.0,1.0,1.0,1.0,1.0,0.0,1,1.0,1.0,1.0,1.0,1.0,1.0,0.0,1.0,1.0,1.0,1.0,1.0,1.0,0.0,1,1.0,1.0,1.0,1.0,1.0,1.0,0.0
1.1515088558197022,0.06974562814201557,0.1532740592956543,0.08481244144151313,,0.7,1,100,10,False,,"{'model__max_depth': None, 'model__max_features': 0.7, 'model__min_samples_leaf': 1, 'model__n_estimators': 100, 'select__k': 10, 'select__prune': False}",1.0,1.0,1.0,1.0,1.0,1.0,0.0,1,1.0,1.0,1.0,1.0,1.0,1.0,0.0,1.0,1.0,1.0,1.0,1.0,1.0,0.0,1,1.0,1.0,1.0,1.0,1.0,1.0,0.0,1.0,1.0,1.0,1.0,1.0,1.0,0.0,1,1.0,1.0,1.0,1.0,1.0,1.0,0.0,1.0,1.0,1.0,1.0,1.0,1.0,0.0,1,1.0,1.0,1.0,1.0,1.0,1.0,0.0
1.2480705738067628,0.1159899455738429,0.06713595390319824,0.018671750240609644,,0.7,1,100,10,True,,"{'model__max_depth': None, 'model__max_features': 0.7, 'model__min_samples_leaf': 1, 'model__n_estimators': 100, 'select__k': 10, 'select__prune': True}",1.0,1.0,1.0,1.0,1.0,1.0,0.0,1,1.0,1.0,1.0,1.0,1.0,1.0,0.0,1.0,1.0,1.0,1.0,1.0,1.0,0.0,1,1.0,1.0,1.0,1.0,1.0,1.0,0.0,1.0,1.0,1.0,1.0,1.0,1.0,0.0,1,1.0,1.0,1.0,1.0,1.0,1.0,0.0,1.0,1.0,1.0,1.0,1.0,1.0,0.0,1,1.0,1.0,1.0,1.0,1.0,1.0,0.0
1.6524023056030273,0.12027745087511481,0.07099809646606445,0.02567561887547384,,0.7,1,100,21,False,,"{'model__max_depth': None, 'model__max_features': 0.7, 'model__min_samples_leaf': 1, 'model__n_estimators': 100, 'select__k': 21, 'select__prune': False}",1.0,1.0,1.0,1.0,1.0,1.0,0.0,1,1.0,1.0,1.0,1.0,1.0,1.0,0.0,1.0,1.0,1.0,1.0,1.0,1.0,0.0,1,1.0,1.0,1.0,1.0,1.0,1.0,0.0,1.0,1.0,1.0,1.0,1.0,1.0,0.0,1,1.0,1.0,1.0,1.0,1.0,1.0,0.0,1.0,1.0,1.0,1.0,1.0,1.0,0.0,1,1.0,1.0,1.0,1.0,1.0,1.0,0.0
1.538723611831665,0.07732172207703787,0.11877322196960449,0.08722316154310142,,0.7,1,100,21,True,,"{'model__max_depth': None, 'model__max_features': 0.7, 'model__min_samples_leaf': 1, 'model__n_estimators': 100, 'select__k': 21, 'select__prune': True}",1.0,1.0,1.0,1.0,1.0,1.0,0.0,1,1.0,1.0,1.0,1.0,1.0,1.0,0.0,1.0,1.0,1.0,1.0,1.0,1.0,0.0,1,1.0,1.0,1.0,1.0,1.0,1.0,0.0,1.0,1.0,1.0,1.0,1.0,1.0,0.0,1,1.0,1.0,1.0,1.0,1.0,1.0,0.0,1.0,1.0,1.0,1.0,1.0,1.0,0.0,1,1.0,1.0,1.0,1.0,1.0,1.0,0.0
1.8307601451873778,0.17151002206708615,0.21204538345336915,0.06256626129680683,,0.7,1,250,6,False,,"{'model__max_depth': None, 'model__max_features': 0.7, 'model__min_samples_leaf': 1, 'model__n_estimators': 250, 'select__k': 6, 'select__prune': False}",0.9975980784627703,1.0,0.9992019154030327,0.9992019154030327,0.9975980784627703,0.9987199975463212,0.0009612804775641835,133,0.9990017967658216,0.9984012789768185,0.9986013986013986,0.9986013986013986,0.9990017967658216,0.9987215339422519,0.00024021771112017916,0.9952076677316294,1.0,0.9984051036682615,0.9984051036682615,0.9952076677316294,0.9974451085599563,0.0019174427974193607,153,0.9980055843637814,0.9968076616121309,0.9972067039106145,0.9972067039106145,0.9980055843637814,0.9974464476321845,0.0004792221724257249,0.9976923076923077,1.0,0.9992307692307693,0.9992307692307693,0.9976905311778291,0.9987688754663351,0.0009234916234883537,133,0.9990382765916522,0.9984612425466436,0.9986535872283131,0.9986535872283131,0.9990384615384615,0.9987690310266768,0.0002308567800788867,0.9999715588589414,1.0,0.9999928905066936,0.9999869659289382,0.9999608353232153,0.9999824501235578,1.4305324184942677e-05,159,0.9999862939490082,0.9999786624244406,0.9999797737565008,0.9999823668646418,0.9999874099272871,0.9999829013843756,3.460433578920568e-06
1.8312410831451416,0.10310191088804786,0.16688017845153807,0.03639414088492118,,0.7,1,250,6,True,,"{'model__max_depth': None, 'model__max_features': 0.7, 'model__min_samples_leaf': 1, 'model__n_estimators': 250, 'select__k': 6, 'select__prune': True}",0.9975980784627703,1.0,0.9992019154030327,0.9992019154030327,0.9975980784627703,0.9987199975463212,0.0009612804775641835,133,0.9990017967658216,0.9984012789768185,0.9986013986013986,0.9986013986013986,0.9990017967658216,0.9987215339422519,0.00024021771112017916,0.9952076677316294,1.0,0.9984051036682615,0.9984051036682615,0.9952076677316294,0.9974451085599563,0.0019174427974193607,153,0.9980055843637814,0.9968076616121309,0.9972067039106145,0.9972067039106145,0.9980055843637814,0.9974464476321845,0.0004792221724257249,0.9976923076923077,1.0,0.9992307692307693,0.9992307692307693,0.9976905311778291,0.9987688754663351,0.0009234916234883537,133,0.9990382765916522,0.9984612425466436,0.9986535872283131,0.9986535872283131,0.9990384615384615,0.9987690310266768,0.0002308567800788867,0.9999715588589414,1.0,0.9999928905066936,0.9999869659289382,0.9999608353232153,0.9999824501235578,1.4305324184942677e-05,159,0.9999862939490082,0.9999786624244406,0.9999797737565008,0.9999823668646418,0.9999874099272871,0.9999829013843756,3.460433578920568e-06
1.9599895000457763,0.1403612069082073,0.1976325035095215,0.015774298814972745,,0.7,1,250,7,False,,"{'model__max_depth': None, 'model__max_features': 0.7, 'model__min_samples_leaf': 1, 'model__n_estimators': 250, 'select__k': 7, 'select__prune': False}",1.0,1.0,1.0,1.0,1.0,1.0,0.0,1,1.0,1.0,1.0,1.0,1.0,1.0,0.0,1.0,1.0,1.0,1.0,1.0,1.0,0.0,1,1.0,1.0,1.0,1.0,1.0,1.0,0.0,1.0,1.0,1.0,1.0,1.0,1.0,0.0,1,1.0,1.0,1.0,1.0,1.0,1.0,0.0,1.0,1.0,1.0,1.0,1.0,1.0,0.0,1,1.0,1.0,1.0,1.0,1.0,1.0,0.0
1.8871163368225097,0.10340248672586107,0.24385247230529786,0.08756340057408256,,0.7,1,250,7,True,,"{'model__max_depth': None, 'model__max_features': 0.7, 'model__min_samples_leaf': 1, 'model__n_estimators': 250, 'select__k': 7, 'select__prune': True}",1.0,1.0,1.0,1.0,1.0,1.0,0.0,1,1.0,1.0,1.0,1.0,1.0,1.0,0.0,1.0,1.0,1.0,1.0,1.0,1.0,0.0,1,1.0,1.0,1.0,1.0,1.0,1.0,0.0,1.0,1.0,1.0,1.0,1.0,1.0,0.0,1,1.0,1.0,1.0,1.0,1.0,1.0,0.0,1.0,1.0,1.0,1.0,1.0,1.0,0.0,1,1.0,1.0,1.0,1.0,1.0,1.0,0.0
1.9976895809173585,0.106535434846431,0.20075392723083496,0.08146316325948631,,0.7,1,250,8,False,,"{'model__max_depth': None, 'model__max_features': 0.7, 'model__min_samples_leaf': 1, 'model__n_estimators': 250, 'select__k': 8, 'select__prune': False}",1.0,1.0,1.0,1.0,1.0,1.0,0.0,1,1.0,1.0,1.0,1.0,1.0,1.0,0.0,1.0,1.0,1.0,1.0,1.0,1.0,0.0,1,1.0,1.0,1.0,1.0,1.0,1.0,0.0,1.0,1.0,1.0,1.0,1.0,1.0,0.0,1,1.0,1.0,1.0,1.0,1.0,1.0,0.0,1.0,1.0,1.0,1.0,1.0,1.0,0.0,1,1.0,1.0,1.0,1.0,1.0,1.0,0.0
2.045139932632446,0.11938154019181622,0.22486586570739747,0.0827097701122456,,0.7,1,250,8,True,,"{'model__max_depth': None, 'model__max_features': 0.7, 'model__min_samples_leaf': 1, 'model__n_estimators': 250, 'select__k': 8, 'select__prune': True}",1.0,1.0,1.0,1.0,1.0,1.0,0.0,1,1.0,1.0,1.0,1.0,1.0,1.0,0.0,1.0,1.0,1.0,1.0,1.0,1.0,0.0,1,1.0,1.0,1.0,1.0,1.0,1.0,0.0,1.0,1.0,1.0,1.0,1.0,1.0,0.0,1,1.0,1.0,1.0,1.0,1.0,1.0,0.0,1.0,1.0,1.0,1.0,1.0,1.0,0.0,1,1.0,1.0,1.0,1.0,1.0,1.0,0.0
2.1385772228240967,0.10585405835385843,0.21920294761657716,0.09459449958342898,,0.7,1,250,9,False,,"{'model__max_depth': None, 'model__max_features': 0.7, 'model__min_samples_leaf': 1, 'model__n_estimators': 250, 'select__k': 9, 'select__prune': False}",1.0,1.0,1.0,1.0,1.0,1.0,0.0,1,1.0,1.0,1.0,1.0,1.0,1.0,0.0,1.0,1.0,1.0,1.0,1.0,1.0,0.0,1,1.0,1.0,1.0,1.0,1.0,1.0,0.0,1.0,1.0,1.0,1.0,1.0,1.0,0.0,1,1.0,1.0,1.0,1.0,1.0,1.0,0.0,1.0,1.0,1.0,1.0,1.0,1.0,0.0,1,1.0,1.0,1.0,1.0,1.0,1.0,0.0
2.2901400566101073,0.13770697393769468,0.1527865409851074,0.025229701869092017,,0.7,1,250,9,True,,"{'model__max_depth': None, 'model__max_features': 0.7, 'model__min_samples_leaf': 1, 'model__n_estimators': 250, 'select__k': 9, 'select__prune': True}",1.0,1.0,1.0,1.0,1.0,1.0,0.0,1,1.0,1.0,1.0,1.0,1.0,1.0,0.0,1.0,1.0,1.0,1.0,1.0,1.0,0.0,1,1.0,1.0,1.0,1.0,1.0,1.0,0.0,1.0,1.0,1.0,1.0,1.0,1.0,0.0,1,1.0,1.0,1.0,1.0,1.0,1.0,0.0,1.0,1.0,1.0,1.0,1.0,1.0,0.0,1,1.0,1.0,1.0,1.0,1.0,1.0,0.0
2.1865321159362794,0.0757178344392506,0.1446840286254883,0.02284281895348232,,0.7,1,250,10,False,,"{'model__max_depth': None, 'model__max_features': 0.7, 'model__min_samples_leaf': 1, 'model__n_estimators': 250, 'select__k': 10, 'select__prune': False}",1.0,1.0,1.0,1.0,1.0,1.0,0.0,1,1.0,1.0,1.0,1.0,1.0,1.0,0.0,1.0,1.0,1.0,1.0,1.0,1.0,0.0,1,1.0,1.0,1.0,1.0,1.0,1.0,0.0,1.0,1.0,1.0,1.0,1.0,1.0,0.0,1,1.0,1.0,1.0,1.0,1.0,1.0,0.0,1.0,1.0,1.0,1.0,1.0,1.0,0.0,1,1.0,1.0,1.0,1.0,1.0,1.0,0.0
2.0607492923736572,0.12111834211549494,0.1440155029296875,0.011897854821694276,,0.7,1,250,10,True,,"{'model__max_depth': None, 'model__max_features': 0.7, 'model__min_samples_leaf': 1, 'model__n_estimators': 250, 'select__k': 10, 'select__prune': True}",1.0,1.0,1.0,1.0,1.0,1.0,0.0,1,1.0,1.0,1.0,1.0,1.0,1.0,0.0,1.0,1.0,1.0,1.0,1.0,1.0,0.0,1,1.0,1.0,1.0,1.0,1.0,1.0,0.0,1.0,1.0,1.0,1.0,1.0,1.0,0.0,1,1.0,1.0,1.0,1.0,1.0,1.0,0.0,1.0,1.0,1.0,1.0,1.0,1.0,0.0,1,1.0,1.0,1.0,1.0,1.0,1.0,0.0
2.7498815059661865,0.13171869056086977,0.10103659629821778,0.03290452412844493,,0.7,1,250,21,False,,"{'model__max_depth': None, 'model__max_features': 0.7, 'model__min_samples_leaf': 1, 'model__n_estimators': 250, 'select__k': 21, 'select__prune': False}",1.0,1.0,1.0,1.0,1.0,1.0,0.0,1,1.0,1.0,1.0,1.0,1.0,1.0,0.0,1.0,1.0,1.0,1.0,1.0,1.0,0.0,1,1.0,1.0,1.0,1.0,1.0,1.0,0.0,1.0,1.0,1.0,1.0,1.0,1.0,0.0,1,1.0,1.0,1.0,1.0,1.0,1.0,0.0,1.0,1.0,1.0,1.0,1.0,1.0,0.0,1,1.0,1.0,1.0,1.0,1.0,1.0,0.0
2.9316829204559327,0.1604155138492703,0.2558032989501953,0.11082772815663762,,0.7,1,250,21,True,,"{'model__max_depth': None, 'model__max_features': 0.7, 'model__min_samples_leaf': 1, 'model__n_estimators': 250, 'select__k': 21, 'select__prune': True}",1.0,1.0,1.0,1.0,1.0,1.0,0.0,1,1.0,1.0,1.0,1.0,1.0,1.0,0.0,1.0,1.0,1.0,1.0,1.0,1.0,0.0,1,1.0,1.0,1.0,1.0,1.0,1.0,0.0,1.0,1.0,1.0,1.0,1.0,1.0,0.0,1,1.0,1.0,1.0,1.0,1.0,1.0,0.0,1.0,1.0,1.0,1.0,1.0,1.0,0.0,1,1.0,1.0,1.0,1.0,1.0,1.0,0.0
0.934197998046875,0.2076045712666738,0.10005640983581543,0.03306003623656383,,0.7,3,100,6,False,,"{'model__max_depth': None, 'model__max_features': 0.7, 'model__min_samples_leaf': 3, 'model__n_estimators': 100, 'select__k': 6, 'select__prune': False}",0.9975980784627703,1.0,0.9992019154030327,0.9992019154030327,0.9975980784627703,0.9987199975463212,0.0009612804775641835,133,0.9990017967658216,0.9984012789768185,0.9986013986013986,0.9986013986013986,0.9990017967658216,0.9987215339422519,0.00024021771112017916,0.9952076677316294,1.0,0.9984051036682615,0.9984051036682615,0.9952076677316294,0.9974451085599563,0.0019174427974193607,153,0.9980055843637814,0.9968076616121309,0.9972067039106145,0.9972067039106145,0.9980055843637814,0.9974464476321845,0.0004792221724257249,0.9976923076923077,1.0,0.9992307692307693,0.9992307692307693,0.9976905311778291,0.9987688754663351,0.0009234916234883537,133,0.9990382765916522,0.9984612425466436,0.9986535872283131,0.9986535872283131,0.9990384615384615,0.9987690310266768,0.0002308567800788867,0.9999715588589414,0.9999999999999999,0.9999928905066936,0.9999869659289381,0.9999608353232154,0.9999824501235576,1.4305324184874877e-05,181,0.9999862939490082,0.9999786624244404,0.9999797737565009,0.9999823668646418,0.9999874099272871,0.9999829013843756,3.4604335789276993e-06
1.1501112461090088,0.08777113601126875,0.10265350341796875,0.014590268854579919,,0.7,3,100,6,True,,"{'model__max_depth': None, 'model__max_features': 0.7, 'model__min_samples_leaf': 3, 'model__n_estimators': 100, 'select__k': 6, 'select__prune': True}",0.9975980784627703,1.0,0.9992019154030327,0.9992019154030327,0.9975980784627703,0.9987199975463212,0.0009612804775641835,133,0.9990017967658216,0.9984012789768185,0.9986013986013986,0.9986013986013986,0.9990017967658216,0.9987215339422519,0.00024021771112017916,0.9952076677316294,1.0,0.9984051036682615,0.9984051036682615,0.9952076677316294,0.9974451085599563,0.0019174427974193607,153,0.9980055843637814,0.9968076616121309,0.9972067039106145,0.9972067039106145,0.9980055843637814,0.9974464476321845,0.0004792221724257249,0.9976923076923077,1.0,0.9992307692307693,0.9992307692307693,0.9976905311778291,0.9987688754663351,0.0009234916234883537,133,0.9990382765916522,0.9984612425466436,0.9986535872283131,0.9986535872283131,0.9990384615384615,0.9987690310266768,0.0002308567800788867,0.9999715588589414,0.9999999999999999,0.9999928905066936,0.9999869659289381,0.9999608353232154,0.9999824501235576,1.4305324184874877e-05,181,0.9999862939490082,0.9999786624244404,0.9999797737565009,0.9999823668646418,0.9999874099272871,0.9999829013843756,3.4604335789276993e-06
1.1581231594085692,0.07653140793417225,0.10067572593688964,0.02238137933901542,,0.7,3,100,7,False,,"{'model__max_depth': None, 'model__max_features': 0.7, 'model__min_samples_leaf': 3, 'model__n_estimators': 100, 'select__k': 7, 'select__prune': False}",1.0,1.0,1.0,1.0,1.0,1.0,0.0,1,1.0,1.0,1.0,1.0,1.0,1.0,0.0,1.0,1.0,1.0,1.0,1.0,1.0,0.0,1,1.0,1.0,1.0,1.0,1.0,1.0,0.0,1.0,1.0,1.0,1.0,1.0,1.0,0.0,1,1.0,1.0,1.0,1.0,1.0,1.0,0.0,1.0,0.9999999999999999,1.0,1.0,1.0,1.0,4.965068306494546e-17,1,1.0,1.0,1.0,1.0,1.0,1.0,0.0
1.1051239490509033,0.08412338357437661,0.09643440246582032,0.0056077847411413985,,0.7,3,100,7,True,,"{'model__max_depth': None, 'model__max_features': 0.7, 'model__min_samples_leaf': 3, 'model__n_estimators': 100, 'select__k': 7, 'select__prune': True}",1.0,1.0,1.0,1.0,1.0,1.0,0.0,1,1.0,1.0,1.0,1.0,1.0,1.0,0.0,1.0,1.0,1.0,1.0,1.0,1.0,0.0,1,1.0,1.0,1.0,1.0,1.0,1.0,0.0,1.0,1.0,1.0,1.0,1.0,1.0,0.0,1,1.0,1.0,1.0,1.0,1.0,1.0,0.0,1.0,0.9999999999999999,1.0,1.0,1.0,1.0,4.965068306494546e-17,1,1.0,1.0,1.0,1.0,1.0,1.0,0.0
1.1832008361816406,0.08623804398696538,0.11032829284667969,0.0069941569945456755,,0.7,3,100,8,False,,"{'model__max_depth': None, 'model__max_features': 0.7, 'model__min_samples_leaf': 3, 'model__n_estimators': 100, 'select__k': 8, 'select__prune': False}",1.0,1.0,1.0,1.0,1.0,1.0,0.0,1,1.0,1.0,1.0,1.0,1.0,1.0,0.0,1.0,1.0,1.0,1.0,1.0,1.0,0.0,1,1.0,1.0,1.0,1.0,1.0,1.0,0.0,1.0,1.0,1.0,1.0,1.0,1.0,0.0,1,1.0,1.0,1.0,1.0,1.0,1.0,0.0,1.0,1.0,1.0,1.0,0.9999999999999999,1.0,4.965068306494546e-17,1,1.0,1.0,1.0,1.0,1.0,1.0,0.0
1.1760757923126222,0.09355930532094844,0.09955883026123047,0.010788776902497984,,0.7,3,100,8,True,,"{'model__max_depth': None, 'model__max_features': 0.7, 'model__min_samples_leaf': 3, 'model__n_estimators': 100, 'select__k': 8, 'select__prune': True}",1.0,1.0,1.0,1.0,1.0,1.0,0.0,1,1.0,1.0,1.0,1.0,1.0,1.0,0.0,1.0,1.0,1.0,1.0,1.0,1.0,0.0,1,1.0,1.0,1.0,1.0,1.0,1.0,0.0,1.0,1.0,1.0,1.0,1.0,1.0,0.0,1,1.0,1.0,1.0,1.0,1.0,1.0,0.0,1.0,1.0,1.0,1.0,0.9999999999999999,1.0,4.965068306494546e-17,1,1.0,1.0,1.0,1.0,1.0,1.0,0.0
1.3029763221740722,0.08739853216179647,0.11420783996582032,0.00859767630648978,,0.7,3,100,9,False,,"{'model__max_depth': None, 'model__max_features': 0.7, 'model__min_samples_leaf': 3, 'model__n_estimators': 100, 'select__k': 9, 'select__prune': False}",1.0,1.0,1.0,1.0,1.0,1.0,0.0,1,1.0,1.0,1.0,1.0,1.0,1.0,0.0,1.0,1.0,1.0,1.0,1.0,1.0,0.0,1,1.0,1.0,1.0,1.0,1.0,1.0,0.0,1.0,1.0,1.0,1.0,1.0,1.0,0.0,1,1.0,1.0,1.0,1.0,1.0,1.0,0.0,1.0,1.0,1.0,0.9999999999999999,1.0,1.0,4.965068306494546e-17,1,1.0,1.0,1.0,1.0,1.0,1.0,0.0
1.2826210498809814,0.06337440856960479,0.09762682914733886,0.012125789512749967,,0.7,3,100,9,True,,"{'model__max_depth': None, 'model__max_features': 0.7, 'model__min_samples_leaf': 3, 'model__n_estimators': 100, 'select__k': 9, 'select__prune': True}",1.0,1.0,1.0,1.0,1.0,1.0,0.0,1,1.0,1.0,1.0,1.0,1.0,1.0,0.0,1.0,1.0,1.0,1.0,1.0,1.0,0.0,1,1.0,1.0,1.0,1.0,1.0,1.0,0.0,1.0,1.0,1.0,1.0,1.0,1.0,0.0,1,1.0,1.0,1.0,1.0,1.0,1.0,0.0,1.0,1.0,1.0,0.9999999999999999,1.0,1.0,4.965068306494546e-17,1,1.0,1.0,1.0,1.0,1.0,1.0,0.0
1.3051417827606202,0.08347461717583247,0.10704960823059081,0.01619609449362499,,0.7,3,100,10,False,,"{'model__max_depth': None, 'model__max_features': 0.7, 'model__min_samples_leaf': 3, 'model__n_estimators': 100, 'select__k': 10, 'select__prune': False}",1.0,1.0,1.0,1.0,1.0,1.0,0.0,1,1.0,1.0,1.0,1.0,1.0,1.0,0.0,1.0,1.0,1.0,1.0,1.0,1.0,0.0,1,1.0,1.0,1.0,1.0,1.0,1.0,0.0,1.0,1.0,1.0,1.0,1.0,1.0,0.0,1,1.0,1.0,1.0,1.0,1.0,1.0,0.0,1.0,1.0,1.0,1.0,1.0,1.0,0.0,1,1.0,1.0,1.0,1.0,1.0,1.0,0.0
1.290623378753662,0.1291224973339662,0.09740371704101562,0.012257655404548224,,0.7,3,100,10,True,,"{'model__max_depth': None, 'model__max_features': 0.7, 'model__min_samples_leaf': 3, 'model__n_estimators': 100, 'select__k': 10, 'select__prune': True}",1.0,1.0,1.0,1.0,1.0,1.0,0.0,1,1.0,1.0,1.0,1.0,1.0,1.0,0.0,1.0,1.0,1.0,1.0,1.0,1.0,0.0,1,1.0,1.0,1.0,1.0,1.0,1.0,0.0,1.0,1.0,1.0,1.0,1.0,1.0,0.0,1,1.0,1.0,1.0,1.0,1.0,1.0,0.0,1.0,1.0,1.0,1.0,1.0,1.0,0.0,1,1.0,1.0,1.0,1.0,1.0,1.0,0.0
1.6153733730316162,0.1739141063798909,0.15235509872436523,0.0847746126263574,,0.7,3,100,21,False,,"{'model__max_depth': None, 'model__max_features': 0.7, 'model__min_samples_leaf': 3, 'model__n_estimators': 100, 'select__k': 21, 'select__prune': False}",1.0,1.0,1.0,1.0,1.0,1.0,0.0,1,1.0,1.0,1.0,1.0,1.0,1.0,0.0,1.0,1.0,1.0,1.0,1.0,1.0,0.0,1,1.0,1.0,1.0,1.0,1.0,1.0,0.0,1.0,1.0,1.0,1.0,1.0,1.0,0.0,1,1.0,1.0,1.0,1.0,1.0,1.0,0.0,0.9999999999999999,1.0,1.0,1.0,1.0,1.0,4.965068306494546e-17,1,1.0,1.0,1.0,1.0,1.0,1.0,0.0
1.5326372146606446,0.17225519206536286,0.2214047431945801,0.13407703073999727,,0.7,3,100,21,True,,"{'model__max_depth': None, 'model__max_features': 0.7, 'model__min_samples_leaf': 3, 'model__n_estimators': 100, 'select__k': 21, 'select__prune': True}",1.0,1.0,1.0,1.0,1.0,1.0,0.0,1,1.0,1.0,1.0,1.0,1.0,1.0,0.0,1.0,1.0,1.0,1.0,1.0,1.0,0.0,1,1.0,1.0,1.0,1.0,1.0,1.0,0.0,1.0,1.0,1.0,1.0,1.0,1.0,0.0,1,1.0,1.0,1.0,1.0,1.0,1.0,0.0,1.0,1.0,1.0,1.0,1.0,1.0,0.0,1,1.0,1.0,1.0,1.0,1.0,1.0,0.0
1.9392999172210694,0.10885771325708118,0.21183199882507325,0.024951392179111465,,0.7,3,250,6,False,,"{'model__max_depth': None, 'model__max_features': 0.7, 'model__min_samples_leaf': 3, 'model__n_estimators': 250, 'select__k': 6, 'select__prune': False}",0.9975980784627703,1.0,0.9992019154030327,0.9992019154030327,0.9975980784627703,0.9987199975463212,0.0009612804775641835,133,0.9990017967658216,0.9984012789768185,0.9986013986013986,0.9986013986013986,0.9990017967658216,0.9987215339422519,0.00024021771112017916,0.9952076677316294,1.0,0.9984051036682615,0.9984051036682615,0.9952076677316294,0.9974451085599563,0.0019174427974193607,153,0.9980055843637814,0.9968076616121309,0.9972067039106145,0.9972067039106145,0.9980055843637814,0.9974464476321845,0.0004792221724257249,0.9976923076923077,1.0,0.9992307692307693,0.9992307692307693,0.9976905311778291,0.9987688754663351,0.0009234916234883537,133,0.9990382765916522,0.9984612425466436,0.9986535872283131,0.9986535872283131,0.9990384615384615,0.9987690310266768,0.0002308567800788867,0.9999715588589414,1.0,0.9999928905066936,0.9999869659289382,0.9999608353232153,0.9999824501235578,1.4305324184942677e-05,159,0.9999862939490082,0.9999786624244406,0.9999797737565009,0.9999823668646418,0.9999874099272872,0.9999829013843758,3.4604335789294293e-06
1.9960341930389405,0.12413991729653238,0.19168481826782227,0.01806578388901082,,0.7,3,250,6,True,,"{'model__max_depth': None, 'model__max_features': 0.7, 'model__min_samples_leaf': 3, 'model__n_estimators': 250, 'select__k': 6, 'select__prune': True}",0.9975980784627703,1.0,0.9992019154030327,0.9992019154030327,0.9975980784627703,0.9987199975463212,0.0009612804775641835,133,0.9990017967658216,0.9984012789768185,0.9986013986013986,0.9986013986013986,0.9990017967658216,0.9987215339422519,0.00024021771112017916,0.9952076677316294,1.0,0.9984051036682615,0.9984051036682615,0.9952076677316294,0.9974451085599563,0.0019174427974193607,153,0.9980055843637814,0.9968076616121309,0.9972067039106145,0.9972067039106145,0.9980055843637814,0.9974464476321845,0.0004792221724257249,0.9976923076923077,1.0,0.9992307692307693,0.9992307692307693,0.9976905311778291,0.9987688754663351,0.0009234916234883537,133,0.9990382765916522,0.9984612425466436,0.9986535872283131,0.9986535872283131,0.9990384615384615,0.9987690310266768,0.0002308567800788867,0.9999715588589414,1.0,0.9999928905066936,0.9999869659289382,0.9999608353232153,0.9999824501235578,1.4305324184942677e-05,159,0.9999862939490082,0.9999786624244406,0.9999797737565009,0.9999823668646418,0.9999874099272872,0.9999829013843758,3.4604335789294293e-06
1.905613946914673,0.09515878710710803,0.1598461627960205,0.019926998635558024,,0.7,3,250,7,False,,"{'model__max_depth': None, 'model__max_features': 0.7, 'model__min_samples_leaf': 3, 'model__n_estimators': 250, 'select__k': 7, 'select__prune': False}",1.0,1.0,1.0,1.0,1.0,1.0,0.0,1,1.0,1.0,1.0,1.0,1.0,1.0,0.0,1.0,1.0,1.0,1.0,1.0,1.0,0.0,1,1.0,1.0,1.0,1.0,1.0,1.0,0.0,1.0,1.0,1.0,1.0,1.0,1.0,0.0,1,1.0,1.0,1.0,1.0,1.0,1.0,0.0,1.0,1.0,1.0,1.0,1.0,1.0,0.0,1,1.0,1.0,1.0,1.0,1.0,1.0,0.0
1.9238772869110108,0.10047718638540863,0.29740591049194337,0.10805352879117007,,0.7,3,250,7,True,,"{'model__max_depth': None, 'model__max_features': 0.7, 'model__min_samples_leaf': 3, 'model__n_estimators': 250, 'select__k': 7, 'select__prune': True}",1.0,1.0,1.0,1.0,1.0,1.0,0.0,1,1.0,1.0,1.0,1.0,1.0,1.0,0.0,1.0,1.0,1.0,1.0,1.0,1.0,0.0,1,1.0,1.0,1.0,1.0,1.0,1.0,0.0,1.0,1.0,1.0,1.0,1.0,1.0,0.0,1,1.0,1.0,1.0,1.0,1.0,1.0,0.0,1.0,1.0,1.0,1.0,1.0,1.0,0.0,1,1.0,1.0,1.0,1.0,1.0,1.0,0.0
2.0202362060546877,0.08203305249896635,0.18471641540527345,0.029927124922968052,,0.7,3,250,8,False,,"{'model__max_depth': None, 'model__max_features': 0.7, 'model__min_samples_leaf': 3, 'model__n_estimators': 250, 'select__k': 8, 'select__prune': False}",1.0,1.0,1.0,1.0,1.0,1.0,0.0,1,1.0,1.0,1.0,1.0,1.0,1.0,0.0,1.0,1.0,1.0,1.0,1.0,1.0,0.0,1,1.0,1.0,1.0,1.0,1.0,1.0,0.0,1.0,1.0,1.0,1.0,1.0,1.0,0.0,1,1.0,1.0,1.0,1.0,1.0,1.0,0.0,1.0,1.0,0.9999999999999999,1.0,1.0,1.0,4.965068306494546e-17,1,1.0,1.0,1.0,1.0,1.0,1.0,0.0
1.9455170154571533,0.11489330375835852,0.15611000061035157,0.02095546737602567,,0.7,3,250,8,True,,"{'model__max_depth': None, 'model__max_features': 0.7, 'model__min_samples_leaf': 3, 'model__n_estimators': 250, 'select__k': 8, 'select__prune': True}",1.0,1.0,1.0,1.0,1.0,1.0,0.0,1,1.0,1.0,1.0,1.0,1.0,1.0,0.0,1.0,1.0,1.0,1.0,1.0,1.0,0.0,1,1.0,1.0,1.0,1.0,1.0,1.0,0.0,1.0,1.0,1.0,1.0,1.0,1.0,0.0,1,1.0,1.0,1.0,1.0,1.0,1.0,0.0,1.0,1.0,0.9999999999999999,1.0,1.0,1.0,4.965068306494546e-17,1,1.0,1.0,1.0,1.0,1.0,1.0,0.0
2.210213804244995,0.09197943072952806,0.1576847553253174,0.03142562864936657,,0.7,3,250,9,False,,"{'model__max_depth': None, 'model__max_features': 0.7, 'model__min_samples_leaf': 3, 'model__n_estimators': 250, 'select__k': 9, 'select__prune': False}",1.0,1.0,1.0,1.0,1.0,1.0,0.0,1,1.0,1.0,1.0,1.0,1.0,1.0,0.0,1.0,1.0,1.0,1.0,1.0,1.0,0.0,1,1.0,1.0,1.0,1.0,1.0,1.0,0.0,1.0,1.0,1.0,1.0,1.0,1.0,0.0,1,1.0,1.0,1.0,1.0,1.0,1.0,0.0,1.0,1.0,1.0,1.0,1.0,1.0,0.0,1,1.0,1.0,1.0,1.0,1.0,1.0,0.0
2.06845760345459,0.11040756103033576,0.22122960090637206,0.06874412713475973,,0.7,3,250,9,True,,"{'model__max_depth': None, 'model__max_features': 0.7, 'model__min_samples_leaf': 3, 'model__n_estimators': 250, 'select__k': 9, 'select__prune': True}",1.0,1.0,1.0,1.0,1.0,1.0,0.0,1,1.0,1.0,1.0,1.0,1.0,1.0,0.0,1.0,1.0,1.0,1.0,1.0,1.0,0.0,1,1.0,1.0,1.0,1.0,1.0,1.0,0.0,1.0,1.0,1.0,1.0,1.0,1.0,0.0,1,1.0,1.0,1.0,1.0,1.0,1.0,0.0,1.0,1.0,1.0,1.0,1.0,1.0,0.0,1,1.0,1.0,1.0,1.0,1.0,1.0,0.0
2.117104244232178,0.09103278909054574,0.23769330978393555,0.055320669917330006,,0.7,3,250,10,False,,"{'model__max_depth': None, 'model__max_features': 0.7, 'model__min_samples_leaf': 3, 'model__n_estimators': 250, 'select__k': 10, 'select__prune': False}",1.0,1.0,1.0,1.0,1.0,1.0,0.0,1,1.0,1.0,1.0,1.0,1.0,1.0,0.0,1.0,1.0,1.0,1.0,1.0,1.0,0.0,1,1.0,1.0,1.0,1.0,1.0,1.0,0.0,1.0,1.0,1.0,1.0,1.0,1.0,0.0,1,1.0,1.0,1.0,1.0,1.0,1.0,0.0,1.0,1.0,1.0,1.0,1.0,1.0,0.0,1,1.0,1.0,1.0,1.0,1.0,1.0,0.0
2.0086602687835695,0.10179368644267138,0.21118297576904296,0.09940096412010686,,0.7,3,250,10,True,,"{'model__max_depth': None, 'model__max_features': 0.7, 'model__min_samples_leaf': 3, 'model__n_estimators': 250, 'select__k': 10, 'select__prune': True}",1.0,1.0,1.0,1.0,1.0,1.0,0.0,1,1.0,1.0,1.0,1.0,1.0,1.0,0.0,1.0,1.0,1.0,1.0,1.0,1.0,0.0,1,1.0,1.0,1.0,1.0,1.0,1.0,0.0,1.0,1.0,1.0,1.0,1.0,1.0,0.0,1,1.0,1.0,1.0,1.0,1.0,1.0,0.0,1.0,1.0,1.0,1.0,1.0,1.0,0.0,1,1.0,1.0,1.0,1.0,1.0,1.0,0.0
2.64746732711792,0.13330010123971034,0.192527437210083,0.12518469331931464,,0.7,3,250,21,False,,"{'model__max_depth': None, 'model__max_features': 0.7, 'model__min_samples_leaf': 3, 'model__n_estimators': 250, 'select__k': 21, 'select__prune': False}",1.0,1.0,1.0,1.0,1.0,1.0,0.0,1,1.0,1.0,1.0,1.0,1.0,1.0,0.0,1.0,1.0,1.0,1.0,1.0,1.0,0.0,1,1.0,1.0,1.0,1.0,1.0,1.0,0.0,1.0,1.0,1.0,1.0,1.0,1.0,0.0,1,1.0,1.0,1.0,1.0,1.0,1.0,0.0,1.0,1.0,1.0,1.0,1.0,1.0,0.0,1,1.0,1.0,1.0,1.0,1.0,1.0,0.0
2.9524964809417726,0.23581971516472505,0.25541152954101565,0.1713983410222356,,0.7,3,250,21,True,,"{'model__max_depth': None, 'model__max_features': 0.7, 'model__min_samples_leaf': 3, 'model__n_estimators': 250, 'select__k': 21, 'select__prune': True}",1.0,1.0,1.0,1.0,1.0,1.0,0.0,1,1.0,1.0,1.0,1.0,1.0,1.0,0.0,1.0,1.0,1.0,1.0,1.0,1.0,0.0,1,1.0,1.0,1.0,1.0,1.0,1.0,0.0,1.0,1.0,1.0,1.0,1.0,1.0,0.0,1,1.0,1.0,1.0,1.0,1.0,1.0,0.0,1.0,1.0,1.0,1.0,1.0,1.0,0.0,1,1.0,1.0,1.0,1.0,1.0,1.0,0.0
0.5325758934020997,0.0784349443788579,0.1737485408782959,0.07729396164310309,6,sqrt,1,100,7,False,"('gill-color', 'stalk-surface-above-ring')","{'model__max_depth': 6, 'model__max_features': 'sqrt', 'model__min_samples_leaf': 1, 'model__n_estimators': 100, 'select__drop': ('gill-color', 'stalk-surface-above-ring'), 'select__k': 7, 'select__prune': False}",0.9895076674737692,0.9903381642512077,0.9895245769540693,0.9943865276663993,1.0,0.9927513872690892,0.004049042822577726,213,0.9913498290082479,0.9911433172302737,0.9913463473535923,0.9901269393511989,1.0,0.9927932865886625,0.003631686319162094,0.9792332268370607,0.9808612440191388,0.9792663476874003,0.988835725677831,1.0,0.9856393088442861,0.008011603523731698,229,0.9828480255285201,0.9824421388667198,0.9828411811652035,0.9804469273743017,1.0,0.985715654586949,0.007197274614189676,0.99,0.9907692307692307,0.99,0.9946153846153846,1.0,0.9930769230769231,0.0038615078147726596,209,0.9917291786882093,0.9915368340065397,0.9917291786882093,0.9905751105981919,1.0,0.99311406039623,0.003469463015467433,1.0,1.0,1.0,1.0,1.0,1.0,0.0,1,1.0,1.0,1.0,0.9999999999999999,1.0,1.0,4.965068306494546e-17
0.8891697406768799,0.11285385403699648,0.20847058296203613,0.1095793713674222,6,sqrt,1,100,7,False,"('gill-color', 'stalk-surface-above-ring', 'odor')","{'model__max_depth': 6, 'model__max_features': 'sqrt', 'model__min_samples_leaf': 1, 'model__n_estimators': 100, 'select__drop': ('gill-color', 'stalk-surface-above-ring', 'odor'), 'select__k': 7, 'select__prune': False}",0.9758378799688231,0.9819890368050117,0.9827586206896551,0.9766355140186916,0.9819607843137255,0.9798363671591815,0.0029637834328914486,273,0.980829420970266,0.9792887846815163,0.9790974799765579,0.9806300136959499,0.979296875,0.979828514864858,0.000741966984806346,1.0,1.0,1.0,1.0,1.0,1.0,0.0,1,1.0,1.0,1.0,1.0,1.0,1.0,0.0,0.9761538461538461,0.9823076923076923,0.9830769230769231,0.9769230769230769,0.9822940723633564,0.980151122164979,0.0029732753960050903,273,0.981150221196384,0.9796114637430275,0.9794191190613579,0.9809578765147143,0.9796153846153847,0.9801508130261738,0.0007433875780071333,0.9929951839667808,0.9956963867185186,0.9950529775742882,0.9947899263219511,0.9959731591415102,0.9949015267446099,0.0010440050926061152,283,0.9953691328470475,0.9947114670798254,0.9949802612608315,0.994924620569008,0.9947143171788876,0.9949399597871199,0.0002404880536325736
0.8310381889343261,0.1442739558452744,0.19134187698364258,0.08907386750343803,6,sqrt,1,100,7,False,"('gill-color', 'stalk-surface-above-ring', 'spore-print-color')","{'model__max_depth': 6, 'model__max_features': 'sqrt', 'model__min_samples_leaf': 1, 'model__n_estimators': 100, 'select__drop': ('gill-color', 'stalk-surface-above-ring', 'spore-print-color'), 'select__k': 7, 'select__prune': False}",0.9870550161812298,0.9903381642512077,0.9887096774193549,0.9935794542536116,0.9886914378029079,0.9896747499816623,0.002211248833620915,251,0.9903342730567861,0.989516129032258,0.9899234179766223,0.9887005649717514,0.9899274778404512,0.9896803725755738,0.0005540246926373882,0.9744408945686901,0.9808612440191388,0.9776714513556619,0.9872408293460925,0.9776357827476039,0.9795700404074374,0.0043396391514859585,267,0.9808536098923015,0.9792498004788508,0.9800478850758181,0.9776536312849162,0.9800558436378142,0.97957215407394,0.0010850848931794985,0.9876923076923076,0.9907692307692307,0.9892307692307692,0.9938461538461538,0.9892224788298691,0.9901521880736661,0.002087606680823742,251,0.9907674552798615,0.9899980765531833,0.9903827659165224,0.9892286978265051,0.9903846153846154,0.9901523221921377,0.0005219821527445312,0.9906013879276837,0.9912837612063388,0.9912505835709089,0.994704612402274,0.99242816248831,0.9920537015191032,0.0014501428081210687,287,0.9922561552763702,0.9920816849809251,0.992630016219521,0.9912788587005001,0.9918027517751631,0.9920098933904958,0.00045335871862106305
0.805918550491333,0.1853040386080165,0.2147153377532959,0.08294817805157426,6,sqrt,1,100,7,False,"('gill-color', 'stalk-surface-above-ring', 'ring-type')","{'model__max_depth': 6, 'model__max_features': 'sqrt', 'model__min_samples_leaf': 1, 'model__n_estimators': 100, 'select__drop': ('gill-color', 'stalk-surface-above-ring', 'ring-type'), 'select__k': 7, 'select__prune': False}",0.9870550161812298,0.9903381642512077,0.9887096774193549,0.9935794542536116,0.9886914378029079,0.9896747499816623,0.002211248833620915,251,0.9903342730567861,0.989516129032258,0.9899234179766223,0.9887005649717514,0.9899274778404512,0.9896803725755738,0.0005540246926373882,0.9744408945686901,0.9808612440191388,0.9776714513556619,0.9872408293460925,0.9776357827476039,0.9795700404074374,0.0043396391514859585,267,0.9808536098923015,0.9792498004788508,0.9800478850758181,0.9776536312849162,0.9800558436378142,0.97957215407394,0.0010850848931794985,0.9876923076923076,0.9907692307692307,0.9892307692307692,0.9938461538461538,0.9892224788298691,0.9901521880736661,0.002087606680823742,251,0.9907674552798615,0.9899980765531833,0.9903827659165224,0.9892286978265051,0.9903846153846154,0.9901523221921377,0.0005219821527445312,0.9996433006892236,0.9999431240535488,0.9996871822945178,0.999982226266734,0.9998813191612588,0.9998274304930567,0.00013698471586372663,243,0.9998366386895298,0.9999004246473892,0.9997134245060277,0.9998833101336592,0.9999155724535728,0.9998498740860358,7.318916263475327e-05
0.8703917503356934,0.13693232524738205,0.16640625,0.06314658566527548,6,sqrt,1,100,7,False,"('gill-color', 'stalk-surface-above-ring', 'stalk-surface-below-ring')","{'model__max_depth': 6, 'model__max_features': 'sqrt', 'model__min_samples_leaf': 1, 'model__n_estimators': 100, 'select__drop': ('gill-color', 'stalk-surface-above-ring', 'stalk-surface-below-ring'), 'select__k': 7, 'select__prune': False}",0.9936507936507937,0.9960285941223193,0.9928741092636579,0.9976133651551312,0.9944400317712471,0.9949213787926299,0.001703532238855395,190,0.9952362048431918,0.9946417940067473,0.9954319761668322,0.9942471731799246,0.9950386981543957,0.9949191692702183,0.00042574297505741,1.0,1.0,1.0,1.0,1.0,1.0,0.0,1,1.0,1.0,1.0,1.0,1.0,1.0,0.0,0.9938461538461538,0.9961538461538462,0.9930769230769231,0.9976923076923077,0.9946112394149346,0.9950760940368332,0.0016572055235192674,190,0.9953837276399308,0.9948066935949221,0.9955760723216003,0.994422004231583,0.9951923076923077,0.9950761610960688,0.00041437480175840583,0.9999715588589414,0.9999526033779573,0.9999040218403634,0.9999893357600403,0.9999418463890168,0.9999518732452639,2.8919859232484942e-05,193,0.9999519917781475,0.9999559912504087,0.9999642151076554,0.9999419884664477,0.99995741593053,0.9999543205066379,7.318174017485603e-06
0.8611692428588867,0.13213740835494578,0.19854402542114258,0.0727556393636329,6,sqrt,1,100,7,False,"('gill-color', 'stalk-surface-above-ring', 'gill-size')","{'model__max_depth': 6, 'model__max_features': 'sqrt', 'model__min_samples_leaf': 1, 'model__n_estimators': 100, 'select__drop': ('gill-color', 'stalk-surface-above-ring', 'gill-size'), 'select__k': 7, 'select__prune': False}",0.9870550161812298,0.9903381642512077,0.9887096774193549,0.9935794542536116,0.9886914378029079,0.9896747499816623,0.002211248833620915,251,0.9903342730567861,0.989516129032258,0.9899234179766223,0.9887005649717514,0.9899274778404512,0.9896803725755738,0.0005540246926373882,0.9744408945686901,0.9808612440191388,0.9776714513556619,0.9872408293460925,0.9776357827476039,0.9795700404074374,0.0043396391514859585,267,0.9808536098923015,0.9792498004788508,0.9800478850758181,0.9776536312849162,0.9800558436378142,0.97957215407394,0.0010850848931794985,0.9876923076923076,0.9907692307692307,0.9892307692307692,0.9938461538461538,0.9892224788298691,0.9901521880736661,0.002087606680823742,251,0.9907674552798615,0.9899980765531833,0.9903827659165224,0.9892286978265051,0.9903846153846154,0.9901523221921377,0.0005219821527445312,0.9988374683592306,1.0,0.9996457102502305,0.9996184571925558,0.9988428618222732,0.9993888995248579,0.0004678302609394277,245,0.999499914355703,0.999251406724122,0.9993693561001312,0.9993387574240686,0.9995289831620369,0.9993976835532123,0.00010330766503796573
1.700491714477539,0.14475719843766635,0.3039528846740723,0.05875086590428488,6,sqrt,1,250,7,False,"('gill-color', 'stalk-surface-above-ring')","{'model__max_depth': 6, 'model__max_features': 'sqrt', 'model__min_samples_leaf': 1, 'model__n_estimators': 250, 'select__drop': ('gill-color', 'stalk-surface-above-ring'), 'select__k': 7, 'select__prune': False}",0.9895076674737692,0.9903381642512077,0.9895245769540693,1.0,1.0,0.9938740817358092,0.00501079289077345,207,0.9913498290082479,0.9911433172302737,0.9913463473535923,1.0,1.0,0.9947678987184227,0.004272647256476611,0.9792332268370607,0.9808612440191388,0.9792663476874003,1.0,1.0,0.98787216370872,0.009919809683408767,223,0.9828480255285201,0.9824421388667198,0.9828411811652035,1.0,1.0,0.9896262691120887,0.008471390877266725,0.99,0.9907692307692307,0.99,1.0,1.0,0.9941538461538462,0.004781621620898486,207,0.9917291786882093,0.9915368340065397,0.9917291786882093,1.0,1.0,0.9949990382765916,0.004083872137592671,0.9999999999999999,1.0,1.0,1.0,1.0,1.0,4.965068306494546e-17,1,1.0,1.0,1.0,1.0,1.0,1.0,0.0
1.4840239048004151,0.15396065715693016,0.33741211891174316,0.11964246925817738,6,sqrt,1,250,7,False,"('gill-color', 'stalk-surface-above-ring', 'odor')","{'model__max_depth': 6, 'model__max_features': 'sqrt', 'model__min_samples_leaf': 1, 'model__n_estimators': 250, 'select__drop': ('gill-color', 'stalk-surface-above-ring', 'odor'), 'select__k': 7, 'select__prune': False}",0.9758378799688231,0.9819890368050117,0.9827586206896551,0.9766355140186916,0.9819607843137255,0.9798363671591815,0.0029637834328914486,273,0.980829420970266,0.9792887846815163,0.9790974799765579,0.9806300136959499,0.979296875,0.979828514864858,0.000741966984806346,1.0,1.0,1.0,1.0,1.0,1.0,0.0,1,1.0,1.0,1.0,1.0,1.0,1.0,0.0,0.9761538461538461,0.9823076923076923,0.9830769230769231,0.9769230769230769,0.9822940723633564,0.980151122164979,0.0029732753960050903,273,0.981150221196384,0.9796114637430275,0.9794191190613579,0.9809578765147143,0.9796153846153847,0.9801508130261738,0.0007433875780071333,0.9938839696248614,0.9966395794971691,0.9957046811273761,0.9960530462993902,0.9965048492990709,0.9957572251695735,0.0009936647675594244,269,0.996178160289377,0.9956125351143886,0.9958432476501254,0.9957544151740984,0.9956178400441631,0.9958012396544305,0.00020749515135916113
1.612973928451538,0.2680391753311446,0.3530585289001465,0.12831720615325481,6,sqrt,1,250,7,False,"('gill-color', 'stalk-surface-above-ring', 'spore-print-color')","{'model__max_depth': 6, 'model__max_features': 'sqrt', 'model__min_samples_leaf': 1, 'model__n_estimators': 250, 'select__drop': ('gill-color', 'stalk-surface-above-ring', 'spore-print-color'), 'select__k': 7, 'select__prune': False}",0.9870550161812298,0.9903381642512077,0.9887096774193549,0.9935794542536116,0.9886914378029079,0.9896747499816623,0.002211248833620915,251,0.9903342730567861,0.989516129032258,0.9899234179766223,0.9887005649717514,0.9899274778404512,0.9896803725755738,0.0005540246926373882,0.9744408945686901,0.9808612440191388,0.9776714513556619,0.9872408293460925,0.9776357827476039,0.9795700404074374,0.0043396391514859585,267,0.9808536098923015,0.9792498004788508,0.9800478850758181,0.9776536312849162,0.9800558436378142,0.97957215407394,0.0010850848931794985,0.9876923076923076,0.9907692307692307,0.9892307692307692,0.9938461538461538,0.9892224788298691,0.9901521880736661,0.002087606680823742,251,0.9907674552798615,0.9899980765531833,0.9903827659165224,0.9892286978265051,0.9903846153846154,0.9901523221921377,0.0005219821527445312,0.991155990178326,0.9916818928314978,0.9912505835709088,0.994704612402274,0.992793699471633,0.9923173556909279,0.001327891837380578,285,0.9926511858919839,0.9925119927547076,0.992630016219521,0.9912788587005003,0.9922426637276005,0.9922629434588626,0.0005130953574912356
1.453546142578125,0.17285937461597606,0.41663198471069335,0.1546263182613596,6,sqrt,1,250,7,False,"('gill-color', 'stalk-surface-above-ring', 'ring-type')","{'model__max_depth': 6, 'model__max_features': 'sqrt', 'model__min_samples_leaf': 1, 'model__n_estimators': 250, 'select__drop': ('gill-color', 'stalk-surface-above-ring', 'ring-type'), 'select__k': 7, 'select__prune': False}",0.9870550161812298,0.9903381642512077,0.9887096774193549,0.9935794542536116,0.9886914378029079,0.9896747499816623,0.002211248833620915,251,0.9903342730567861,0.989516129032258,0.9899234179766223,0.9887005649717514,0.9899274778404512,0.9896803725755738,0.0005540246926373882,0.9744408945686901,0.9808612440191388,0.9776714513556619,0.9872408293460925,0.9776357827476039,0.9795700404074374,0.0043396391514859585,267,0.9808536098923015,0.9792498004788508,0.9800478850758181,0.9776536312849162,0.9800558436378142,0.97957215407394,0.0010850848931794985,0.9876923076923076,0.9907692307692307,0.9892307692307692,0.9938461538461538,0.9892224788298691,0.9901521880736661,0.002087606680823742,251,0.9907674552798615,0.9899980765531833,0.9903827659165224,0.9892286978265051,0.9903846153846154,0.9901523221921377,0.0005219821527445312,0.9998281681061044,0.9999431240535486,0.9998720291204846,0.9999988150844489,0.9999857582993511,0.9999255789327876,6.580178247653496e-05,229,0.9999258391511198,0.9999004246473892,0.9999173168947071,0.9999922206755772,0.9999955564449249,0.9999462715627436,3.974447502536816e-05
1.5127974033355713,0.1642187724001296,0.3562800884246826,0.14585823102977064,6,sqrt,1,250,7,False,"('gill-color', 'stalk-surface-above-ring', 'stalk-surface-below-ring')","{'model__max_depth': 6, 'model__max_features': 'sqrt', 'model__min_samples_leaf': 1, 'model__n_estimators': 250, 'select__drop': ('gill-color', 'stalk-surface-above-ring', 'stalk-surface-below-ring'), 'select__k': 7, 'select__prune': False}",0.9936507936507937,0.9960285941223193,0.9928741092636579,0.9976133651551312,0.9944400317712471,0.9949213787926299,0.001703532238855395,190,0.9952362048431918,0.9946417940067473,0.9954319761668322,0.9942471731799246,0.9950386981543957,0.9949191692702183,0.00042574297505741,1.0,1.0,1.0,1.0,1.0,1.0,0.0,1,1.0,1.0,1.0,1.0,1.0,1.0,0.0,0.9938461538461538,0.9961538461538462,0.9930769230769231,0.9976923076923077,0.9946112394149346,0.9950760940368332,0.0016572055235192674,190,0.9953837276399308,0.9948066935949221,0.9955760723216003,0.994422004231583,0.9951923076923077,0.9950761610960688,0.00041437480175840583,0.9999715588589415,0.9999526033779572,0.9999040218403635,0.9999893357600405,0.9999418463890168,0.9999518732452639,2.891985923249152e-05,193,0.9999519917781474,0.9999559912504085,0.9999642151076554,0.9999419884664477,0.99995741593053,0.9999543205066377,7.318174017482529e-06
1.4426580905914306,0.08821618822944073,0.35749034881591796,0.10188345608187933,6,sqrt,1,250,7,False,"('gill-color', 'stalk-surface-above-ring', 'gill-size')","{'model__max_depth': 6, 'model__max_features': 'sqrt', 'model__min_samples_leaf': 1, 'model__n_estimators': 250, 'select__drop': ('gill-color', 'stalk-surface-above-ring', 'gill-size'), 'select__k': 7, 'select__prune': False}",0.9975980784627703,1.0,0.9992019154030327,0.9992019154030327,0.9975980784627703,0.9987199975463212,0.0009612804775641835,133,0.9990017967658216,0.9984012789768185,0.9986013986013986,0.9986013986013986,0.9990017967658216,0.9987215339422519,0.00024021771112017916,0.9952076677316294,1.0,0.9984051036682615,0.9984051036682615,0.9952076677316294,0.9974451085599563,0.0019174427974193607,153,0.9980055843637814,0.9968076616121309,0.9972067039106145,0.9972067039106145,0.9980055843637814,0.9974464476321845,0.0004792221724257249,0.9976923076923077,1.0,0.9992307692307693,0.9992307692307693,0.9976905311778291,0.9987688754663351,0.0009234916234883537,133,0.9990382765916522,0.9984612425466436,0.9986535872283131,0.9986535872283131,0.9990384615384615,0.9987690310266768,0.0002308567800788867,0.9988374683592305,1.0,0.9996243817703112,0.9995758002327174,0.9987930158700018,0.9993661332464523,0.00047336871392787726,247,0.9994999143557028,0.9992099169938675,0.999337201559184,0.9992744483421742,0.9995045436091236,0.9993652049720104,0.00011890936631923391
0.8391517639160156,0.15844768990799,0.16803483963012694,0.060794891508981444,6,sqrt,3,100,7,False,"('gill-color', 'stalk-surface-above-ring')","{'model__max_depth': 6, 'model__max_features': 'sqrt', 'model__min_samples_leaf': 3, 'model__n_estimators': 100, 'select__drop': ('gill-color', 'stalk-surface-above-ring'), 'select__k': 7, 'select__prune': False}",0.9895076674737692,0.9903381642512077,0.9895245769540693,0.9943865276663993,1.0,0.9927513872690892,0.004049042822577726,213,0.9913498290082479,0.9911433172302737,0.9913463473535923,0.9901269393511989,1.0,0.9927932865886625,0.003631686319162094,0.9792332268370607,0.9808612440191388,0.9792663476874003,0.988835725677831,1.0,0.9856393088442861,0.008011603523731698,229,0.9828480255285201,0.9824421388667198,0.9828411811652035,0.9804469273743017,1.0,0.985715654586949,0.007197274614189676,0.99,0.9907692307692307,0.99,0.9946153846153846,1.0,0.9930769230769231,0.0038615078147726596,209,0.9917291786882093,0.9915368340065397,0.9917291786882093,0.9905751105981919,1.0,0.99311406039623,0.003469463015467433,1.0,1.0,1.0,1.0,1.0,1.0,0.0,1,1.0,1.0,1.0,0.9999999999999999,1.0,1.0,4.965068306494546e-17
0.9015105247497559,0.09245715040351021,0.19441957473754884,0.07162379587553569,6,sqrt,3,100,7,False,"('gill-color', 'stalk-surface-above-ring', 'odor')","{'model__max_depth': 6, 'model__max_features': 'sqrt', 'model__min_samples_leaf': 3, 'model__n_estimators': 100, 'select__drop': ('gill-color', 'stalk-surface-above-ring', 'odor'), 'select__k': 7, 'select__prune': False}",0.9758378799688231,0.9819890368050117,0.9827586206896551,0.9766355140186916,0.9819607843137255,0.9798363671591815,0.0029637834328914486,273,0.980829420970266,0.9792887846815163,0.9790974799765579,0.9806300136959499,0.979296875,0.979828514864858,0.000741966984806346,1.0,1.0,1.0,1.0,1.0,1.0,0.0,1,1.0,1.0,1.0,1.0,1.0,1.0,0.0,0.9761538461538461,0.9823076923076923,0.9830769230769231,0.9769230769230769,0.9822940723633564,0.980151122164979,0.0029732753960050903,273,0.981150221196384,0.9796114637430275,0.9794191190613579,0.9809578765147143,0.9796153846153847,0.9801508130261738,0.0007433875780071333,0.9929951839667808,0.9956963867185186,0.9950529775742882,0.9947899263219511,0.9959731591415102,0.9949015267446099,0.0010440050926061152,283,0.9953691328470476,0.9947114670798254,0.9949802612608315,0.994924620569008,0.9947143171788876,0.9949399597871199,0.00024048805363261324
0.9697339534759521,0.05901815658433178,0.1301563262939453,0.008062609754099117,6,sqrt,3,100,7,False,"('gill-color', 'stalk-surface-above-ring', 'spore-print-color')","{'model__max_depth': 6, 'model__max_features': 'sqrt', 'model__min_samples_leaf': 3, 'model__n_estimators': 100, 'select__drop': ('gill-color', 'stalk-surface-above-ring', 'spore-print-color'), 'select__k': 7, 'select__prune': False}",0.9870550161812298,0.9903381642512077,0.9887096774193549,0.9935794542536116,0.9886914378029079,0.9896747499816623,0.002211248833620915,251,0.9903342730567861,0.989516129032258,0.9899234179766223,0.9887005649717514,0.9899274778404512,0.9896803725755738,0.0005540246926373882,0.9744408945686901,0.9808612440191388,0.9776714513556619,0.9872408293460925,0.9776357827476039,0.9795700404074374,0.0043396391514859585,267,0.9808536098923015,0.9792498004788508,0.9800478850758181,0.9776536312849162,0.9800558436378142,0.97957215407394,0.0010850848931794985,0.9876923076923076,0.9907692307692307,0.9892307692307692,0.9938461538461538,0.9892224788298691,0.9901521880736661,0.002087606680823742,251,0.9907674552798615,0.9899980765531833,0.9903827659165224,0.9892286978265051,0.9903846153846154,0.9901523221921377,0.0005219821527445312,0.9906013879276837,0.9912837612063388,0.9912505835709089,0.994704612402274,0.99242816248831,0.9920537015191032,0.0014501428081210687,287,0.9922561552763702,0.9920816849809251,0.992630016219521,0.9912788587005001,0.9918027517751631,0.9920098933904958,0.00045335871862106305
0.919070816040039,0.04763135333625147,0.15032825469970704,0.05081711149444595,6,sqrt,3,100,7,False,"('gill-color', 'stalk-surface-above-ring', 'ring-type')","{'model__max_depth': 6, 'model__max_features': 'sqrt', 'model__min_samples_leaf': 3, 'model__n_estimators': 100, 'select__drop': ('gill-color', 'stalk-surface-above-ring', 'ring-type'), 'select__k': 7, 'select__prune': False}",0.9870550161812298,0.9903381642512077,0.9887096774193549,0.9935794542536116,0.9886914378029079,0.9896747499816623,0.002211248833620915,251,0.9903342730567861,0.989516129032258,0.9899234179766223,0.9887005649717514,0.9899274778404512,0.9896803725755738,0.0005540246926373882,0.9744408945686901,0.9808612440191388,0.9776714513556619,0.9872408293460925,0.9776357827476039,0.9795700404074374,0.0043396391514859585,267,0.9808536098923015,0.9792498004788508,0.9800478850758181,0.9776536312849162,0.9800558436378142,0.97957215407394,0.0010850848931794985,0.9876923076923076,0.9907692307692307,0.9892307692307692,0.9938461538461538,0.9892224788298691,0.9901521880736661,0.002087606680823742,251,0.9907674552798615,0.9899980765531833,0.9903827659165224,0.9892286978265051,0.9903846153846154,0.9901523221921377,0.0005219821527445312,0.9996433006892236,0.9999431240535488,0.9996871822945178,0.999982226266734,0.9998813191612588,0.9998274304930567,0.00013698471586372663,243,0.9998366386895298,0.9999004246473892,0.9997134245060277,0.9998833101336592,0.9999155724535728,0.9998498740860358,7.318916263475327e-05
0.9381830215454101,0.0660962898632793,0.1760765552520752,0.07262046299389516,6,sqrt,3,100,7,False,"('gill-color', 'stalk-surface-above-ring', 'stalk-surface-below-ring')","{'model__max_depth': 6, 'model__max_features': 'sqrt', 'model__min_samples_leaf': 3, 'model__n_estimators': 100, 'select__drop': ('gill-color', 'stalk-surface-above-ring', 'stalk-surface-below-ring'), 'select__k': 7, 'select__prune': False}",0.9936507936507937,0.9960285941223193,0.9928741092636579,0.9976133651551312,0.9944400317712471,0.9949213787926299,0.001703532238855395,190,0.9952362048431918,0.9946417940067473,0.9954319761668322,0.9942471731799246,0.9950386981543957,0.9949191692702183,0.00042574297505741,1.0,1.0,1.0,1.0,1.0,1.0,0.0,1,1.0,1.0,1.0,1.0,1.0,1.0,0.0,0.9938461538461538,0.9961538461538462,0.9930769230769231,0.9976923076923077,0.9946112394149346,0.9950760940368332,0.0016572055235192674,190,0.9953837276399308,0.9948066935949221,0.9955760723216003,0.994422004231583,0.9951923076923077,0.9950761610960688,0.00041437480175840583,0.9999715588589414,0.9999526033779573,0.9999040218403634,0.9999893357600403,0.9999418463890168,0.9999518732452639,2.8919859232484942e-05,193,0.9999519917781475,0.9999559912504087,0.9999642151076555,0.9999419884664477,0.99995741593053,0.9999543205066379,7.3181740175156234e-06
0.9883880138397216,0.06224147833146117,0.1462794780731201,0.032542872258544776,6,sqrt,3,100,7,False,"('gill-color', 'stalk-surface-above-ring', 'gill-size')","{'model__max_depth': 6, 'model__max_features': 'sqrt', 'model__min_samples_leaf': 3, 'model__n_estimators': 100, 'select__drop': ('gill-color', 'stalk-surface-above-ring', 'gill-size'), 'select__k': 7, 'select__prune': False}",0.9870550161812298,0.9903381642512077,0.9887096774193549,0.9935794542536116,0.9886914378029079,0.9896747499816623,0.002211248833620915,251,0.9903342730567861,0.989516129032258,0.9899234179766223,0.9887005649717514,0.9899274778404512,0.9896803725755738,0.0005540246926373882,0.9744408945686901,0.9808612440191388,0.9776714513556619,0.9872408293460925,0.9776357827476039,0.9795700404074374,0.0043396391514859585,267,0.9808536098923015,0.9792498004788508,0.9800478850758181,0.9776536312849162,0.9800558436378142,0.97957215407394,0.0010850848931794985,0.9876923076923076,0.9907692307692307,0.9892307692307692,0.9938461538461538,0.9892224788298691,0.9901521880736661,0.002087606680823742,251,0.9907674552798615,0.9899980765531833,0.9903827659165224,0.9892286978265051,0.9903846153846154,0.9901523221921377,0.0005219821527445312,0.9988374683592306,1.0,0.9996457102502305,0.9996184571925558,0.9988428618222732,0.9993888995248579,0.0004678302609394277,245,0.999499914355703,0.999251406724122,0.9993693561001312,0.9993387574240686,0.9995289831620369,0.9993976835532123,0.00010330766503796573
1.5606098651885987,0.2055113001338677,0.2814029216766357,0.11284101299487116,6,sqrt,3,250,7,False,"('gill-color', 'stalk-surface-above-ring')","{'model__max_depth': 6, 'model__max_features': 'sqrt', 'model__min_samples_leaf': 3, 'model__n_estimators': 250, 'select__drop': ('gill-color', 'stalk-surface-above-ring'), 'select__k': 7, 'select__prune': False}",0.9895076674737692,0.9903381642512077,0.9895245769540693,1.0,0.9975980784627703,0.9933936974283633,0.004488377403913302,208,0.9913498290082479,0.9911433172302737,0.9913463473535923,1.0,0.9990017967658216,0.9945682580715871,0.004040527188551662,0.9792332268370607,0.9808612440191388,0.9792663476874003,1.0,0.9952076677316294,0.9869136972550459,0.008878570123879066,224,0.9828480255285201,0.9824421388667198,0.9828411811652035,1.0,0.9980055843637814,0.9892273859848449,0.008007813806322367,0.99,0.9907692307692307,0.99,1.0,0.9976905311778291,0.9936919523894121,0.004279799610847907,208,0.9917291786882093,0.9915368340065397,0.9917291786882093,1.0,0.9990384615384615,0.9948067305842839,0.003860374828121366,0.9999999999999999,1.0,1.0,1.0,1.0,1.0,4.965068306494546e-17,1,1.0,1.0,1.0,1.0,1.0,1.0,0.0
1.4420693397521973,0.1596229948961712,0.28478264808654785,0.12420885767443163,6,sqrt,3,250,7,False,"('gill-color', 'stalk-surface-above-ring', 'odor')","{'model__max_depth': 6, 'model__max_features': 'sqrt', 'model__min_samples_leaf': 3, 'model__n_estimators': 250, 'select__drop': ('gill-color', 'stalk-surface-above-ring', 'odor'), 'select__k': 7, 'select__prune': False}",0.9758378799688231,0.9819890368050117,0.9827586206896551,0.9766355140186916,0.9819607843137255,0.9798363671591815,0.0029637834328914486,273,0.980829420970266,0.9792887846815163,0.9790974799765579,0.9806300136959499,0.979296875,0.979828514864858,0.000741966984806346,1.0,1.0,1.0,1.0,1.0,1.0,0.0,1,1.0,1.0,1.0,1.0,1.0,1.0,0.0,0.9761538461538461,0.9823076923076923,0.9830769230769231,0.9769230769230769,0.9822940723633564,0.980151122164979,0.0029732753960050903,273,0.981150221196384,0.9796114637430275,0.9794191190613579,0.9809578765147143,0.9796153846153847,0.9801508130261738,0.0007433875780071333,0.9938839696248615,0.9966395794971691,0.9957046811273761,0.9960530462993902,0.996504849299071,0.9957572251695735,0.0009936647675593995,269,0.9961781602893769,0.9956125351143886,0.9958432476501254,0.9957544151740984,0.995617840044163,0.9958012396544305,0.00020749515135914042
1.4142821311950684,0.18558861730920134,0.2971953392028809,0.11787587144282148,6,sqrt,3,250,7,False,"('gill-color', 'stalk-surface-above-ring', 'spore-print-color')","{'model__max_depth': 6, 'model__max_features': 'sqrt', 'model__min_samples_leaf': 3, 'model__n_estimators': 250, 'select__drop': ('gill-color', 'stalk-surface-above-ring', 'spore-print-color'), 'select__k': 7, 'select__prune': False}",0.9870550161812298,0.9903381642512077,0.9887096774193549,0.9935794542536116,0.9886914378029079,0.9896747499816623,0.002211248833620915,251,0.9903342730567861,0.989516129032258,0.9899234179766223,0.9887005649717514,0.9899274778404512,0.9896803725755738,0.0005540246926373882,0.9744408945686901,0.9808612440191388,0.9776714513556619,0.9872408293460925,0.9776357827476039,0.9795700404074374,0.0043396391514859585,267,0.9808536098923015,0.9792498004788508,0.9800478850758181,0.9776536312849162,0.9800558436378142,0.97957215407394,0.0010850848931794985,0.9876923076923076,0.9907692307692307,0.9892307692307692,0.9938461538461538,0.9892224788298691,0.9901521880736661,0.002087606680823742,251,0.9907674552798615,0.9899980765531833,0.9903827659165224,0.9892286978265051,0.9903846153846154,0.9901523221921377,0.0005219821527445312,0.991155990178326,0.9916818928314978,0.9912505835709088,0.994704612402274,0.992793699471633,0.9923173556909279,0.001327891837380578,285,0.9926511858919839,0.9925119927547076,0.992630016219521,0.9912788587005003,0.9922426637276005,0.9922629434588626,0.0005130953574912356
1.4222187995910645,0.17279670940491418,0.3640876770019531,0.1480837353920978,6,sqrt,3,250,7,False,"('gill-color', 'stalk-surface-above-ring', 'ring-type')","{'model__max_depth': 6, 'model__max_features': 'sqrt', 'model__min_samples_leaf': 3, 'model__n_estimators': 250, 'select__drop': ('gill-color', 'stalk-surface-above-ring', 'ring-type'), 'select__k': 7, 'select__prune': False}",0.9870550161812298,0.9903381642512077,0.9887096774193549,0.9935794542536116,0.9886914378029079,0.9896747499816623,0.002211248833620915,251,0.9903342730567861,0.989516129032258,0.9899234179766223,0.9887005649717514,0.9899274778404512,0.9896803725755738,0.0005540246926373882,0.9744408945686901,0.9808612440191388,0.9776714513556619,0.9872408293460925,0.9776357827476039,0.9795700404074374,0.0043396391514859585,267,0.9808536098923015,0.9792498004788508,0.9800478850758181,0.9776536312849162,0.9800558436378142,0.97957215407394,0.0010850848931794985,0.9876923076923076,0.9907692307692307,0.9892307692307692,0.9938461538461538,0.9892224788298691,0.9901521880736661,0.002087606680823742,251,0.9907674552798615,0.9899980765531833,0.9903827659165224,0.9892286978265051,0.9903846153846154,0.9901523221921377,0.0005219821527445312,0.9998281681061044,0.9999431240535486,0.9998720291204846,0.9999988150844489,0.9999857582993511,0.9999255789327876,6.580178247653496e-05,229,0.9999258391511198,0.9999004246473892,0.9999173168947071,0.9999922206755772,0.9999955564449249,0.9999462715627436,3.974447502536816e-05
1.6230348110198975,0.12494782937298618,0.28518095016479494,0.06810402947769491,6,sqrt,3,250,7,False,"('gill-color', 'stalk-surface-above-ring', 'stalk-surface-below-ring')","{'model__max_depth': 6, 'model__max_features': 'sqrt', 'model__min_samples_leaf': 3, 'model__n_estimators': 250, 'select__drop': ('gill-color', 'stalk-surface-above-ring', 'stalk-surface-below-ring'), 'select__k': 7, 'select__prune': False}",0.9936507936507937,0.9960285941223193,0.9928741092636579,0.9976133651551312,0.9944400317712471,0.9949213787926299,0.001703532238855395,190,0.9952362048431918,0.9946417940067473,0.9954319761668322,0.9942471731799246,0.9950386981543957,0.9949191692702183,0.00042574297505741,1.0,1.0,1.0,1.0,1.0,1.0,0.0,1,1.0,1.0,1.0,1.0,1.0,1.0,0.0,0.9938461538461538,0.9961538461538462,0.9930769230769231,0.9976923076923077,0.9946112394149346,0.9950760940368332,0.0016572055235192674,190,0.9953837276399308,0.9948066935949221,0.9955760723216003,0.994422004231583,0.9951923076923077,0.9950761610960688,0.00041437480175840583,0.9999715588589415,0.9999526033779572,0.9999040218403635,0.9999893357600405,0.9999418463890168,0.9999518732452639,2.891985923249152e-05,193,0.9999519917781474,0.9999559912504085,0.9999642151076554,0.9999419884664477,0.99995741593053,0.9999543205066377,7.318174017482529e-06
1.692356777191162,0.1429174163203217,0.258859920501709,0.07690312838246162,6,sqrt,3,250,7,False,"('gill-color', 'stalk-surface-above-ring', 'gill-size')","{'model__max_depth': 6, 'model__max_features': 'sqrt', 'model__min_samples_leaf': 3, 'model__n_estimators': 250, 'select__drop': ('gill-color', 'stalk-surface-above-ring', 'gill-size'), 'select__k': 7, 'select__prune': False}",0.9975980784627703,1.0,0.9992019154030327,0.9992019154030327,0.9975980784627703,0.9987199975463212,0.0009612804775641835,133,0.9990017967658216,0.9984012789768185,0.9986013986013986,0.9986013986013986,0.9990017967658216,0.9987215339422519,0.00024021771112017916,0.9952076677316294,1.0,0.9984051036682615,0.9984051036682615,0.9952076677316294,0.9974451085599563,0.0019174427974193607,153,0.9980055843637814,0.9968076616121309,0.9972067039106145,0.9972067039106145,0.9980055843637814,0.9974464476321845,0.0004792221724257249,0.9976923076923077,1.0,0.9992307692307693,0.9992307692307693,0.9976905311778291,0.9987688754663351,0.0009234916234883537,133,0.9990382765916522,0.9984612425466436,0.9986535872283131,0.9986535872283131,0.9990384615384615,0.9987690310266768,0.0002308567800788867,0.9988374683592305,1.0,0.9996243817703112,0.9995758002327174,0.9987930158700018,0.9993661332464523,0.00047336871392787726,247,0.9994999143557028,0.9992099169938675,0.999337201559184,0.9992744483421742,0.9995045436091236,0.9993652049720104,0.00011890936631923391
0.9240689754486084,0.1050086797830153,0.14782257080078126,0.061790783276472354,6,0.7,1,100,7,False,"('gill-color', 'stalk-surface-above-ring')","{'model__max_depth': 6, 'model__max_features': 0.7, 'model__min_samples_leaf': 1, 'model__n_estimators': 100, 'select__drop': ('gill-color', 'stalk-surface-above-ring'), 'select__k': 7, 'select__prune': False}",1.0,1.0,1.0,1.0,1.0,1.0,0.0,1,1.0,1.0,1.0,1.0,1.0,1.0,0.0,1.0,1.0,1.0,1.0,1.0,1.0,0.0,1,1.0,1.0,1.0,1.0,1.0,1.0,0.0,1.0,1.0,1.0,1.0,1.0,1.0,0.0,1,1.0,1.0,1.0,1.0,1.0,1.0,0.0,1.0,1.0,1.0,1.0,1.0,1.0,0.0,1,1.0,1.0,1.0,1.0,1.0,1.0,0.0
0.9083948612213135,0.1369992992393688,0.22943177223205566,0.0851961364053193,6,0.7,1,100,7,False,"('gill-color', 'stalk-surface-above-ring', 'odor')","{'model__max_depth': 6, 'model__max_features': 0.7, 'model__min_samples_leaf': 1, 'model__n_estimators': 100, 'select__drop': ('gill-color', 'stalk-surface-above-ring', 'odor'), 'select__k': 7, 'select__prune': False}",0.9758378799688231,0.9819890368050117,0.9827586206896551,0.9766355140186916,0.9819607843137255,0.9798363671591815,0.0029637834328914486,273,0.980829420970266,0.9792887846815163,0.9790974799765579,0.9806300136959499,0.979296875,0.979828514864858,0.000741966984806346,1.0,1.0,1.0,1.0,1.0,1.0,0.0,1,1.0,1.0,1.0,1.0,1.0,1.0,0.0,0.9761538461538461,0.9823076923076923,0.9830769230769231,0.9769230769230769,0.9822940723633564,0.980151122164979,0.0029732753960050903,273,0.981150221196384,0.9796114637430275,0.9794191190613579,0.9809578765147143,0.9796153846153847,0.9801508130261738,0.0007433875780071333,0.9963607189920459,0.9977652492706847,0.9972995774591145,0.9973019472902166,0.997599086632265,0.9972653159288655,0.00048624017849270643,267,0.9975638790880335,0.9971608429409224,0.9972684198843682,0.9972625668688501,0.9970762148198191,0.9972663847203986,0.00016481824835781793
0.88436861038208,0.1870843945452047,0.20506625175476073,0.07159706143166387,6,0.7,1,100,7,False,"('gill-color', 'stalk-surface-above-ring', 'spore-print-color')","{'model__max_depth': 6, 'model__max_features': 0.7, 'model__min_samples_leaf': 1, 'model__n_estimators': 100, 'select__drop': ('gill-color', 'stalk-surface-above-ring', 'spore-print-color'), 'select__k': 7, 'select__prune': False}",0.9870550161812298,0.9903381642512077,0.9887096774193549,0.9935794542536116,0.9886914378029079,0.9896747499816623,0.002211248833620915,251,0.9903342730567861,0.989516129032258,0.9899234179766223,0.9887005649717514,0.9899274778404512,0.9896803725755738,0.0005540246926373882,0.9744408945686901,0.9808612440191388,0.9776714513556619,0.9872408293460925,0.9776357827476039,0.9795700404074374,0.0043396391514859585,267,0.9808536098923015,0.9792498004788508,0.9800478850758181,0.9776536312849162,0.9800558436378142,0.97957215407394,0.0010850848931794985,0.9876923076923076,0.9907692307692307,0.9892307692307692,0.9938461538461538,0.9892224788298691,0.9901521880736661,0.002087606680823742,251,0.9907674552798615,0.9899980765531833,0.9903827659165224,0.9892286978265051,0.9903846153846154,0.9901523221921377,0.0005219821527445312,0.994232373602829,0.9946963179934165,0.9945636074516969,0.9968350905630955,0.9953429638877945,0.9951340706997666,0.0009238201495296184,271,0.9953344602423763,0.9952218648507599,0.995265058623507,0.994710059392549,0.9950635806077923,0.9951190047433969,0.00022299827102919125
0.8983670234680176,0.1411692885630294,0.2076512336730957,0.11957180763473227,6,0.7,1,100,7,False,"('gill-color', 'stalk-surface-above-ring', 'ring-type')","{'model__max_depth': 6, 'model__max_features': 0.7, 'model__min_samples_leaf': 1, 'model__n_estimators': 100, 'select__drop': ('gill-color', 'stalk-surface-above-ring', 'ring-type'), 'select__k': 7, 'select__prune': False}",0.9975980784627703,1.0,0.9992019154030327,0.9992019154030327,0.9975980784627703,0.9987199975463212,0.0009612804775641835,133,0.9990017967658216,0.9984012789768185,0.9986013986013986,0.9986013986013986,0.9990017967658216,0.9987215339422519,0.00024021771112017916,0.9952076677316294,1.0,0.9984051036682615,0.9984051036682615,0.9952076677316294,0.9974451085599563,0.0019174427974193607,153,0.9980055843637814,0.9968076616121309,0.9972067039106145,0.9972067039106145,0.9980055843637814,0.9974464476321845,0.0004792221724257249,0.9976923076923077,1.0,0.9992307692307693,0.9992307692307693,0.9976905311778291,0.9987688754663351,0.0009234916234883537,133,0.9990382765916522,0.9984612425466436,0.9986535872283131,0.9986535872283131,0.9990384615384615,0.9987690310266768,0.0002308567800788867,0.9999822242868384,1.0,0.9999952603377957,0.999998815084449,0.999985758299351,0.9999924116016867,7.137947795503433e-06,155,0.9999959252280834,0.9999917020539492,0.9999937765404618,0.9999922206755772,0.9999955564449249,0.9999938361885994,1.7024299528430009e-06
0.8450204849243164,0.1377189374971469,0.18831300735473633,0.11486121438942809,6,0.7,1,100,7,False,"('gill-color', 'stalk-surface-above-ring', 'stalk-surface-below-ring')","{'model__max_depth': 6, 'model__max_features': 0.7, 'model__min_samples_leaf': 1, 'model__n_estimators': 100, 'select__drop': ('gill-color', 'stalk-surface-above-ring', 'stalk-surface-below-ring'), 'select__k': 7, 'select__prune': False}",0.9936507936507937,0.9935794542536116,0.9927710843373494,0.9976019184652278,0.9943775100401606,0.9943961521494286,0.0016817065937984577,194,0.9952362048431918,0.9955911823647294,0.9957924263674615,0.9945837512537613,0.9953917050691244,0.9953190539796537,0.0004125403094053494,1.0,0.9872408293460925,0.9856459330143541,0.9952153110047847,0.9888178913738019,0.9913839929478065,0.005396120630522327,206,1.0,0.99122106943336,0.9916201117318436,0.9892258579409418,0.9908256880733946,0.992578545435908,0.003798745753052788,0.9938461538461538,0.9938461538461538,0.9930769230769231,0.9976923076923077,0.9946112394149346,0.9946145555752948,0.0016135529260262395,194,0.9953837276399308,0.9957684170032699,0.9959607616849394,0.9948066935949221,0.995576923076923,0.995499304599997,0.0003960951382807294,0.9999715588589414,0.9999526033779573,0.9999040218403634,0.9999893357600403,0.9999418463890167,0.9999518732452637,2.8919859232492636e-05,206,0.9999519917781475,0.9999559912504086,0.9999642151076555,0.9999419884664478,0.99995741593053,0.9999543205066379,7.318174017473138e-06
0.8449859142303466,0.17010224453149123,0.22614636421203613,0.13231209952596815,6,0.7,1,100,7,False,"('gill-color', 'stalk-surface-above-ring', 'gill-size')","{'model__max_depth': 6, 'model__max_features': 0.7, 'model__min_samples_leaf': 1, 'model__n_estimators': 100, 'select__drop': ('gill-color', 'stalk-surface-above-ring', 'gill-size'), 'select__k': 7, 'select__prune': False}",0.9975980784627703,1.0,0.9992019154030327,0.9992019154030327,0.9975980784627703,0.9987199975463212,0.0009612804775641835,133,0.9990017967658216,0.9984012789768185,0.9986013986013986,0.9986013986013986,0.9990017967658216,0.9987215339422519,0.00024021771112017916,0.9952076677316294,1.0,0.9984051036682615,0.9984051036682615,0.9952076677316294,0.9974451085599563,0.0019174427974193607,153,0.9980055843637814,0.9968076616121309,0.9972067039106145,0.9972067039106145,0.9980055843637814,0.9974464476321845,0.0004792221724257249,0.9976923076923077,1.0,0.9992307692307693,0.9992307692307693,0.9976905311778291,0.9987688754663351,0.0009234916234883537,133,0.9990382765916522,0.9984612425466436,0.9986535872283131,0.9986535872283131,0.9990384615384615,0.9987690310266768,0.0002308567800788867,0.9998684597226041,1.0,0.9999751167734275,0.9999644525334679,0.999910989370944,0.9999438036800887,4.757815075427479e-05,213,0.9999599931484562,0.9999330237211606,0.9999356909181055,0.9999403585127591,0.9999555644492488,0.999944926149946,1.0844431601274417e-05
1.6128762722015382,0.15906044511289466,0.2695903778076172,0.09176835322946664,6,0.7,1,250,7,False,"('gill-color', 'stalk-surface-above-ring')","{'model__max_depth': 6, 'model__max_features': 0.7, 'model__min_samples_leaf': 1, 'model__n_estimators': 250, 'select__drop': ('gill-color', 'stalk-surface-above-ring'), 'select__k': 7, 'select__prune': False}",1.0,1.0,1.0,1.0,1.0,1.0,0.0,1,1.0,1.0,1.0,1.0,1.0,1.0,0.0,1.0,1.0,1.0,1.0,1.0,1.0,0.0,1,1.0,1.0,1.0,1.0,1.0,1.0,0.0,1.0,1.0,1.0,1.0,1.0,1.0,0.0,1,1.0,1.0,1.0,1.0,1.0,1.0,0.0,1.0,1.0,1.0,1.0,1.0,1.0,0.0,1,1.0,1.0,1.0,1.0,1.0,1.0,0.0
1.5229743480682374,0.16399108154305722,0.3856161117553711,0.07881380052429642,6,0.7,1,250,7,False,"('gill-color', 'stalk-surface-above-ring', 'odor')","{'model__max_depth': 6, 'model__max_features': 0.7, 'model__min_samples_leaf': 1, 'model__n_estimators': 250, 'select__drop': ('gill-color', 'stalk-surface-above-ring', 'odor'), 'select__k': 7, 'select__prune': False}",0.9758378799688231,0.9819890368050117,0.9827586206896551,0.9766355140186916,0.9819607843137255,0.9798363671591815,0.0029637834328914486,273,0.980829420970266,0.9792887846815163,0.9790974799765579,0.9806300136959499,0.979296875,0.979828514864858,0.000741966984806346,1.0,1.0,1.0,1.0,1.0,1.0,0.0,1,1.0,1.0,1.0,1.0,1.0,1.0,0.0,0.9761538461538461,0.9823076923076923,0.9830769230769231,0.9769230769230769,0.9822940723633564,0.980151122164979,0.0029732753960050903,273,0.981150221196384,0.9796114637430275,0.9794191190613579,0.9809578765147143,0.9796153846153847,0.9801508130261738,0.0007433875780071333,0.996360718992046,0.9977652492706846,0.9972995774591146,0.9973019472902166,0.9977035257703573,0.9972862037564838,0.0005021137384940065,265,0.9975638790880335,0.9971608429409226,0.9972684198843681,0.9972625668688501,0.9971561988111712,0.9972823815186691,0.00014867557344096002
1.636167573928833,0.07867019420130705,0.3075836181640625,0.08776246716854832,6,0.7,1,250,7,False,"('gill-color', 'stalk-surface-above-ring', 'spore-print-color')","{'model__max_depth': 6, 'model__max_features': 0.7, 'model__min_samples_leaf': 1, 'model__n_estimators': 250, 'select__drop': ('gill-color', 'stalk-surface-above-ring', 'spore-print-color'), 'select__k': 7, 'select__prune': False}",0.9870550161812298,0.9903381642512077,0.9887096774193549,0.9935794542536116,0.9886914378029079,0.9896747499816623,0.002211248833620915,251,0.9903342730567861,0.989516129032258,0.9899234179766223,0.9887005649717514,0.9899274778404512,0.9896803725755738,0.0005540246926373882,0.9744408945686901,0.9808612440191388,0.9776714513556619,0.9872408293460925,0.9776357827476039,0.9795700404074374,0.0043396391514859585,267,0.9808536098923015,0.9792498004788508,0.9800478850758181,0.9776536312849162,0.9800558436378142,0.97957215407394,0.0010850848931794985,0.9876923076923076,0.9907692307692307,0.9892307692307692,0.9938461538461538,0.9892224788298691,0.9901521880736661,0.002087606680823742,251,0.9907674552798615,0.9899980765531833,0.9903827659165224,0.9892286978265051,0.9903846153846154,0.9901523221921377,0.0005219821527445312,0.994232373602829,0.9946963179934165,0.9945636074516969,0.9968350905630955,0.9953429638877945,0.9951340706997666,0.0009238201495296184,271,0.9953344602423763,0.9952218648507599,0.995265058623507,0.9947100593925489,0.9950635806077923,0.9951190047433969,0.00022299827102923196
1.5906991481781005,0.12637483776229047,0.28825979232788085,0.06291603900042342,6,0.7,1,250,7,False,"('gill-color', 'stalk-surface-above-ring', 'ring-type')","{'model__max_depth': 6, 'model__max_features': 0.7, 'model__min_samples_leaf': 1, 'model__n_estimators': 250, 'select__drop': ('gill-color', 'stalk-surface-above-ring', 'ring-type'), 'select__k': 7, 'select__prune': False}",0.9975980784627703,1.0,0.9992019154030327,0.9992019154030327,0.9975980784627703,0.9987199975463212,0.0009612804775641835,133,0.9990017967658216,0.9984012789768185,0.9986013986013986,0.9986013986013986,0.9990017967658216,0.9987215339422519,0.00024021771112017916,0.9952076677316294,1.0,0.9984051036682615,0.9984051036682615,0.9952076677316294,0.9974451085599563,0.0019174427974193607,153,0.9980055843637814,0.9968076616121309,0.9972067039106145,0.9972067039106145,0.9980055843637814,0.9974464476321845,0.0004792221724257249,0.9976923076923077,1.0,0.9992307692307693,0.9992307692307693,0.9976905311778291,0.9987688754663351,0.0009234916234883537,133,0.9990382765916522,0.9984612425466436,0.9986535872283131,0.9986535872283131,0.9990384615384615,0.9987690310266768,0.0002308567800788867,0.9999822242868384,1.0,0.9999952603377957,0.999998815084449,0.9999857582993511,0.999992411601687,7.137947795482736e-06,145,0.9999959252280834,0.9999917020539493,0.9999937765404617,0.9999922206755772,0.9999955564449249,0.9999938361885994,1.7024299528159437e-06
1.7308914184570312,0.1713825581601985,0.28345603942871095,0.05176514658438706,6,0.7,1,250,7,False,"('gill-color', 'stalk-surface-above-ring', 'stalk-surface-below-ring')","{'model__max_depth': 6, 'model__max_features': 0.7, 'model__min_samples_leaf': 1, 'model__n_estimators': 250, 'select__drop': ('gill-color', 'stalk-surface-above-ring', 'stalk-surface-below-ring'), 'select__k': 7, 'select__prune': False}",0.9936507936507937,0.9935794542536116,0.9927710843373494,0.9976019184652278,0.9943775100401606,0.9943961521494286,0.0016817065937984577,194,0.9952362048431918,0.9955911823647294,0.9957924263674615,0.9945837512537613,0.9953917050691244,0.9953190539796537,0.0004125403094053494,1.0,0.9872408293460925,0.9856459330143541,0.9952153110047847,0.9888178913738019,0.9913839929478065,0.005396120630522327,206,1.0,0.99122106943336,0.9916201117318436,0.9892258579409418,0.9908256880733946,0.992578545435908,0.003798745753052788,0.9938461538461538,0.9938461538461538,0.9930769230769231,0.9976923076923077,0.9946112394149346,0.9946145555752948,0.0016135529260262395,194,0.9953837276399308,0.9957684170032699,0.9959607616849394,0.9948066935949221,0.995576923076923,0.995499304599997,0.0003960951382807294,0.9999715588589413,0.9999526033779572,0.9999040218403634,0.9999893357600403,0.9999418463890168,0.9999518732452639,2.8919859232469265e-05,193,0.9999519917781475,0.9999559912504087,0.9999642151076554,0.9999419884664478,0.99995741593053,0.9999543205066379,7.318174017448185e-06
1.8749024868011475,0.13734880367839955,0.37129969596862794,0.10222572187183668,6,0.7,1,250,7,False,"('gill-color', 'stalk-surface-above-ring', 'gill-size')","{'model__max_depth': 6, 'model__max_features': 0.7, 'model__min_samples_leaf': 1, 'model__n_estimators': 250, 'select__drop': ('gill-color', 'stalk-surface-above-ring', 'gill-size'), 'select__k': 7, 'select__prune': False}",0.9975980784627703,1.0,0.9992019154030327,0.9992019154030327,0.9975980784627703,0.9987199975463212,0.0009612804775641835,133,0.9990017967658216,0.9984012789768185,0.9986013986013986,0.9986013986013986,0.9990017967658216,0.9987215339422519,0.00024021771112017916,0.9952076677316294,1.0,0.9984051036682615,0.9984051036682615,0.9952076677316294,0.9974451085599563,0.0019174427974193607,153,0.9980055843637814,0.9968076616121309,0.9972067039106145,0.9972067039106145,0.9980055843637814,0.9974464476321845,0.0004792221724257249,0.9976923076923077,1.0,0.9992307692307693,0.9992307692307693,0.9976905311778291,0.9987688754663351,0.0009234916234883537,133,0.9990382765916522,0.9984612425466436,0.9986535872283131,0.9986535872283131,0.9990384615384615,0.9987690310266768,0.0002308567800788867,0.9998684597226041,1.0,0.9999751167734275,0.9999644525334679,0.9999109893709441,0.9999438036800887,4.7578150754259476e-05,213,0.9999599931484562,0.9999330237211604,0.9999356909181054,0.9999403585127591,0.9999555644492488,0.9999449261499459,1.0844431601317697e-05
0.8879001140594482,0.12529705912478675,0.1298147678375244,0.003719111208725787,6,0.7,3,100,7,False,"('gill-color', 'stalk-surface-above-ring')","{'model__max_depth': 6, 'model__max_features': 0.7, 'model__min_samples_leaf': 3, 'model__n_estimators': 100, 'select__drop': ('gill-color', 'stalk-surface-above-ring'), 'select__k': 7, 'select__prune': False}",1.0,1.0,1.0,1.0,1.0,1.0,0.0,1,1.0,1.0,1.0,1.0,1.0,1.0,0.0,1.0,1.0,1.0,1.0,1.0,1.0,0.0,1,1.0,1.0,1.0,1.0,1.0,1.0,0.0,1.0,1.0,1.0,1.0,1.0,1.0,0.0,1,1.0,1.0,1.0,1.0,1.0,1.0,0.0,1.0,1.0,1.0,1.0,1.0,1.0,0.0,1,1.0,1.0,1.0,1.0,1.0,1.0,0.0
1.0585719108581544,0.12113548501848223,0.1264491081237793,0.014525060529335165,6,0.7,3,100,7,False,"('gill-color', 'stalk-surface-above-ring', 'odor')","{'model__max_depth': 6, 'model__max_features': 0.7, 'model__min_samples_leaf': 3, 'model__n_estimators': 100, 'select__drop': ('gill-color', 'stalk-surface-above-ring', 'odor'), 'select__k': 7, 'select__prune': False}",0.9758378799688231,0.9819890368050117,0.9827586206896551,0.9766355140186916,0.9819607843137255,0.9798363671591815,0.0029637834328914486,273,0.980829420970266,0.9792887846815163,0.9790974799765579,0.9806300136959499,0.979296875,0.979828514864858,0.000741966984806346,1.0,1.0,1.0,1.0,1.0,1.0,0.0,1,1.0,1.0,1.0,1.0,1.0,1.0,0.0,0.9761538461538461,0.9823076923076923,0.9830769230769231,0.9769230769230769,0.9822940723633564,0.980151122164979,0.0029732753960050903,273,0.981150221196384,0.9796114637430275,0.9794191190613579,0.9809578765147143,0.9796153846153847,0.9801508130261738,0.0007433875780071333,0.9963607189920459,0.9977652492706847,0.9972995774591145,0.9973019472902166,0.997599086632265,0.9972653159288655,0.00048624017849270643,267,0.9975638790880335,0.9971608429409224,0.9972684198843682,0.9972625668688501,0.9970762148198191,0.9972663847203986,0.00016481824835781793
1.0168155670166015,0.10008448536703292,0.11781606674194336,0.010352390431549341,6,0.7,3,100,7,False,"('gill-color', 'stalk-surface-above-ring', 'spore-print-color')","{'model__max_depth': 6, 'model__max_features': 0.7, 'model__min_samples_leaf': 3, 'model__n_estimators': 100, 'select__drop': ('gill-color', 'stalk-surface-above-ring', 'spore-print-color'), 'select__k': 7, 'select__prune': False}",0.9870550161812298,0.9903381642512077,0.9887096774193549,0.9935794542536116,0.9886914378029079,0.9896747499816623,0.002211248833620915,251,0.9903342730567861,0.989516129032258,0.9899234179766223,0.9887005649717514,0.9899274778404512,0.9896803725755738,0.0005540246926373882,0.9744408945686901,0.9808612440191388,0.9776714513556619,0.9872408293460925,0.9776357827476039,0.9795700404074374,0.0043396391514859585,267,0.9808536098923015,0.9792498004788508,0.9800478850758181,0.9776536312849162,0.9800558436378142,0.97957215407394,0.0010850848931794985,0.9876923076923076,0.9907692307692307,0.9892307692307692,0.9938461538461538,0.9892224788298691,0.9901521880736661,0.002087606680823742,251,0.9907674552798615,0.9899980765531833,0.9903827659165224,0.9892286978265051,0.9903846153846154,0.9901523221921377,0.0005219821527445312,0.994232373602829,0.9946963179934165,0.9945636074516968,0.9968350905630955,0.9953429638877945,0.9951340706997666,0.0009238201495296322,271,0.9953344602423764,0.9952218648507599,0.995265058623507,0.994710059392549,0.9950635806077923,0.9951190047433969,0.0002229982710292127
0.971799373626709,0.10908445705323636,0.17257232666015626,0.06838482731337324,6,0.7,3,100,7,False,"('gill-color', 'stalk-surface-above-ring', 'ring-type')","{'model__max_depth': 6, 'model__max_features': 0.7, 'model__min_samples_leaf': 3, 'model__n_estimators': 100, 'select__drop': ('gill-color', 'stalk-surface-above-ring', 'ring-type'), 'select__k': 7, 'select__prune': False}",0.9975980784627703,1.0,0.9992019154030327,0.9992019154030327,0.9975980784627703,0.9987199975463212,0.0009612804775641835,133,0.9990017967658216,0.9984012789768185,0.9986013986013986,0.9986013986013986,0.9990017967658216,0.9987215339422519,0.00024021771112017916,0.9952076677316294,1.0,0.9984051036682615,0.9984051036682615,0.9952076677316294,0.9974451085599563,0.0019174427974193607,153,0.9980055843637814,0.9968076616121309,0.9972067039106145,0.9972067039106145,0.9980055843637814,0.9974464476321845,0.0004792221724257249,0.9976923076923077,1.0,0.9992307692307693,0.9992307692307693,0.9976905311778291,0.9987688754663351,0.0009234916234883537,133,0.9990382765916522,0.9984612425466436,0.9986535872283131,0.9986535872283131,0.9990384615384615,0.9987690310266768,0.0002308567800788867,0.9999822242868384,1.0,0.9999952603377957,0.999998815084449,0.999985758299351,0.9999924116016867,7.137947795503433e-06,155,0.9999959252280834,0.999991702053949,0.9999937765404618,0.9999922206755772,0.9999955564449249,0.9999938361885994,1.702429952870836e-06
1.0398881435394287,0.1136757854383736,0.16767654418945313,0.06664974847048824,6,0.7,3,100,7,False,"('gill-color', 'stalk-surface-above-ring', 'stalk-surface-below-ring')","{'model__max_depth': 6, 'model__max_features': 0.7, 'model__min_samples_leaf': 3, 'model__n_estimators': 100, 'select__drop': ('gill-color', 'stalk-surface-above-ring', 'stalk-surface-below-ring'), 'select__k': 7, 'select__prune': False}",0.9936507936507937,0.9935794542536116,0.9927710843373494,0.9976019184652278,0.9943775100401606,0.9943961521494286,0.0016817065937984577,194,0.9952362048431918,0.9955911823647294,0.9957924263674615,0.9945837512537613,0.9953917050691244,0.9953190539796537,0.0004125403094053494,1.0,0.9872408293460925,0.9856459330143541,0.9952153110047847,0.9888178913738019,0.9913839929478065,0.005396120630522327,206,1.0,0.99122106943336,0.9916201117318436,0.9892258579409418,0.9908256880733946,0.992578545435908,0.003798745753052788,0.9938461538461538,0.9938461538461538,0.9930769230769231,0.9976923076923077,0.9946112394149346,0.9946145555752948,0.0016135529260262395,194,0.9953837276399308,0.9957684170032699,0.9959607616849394,0.9948066935949221,0.995576923076923,0.995499304599997,0.0003960951382807294,0.9999715588589414,0.9999526033779573,0.9999040218403634,0.9999893357600403,0.9999418463890167,0.9999518732452637,2.8919859232492636e-05,206,0.9999519917781474,0.9999559912504086,0.9999642151076554,0.9999419884664478,0.99995741593053,0.9999543205066379,7.318174017450182e-06
1.0592509746551513,0.11682618916402412,0.1502171516418457,0.07202366994260072,6,0.7,3,100,7,False,"('gill-color', 'stalk-surface-above-ring', 'gill-size')","{'model__max_depth': 6, 'model__max_features': 0.7, 'model__min_samples_leaf': 3, 'model__n_estimators': 100, 'select__drop': ('gill-color', 'stalk-surface-above-ring', 'gill-size'), 'select__k': 7, 'select__prune': False}",0.9975980784627703,1.0,0.9992019154030327,0.9992019154030327,0.9975980784627703,0.9987199975463212,0.0009612804775641835,133,0.9990017967658216,0.9984012789768185,0.9986013986013986,0.9986013986013986,0.9990017967658216,0.9987215339422519,0.00024021771112017916,0.9952076677316294,1.0,0.9984051036682615,0.9984051036682615,0.9952076677316294,0.9974451085599563,0.0019174427974193607,153,0.9980055843637814,0.9968076616121309,0.9972067039106145,0.9972067039106145,0.9980055843637814,0.9974464476321845,0.0004792221724257249,0.9976923076923077,1.0,0.9992307692307693,0.9992307692307693,0.9976905311778291,0.9987688754663351,0.0009234916234883537,133,0.9990382765916522,0.9984612425466436,0.9986535872283131,0.9986535872283131,0.9990384615384615,0.9987690310266768,0.0002308567800788867,0.9998684597226041,1.0,0.9999751167734275,0.9999644525334679,0.999910989370944,0.9999438036800887,4.757815075427479e-05,213,0.9999599931484562,0.9999330237211606,0.9999356909181055,0.9999403585127591,0.9999555644492488,0.999944926149946,1.0844431601274417e-05
1.811993408203125,0.1566773149273909,0.3163351535797119,0.06741654035777238,6,0.7,3,250,7,False,"('gill-color', 'stalk-surface-above-ring')","{'model__max_depth': 6, 'model__max_features': 0.7, 'model__min_samples_leaf': 3, 'model__n_estimators': 250, 'select__drop': ('gill-color', 'stalk-surface-above-ring'), 'select__k': 7, 'select__prune': False}",1.0,1.0,1.0,1.0,1.0,1.0,0.0,1,1.0,1.0,1.0,1.0,1.0,1.0,0.0,1.0,1.0,1.0,1.0,1.0,1.0,0.0,1,1.0,1.0,1.0,1.0,1.0,1.0,0.0,1.0,1.0,1.0,1.0,1.0,1.0,0.0,1,1.0,1.0,1.0,1.0,1.0,1.0,0.0,1.0,1.0,1.0,1.0,1.0,1.0,0.0,1,1.0,1.0,1.0,1.0,1.0,1.0,0.0
1.7357146739959717,0.0764911997088828,0.2532369136810303,0.052367197202367974,6,0.7,3,250,7,False,"('gill-color', 'stalk-surface-above-ring', 'odor')","{'model__max_depth': 6, 'model__max_features': 0.7, 'model__min_samples_leaf': 3, 'model__n_estimators': 250, 'select__drop': ('gill-color', 'stalk-surface-above-ring', 'odor'), 'select__k': 7, 'select__prune': False}",0.9758378799688231,0.9819890368050117,0.9827586206896551,0.9766355140186916,0.9819607843137255,0.9798363671591815,0.0029637834328914486,273,0.980829420970266,0.9792887846815163,0.9790974799765579,0.9806300136959499,0.979296875,0.979828514864858,0.000741966984806346,1.0,1.0,1.0,1.0,1.0,1.0,0.0,1,1.0,1.0,1.0,1.0,1.0,1.0,0.0,0.9761538461538461,0.9823076923076923,0.9830769230769231,0.9769230769230769,0.9822940723633564,0.980151122164979,0.0029732753960050903,273,0.981150221196384,0.9796114637430275,0.9794191190613579,0.9809578765147143,0.9796153846153847,0.9801508130261738,0.0007433875780071333,0.996360718992046,0.9977652492706846,0.9972995774591145,0.9973019472902166,0.9977035257703573,0.9972862037564838,0.000502113738494006,265,0.9975638790880335,0.9971608429409226,0.9972684198843682,0.9972625668688501,0.9971561988111712,0.9972823815186691,0.00014867557344095794
1.6686938285827637,0.09961632008313219,0.28777294158935546,0.07667230822210983,6,0.7,3,250,7,False,"('gill-color', 'stalk-surface-above-ring', 'spore-print-color')","{'model__max_depth': 6, 'model__max_features': 0.7, 'model__min_samples_leaf': 3, 'model__n_estimators': 250, 'select__drop': ('gill-color', 'stalk-surface-above-ring', 'spore-print-color'), 'select__k': 7, 'select__prune': False}",0.9870550161812298,0.9903381642512077,0.9887096774193549,0.9935794542536116,0.9886914378029079,0.9896747499816623,0.002211248833620915,251,0.9903342730567861,0.989516129032258,0.9899234179766223,0.9887005649717514,0.9899274778404512,0.9896803725755738,0.0005540246926373882,0.9744408945686901,0.9808612440191388,0.9776714513556619,0.9872408293460925,0.9776357827476039,0.9795700404074374,0.0043396391514859585,267,0.9808536098923015,0.9792498004788508,0.9800478850758181,0.9776536312849162,0.9800558436378142,0.97957215407394,0.0010850848931794985,0.9876923076923076,0.9907692307692307,0.9892307692307692,0.9938461538461538,0.9892224788298691,0.9901521880736661,0.002087606680823742,251,0.9907674552798615,0.9899980765531833,0.9903827659165224,0.9892286978265051,0.9903846153846154,0.9901523221921377,0.0005219821527445312,0.994232373602829,0.9946963179934165,0.9945636074516969,0.9968350905630955,0.9953429638877944,0.9951340706997666,0.0009238201495296134,271,0.9953344602423764,0.9952218648507599,0.995265058623507,0.9947100593925489,0.9950635806077924,0.9951190047433969,0.00022299827102924792
1.5303677082061768,0.13016697639663677,0.2803966045379639,0.07533178188606882,6,0.7,3,250,7,False,"('gill-color', 'stalk-surface-above-ring', 'ring-type')","{'model__max_depth': 6, 'model__max_features': 0.7, 'model__min_samples_leaf': 3, 'model__n_estimators': 250, 'select__drop': ('gill-color', 'stalk-surface-above-ring', 'ring-type'), 'select__k': 7, 'select__prune': False}",0.9975980784627703,1.0,0.9992019154030327,0.9992019154030327,0.9975980784627703,0.9987199975463212,0.0009612804775641835,133,0.9990017967658216,0.9984012789768185,0.9986013986013986,0.9986013986013986,0.9990017967658216,0.9987215339422519,0.00024021771112017916,0.9952076677316294,1.0,0.9984051036682615,0.9984051036682615,0.9952076677316294,0.9974451085599563,0.0019174427974193607,153,0.9980055843637814,0.9968076616121309,0.9972067039106145,0.9972067039106145,0.9980055843637814,0.9974464476321845,0.0004792221724257249,0.9976923076923077,1.0,0.9992307692307693,0.9992307692307693,0.9976905311778291,0.9987688754663351,0.0009234916234883537,133,0.9990382765916522,0.9984612425466436,0.9986535872283131,0.9986535872283131,0.9990384615384615,0.9987690310266768,0.0002308567800788867,0.9999822242868384,1.0,0.9999952603377957,0.999998815084449,0.9999857582993511,0.999992411601687,7.137947795482736e-06,145,0.9999959252280834,0.999991702053949,0.9999937765404617,0.9999922206755772,0.9999955564449249,0.9999938361885992,1.7024299528716139e-06
1.5644473075866698,0.13265537845324532,0.288298511505127,0.07515788276041953,6,0.7,3,250,7,False,"('gill-color', 'stalk-surface-above-ring', 'stalk-surface-below-ring')","{'model__max_depth': 6, 'model__max_features': 0.7, 'model__min_samples_leaf': 3, 'model__n_estimators': 250, 'select__drop': ('gill-color', 'stalk-surface-above-ring', 'stalk-surface-below-ring'), 'select__k': 7, 'select__prune': False}",0.9936507936507937,0.9935794542536116,0.9927710843373494,0.9976019184652278,0.9943775100401606,0.9943961521494286,0.0016817065937984577,194,0.9952362048431918,0.9955911823647294,0.9957924263674615,0.9945837512537613,0.9953917050691244,0.9953190539796537,0.0004125403094053494,1.0,0.9872408293460925,0.9856459330143541,0.9952153110047847,0.9888178913738019,0.9913839929478065,0.005396120630522327,206,1.0,0.99122106943336,0.9916201117318436,0.9892258579409418,0.9908256880733946,0.992578545435908,0.003798745753052788,0.9938461538461538,0.9938461538461538,0.9930769230769231,0.9976923076923077,0.9946112394149346,0.9946145555752948,0.0016135529260262395,194,0.9953837276399308,0.9957684170032699,0.9959607616849394,0.9948066935949221,0.995576923076923,0.995499304599997,0.0003960951382807294,0.9999715588589414,0.9999526033779573,0.9999040218403634,0.9999893357600403,0.9999418463890167,0.9999518732452637,2.8919859232492636e-05,206,0.9999519917781474,0.9999559912504087,0.9999642151076554,0.9999419884664477,0.99995741593053,0.9999543205066379,7.318174017492669e-06
1.6718239784240723,0.179792587036334,0.3851027488708496,0.03730033563759207,6,0.7,3,250,7,False,"('gill-color', 'stalk-surface-above-ring', 'gill-size')","{'model__max_depth': 6, 'model__max_features': 0.7, 'model__min_samples_leaf': 3, 'model__n_estimators': 250, 'select__drop': ('gill-color', 'stalk-surface-above-ring', 'gill-size'), 'select__k': 7, 'select__prune': False}",0.9975980784627703,1.0,0.9992019154030327,0.9992019154030327,0.9975980784627703,0.9987199975463212,0.0009612804775641835,133,0.9990017967658216,0.9984012789768185,0.9986013986013986,0.9986013986013986,0.9990017967658216,0.9987215339422519,0.00024021771112017916,0.9952076677316294,1.0,0.9984051036682615,0.9984051036682615,0.9952076677316294,0.9974451085599563,0.0019174427974193607,153,0.9980055843637814,0.9968076616121309,0.9972067039106145,0.9972067039106145,0.9980055843637814,0.9974464476321845,0.0004792221724257249,0.9976923076923077,1.0,0.9992307692307693,0.9992307692307693,0.9976905311778291,0.9987688754663351,0.0009234916234883537,133,0.9990382765916522,0.9984612425466436,0.9986535872283131,0.9986535872283131,0.9990384615384615,0.9987690310266768,0.0002308567800788867,0.9998684597226041,1.0,0.9999751167734275,0.9999644525334679,0.9999109893709441,0.9999438036800887,4.7578150754259476e-05,213,0.9999599931484562,0.9999330237211604,0.9999356909181054,0.9999403585127591,0.9999555644492488,0.9999449261499459,1.0844431601317697e-05
0.83589768409729,0.1122830332115332,0.1555248260498047,0.06662601615755318,,sqrt,1,100,7,False,"('gill-color', 'stalk-surface-above-ring')","{'model__max_depth': None, 'model__max_features': 'sqrt', 'model__min_samples_leaf': 1, 'model__n_estimators': 100, 'select__drop': ('gill-color', 'stalk-surface-above-ring'), 'select__k': 7, 'select__prune': False}",1.0,1.0,1.0,1.0,1.0,1.0,0.0,1,1.0,1.0,1.0,1.0,1.0,1.0,0.0,1.0,1.0,1.0,1.0,1.0,1.0,0.0,1,1.0,1.0,1.0,1.0,1.0,1.0,0.0,1.0,1.0,1.0,1.0,1.0,1.0,0.0,1,1.0,1.0,1.0,1.0,1.0,1.0,0.0,1.0,1.0,1.0,1.0,1.0,1.0,0.0,1,1.0,1.0,1.0,1.0,1.0,1.0,0.0
0.9531068325042724,0.04540949304920006,0.17284202575683594,0.05662694916233445,,sqrt,1,100,7,False,"('gill-color', 'stalk-surface-above-ring', 'odor')","{'model__max_depth': None, 'model__max_features': 'sqrt', 'model__min_samples_leaf': 1, 'model__n_estimators': 100, 'select__drop': ('gill-color', 'stalk-surface-above-ring', 'odor'), 'select__k': 7, 'select__prune': False}",0.9758378799688231,0.9819890368050117,0.9827586206896551,0.9766355140186916,0.9819607843137255,0.9798363671591815,0.0029637834328914486,273,0.980829420970266,0.9792887846815163,0.9790974799765579,0.9806300136959499,0.979296875,0.979828514864858,0.000741966984806346,1.0,1.0,1.0,1.0,1.0,1.0,0.0,1,1.0,1.0,1.0,1.0,1.0,1.0,0.0,0.9761538461538461,0.9823076923076923,0.9830769230769231,0.9769230769230769,0.9822940723633564,0.980151122164979,0.0029732753960050903,273,0.981150221196384,0.9796114637430275,0.9794191190613579,0.9809578765147143,0.9796153846153847,0.9801508130261738,0.0007433875780071333,0.9963962704183692,0.9977936872439102,0.9973469740811572,0.9973090567835231,0.9977794815071517,0.9973250940068222,0.0005078379290582768,257,0.9975720286318664,0.9972147795902534,0.9973164294293769,0.9973270241283526,0.9971988569398925,0.9973258237439484,0.0001335349499612201
0.8808299541473389,0.04645812979227635,0.2036351203918457,0.05644377033523524,,sqrt,1,100,7,False,"('gill-color', 'stalk-surface-above-ring', 'spore-print-color')","{'model__max_depth': None, 'model__max_features': 'sqrt', 'model__min_samples_leaf': 1, 'model__n_estimators': 100, 'select__drop': ('gill-color', 'stalk-surface-above-ring', 'spore-print-color'), 'select__k': 7, 'select__prune': False}",0.9870550161812298,0.9903381642512077,0.9887096774193549,0.9935794542536116,0.9886914378029079,0.9896747499816623,0.002211248833620915,251,0.9903342730567861,0.989516129032258,0.9899234179766223,0.9887005649717514,0.9899274778404512,0.9896803725755738,0.0005540246926373882,0.9744408945686901,0.9808612440191388,0.9776714513556619,0.9872408293460925,0.9776357827476039,0.9795700404074374,0.0043396391514859585,267,0.9808536098923015,0.9792498004788508,0.9800478850758181,0.9776536312849162,0.9800558436378142,0.97957215407394,0.0010850848931794985,0.9876923076923076,0.9907692307692307,0.9892307692307692,0.9938461538461538,0.9892224788298691,0.9901521880736661,0.002087606680823742,251,0.9907674552798615,0.9899980765531833,0.9903827659165224,0.9892286978265051,0.9903846153846154,0.9901523221921377,0.0005219821527445312,0.994232373602829,0.9946963179934165,0.9945636074516968,0.9968350905630955,0.9953429638877944,0.9951340706997666,0.0009238201495296272,271,0.9953344602423763,0.9952218648507599,0.995265058623507,0.9947100593925489,0.9950635806077924,0.9951190047433969,0.00022299827102922645
0.802800178527832,0.07665059299821177,0.2216357707977295,0.06064619179397533,,sqrt,1,100,7,False,"('gill-color', 'stalk-surface-above-ring', 'ring-type')","{'model__max_depth': None, 'model__max_features': 'sqrt', 'model__min_samples_leaf': 1, 'model__n_estimators': 100, 'select__drop': ('gill-color', 'stalk-surface-above-ring', 'ring-type'), 'select__k': 7, 'select__prune': False}",0.9975980784627703,1.0,0.9992019154030327,0.9992019154030327,0.9975980784627703,0.9987199975463212,0.0009612804775641835,133,0.9990017967658216,0.9984012789768185,0.9986013986013986,0.9986013986013986,0.9990017967658216,0.9987215339422519,0.00024021771112017916,0.9952076677316294,1.0,0.9984051036682615,0.9984051036682615,0.9952076677316294,0.9974451085599563,0.0019174427974193607,153,0.9980055843637814,0.9968076616121309,0.9972067039106145,0.9972067039106145,0.9980055843637814,0.9974464476321845,0.0004792221724257249,0.9976923076923077,1.0,0.9992307692307693,0.9992307692307693,0.9976905311778291,0.9987688754663351,0.0009234916234883537,133,0.9990382765916522,0.9984612425466436,0.9986535872283131,0.9986535872283131,0.9990384615384615,0.9987690310266768,0.0002308567800788867,0.9999822242868384,1.0,0.9999952603377957,0.999998815084449,0.9999857582993511,0.999992411601687,7.137947795482736e-06,145,0.9999959252280836,0.999991702053949,0.9999937765404618,0.9999922206755774,0.9999955564449249,0.9999938361885994,1.7024299528770122e-06
0.8909374237060547,0.10499326656413345,0.21770672798156737,0.06010445055340509,,sqrt,1,100,7,False,"('gill-color', 'stalk-surface-above-ring', 'stalk-surface-below-ring')","{'model__max_depth': None, 'model__max_features': 'sqrt', 'model__min_samples_leaf': 1, 'model__n_estimators': 100, 'select__drop': ('gill-color', 'stalk-surface-above-ring', 'stalk-surface-below-ring'), 'select__k': 7, 'select__prune': False}",0.9936507936507937,0.9935794542536116,0.9927710843373494,0.9976019184652278,0.9943775100401606,0.9943961521494286,0.0016817065937984577,194,0.9952362048431918,0.9955911823647294,0.9957924263674615,0.9945837512537613,0.9953917050691244,0.9953190539796537,0.0004125403094053494,1.0,0.9872408293460925,0.9856459330143541,0.9952153110047847,0.9888178913738019,0.9913839929478065,0.005396120630522327,206,1.0,0.99122106943336,0.9916201117318436,0.9892258579409418,0.9908256880733946,0.992578545435908,0.003798745753052788,0.9938461538461538,0.9938461538461538,0.9930769230769231,0.9976923076923077,0.9946112394149346,0.9946145555752948,0.0016135529260262395,194,0.9953837276399308,0.9957684170032699,0.9959607616849394,0.9948066935949221,0.995576923076923,0.995499304599997,0.0003960951382807294,0.9999715588589414,0.9999526033779573,0.9999040218403635,0.9999893357600403,0.9999418463890168,0.9999518732452639,2.89198592324482e-05,193,0.9999519917781475,0.9999559912504086,0.9999642151076555,0.9999419884664477,0.99995741593053,0.9999543205066379,7.318174017510555e-06
0.947710371017456,0.05281936791611226,0.24398927688598632,0.06047368277242726,,sqrt,1,100,7,False,"('gill-color', 'stalk-surface-above-ring', 'gill-size')","{'model__max_depth': None, 'model__max_features': 'sqrt', 'model__min_samples_leaf': 1, 'model__n_estimators': 100, 'select__drop': ('gill-color', 'stalk-surface-above-ring', 'gill-size'), 'select__k': 7, 'select__prune': False}",0.9975980784627703,1.0,0.9992019154030327,0.9992019154030327,0.9975980784627703,0.9987199975463212,0.0009612804775641835,133,0.9990017967658216,0.9984012789768185,0.9986013986013986,0.9986013986013986,0.9990017967658216,0.9987215339422519,0.00024021771112017916,0.9952076677316294,1.0,0.9984051036682615,0.9984051036682615,0.9952076677316294,0.9974451085599563,0.0019174427974193607,153,0.9980055843637814,0.9968076616121309,0.9972067039106145,0.9972067039106145,0.9980055843637814,0.9974464476321845,0.0004792221724257249,0.9976923076923077,1.0,0.9992307692307693,0.9992307692307693,0.9976905311778291,0.9987688754663351,0.0009234916234883537,133,0.9990382765916522,0.9984612425466436,0.9986535872283131,0.9986535872283131,0.9990384615384615,0.9987690310266768,0.0002308567800788867,0.9998684597226041,1.0,0.9999751167734275,0.999964452533468,0.9999109893709441,0.9999438036800887,4.757815075426911e-05,213,0.9999599931484563,0.9999330237211606,0.9999356909181055,0.9999403585127592,0.9999555644492487,0.999944926149946,1.0844431601274133e-05
1.5877721786499024,0.12773119283937318,0.29654755592346194,0.04839895061826018,,sqrt,1,250,7,False,"('gill-color', 'stalk-surface-above-ring')","{'model__max_depth': None, 'model__max_features': 'sqrt', 'model__min_samples_leaf': 1, 'model__n_estimators': 250, 'select__drop': ('gill-color', 'stalk-surface-above-ring'), 'select__k': 7, 'select__prune': False}",1.0,1.0,1.0,1.0,1.0,1.0,0.0,1,1.0,1.0,1.0,1.0,1.0,1.0,0.0,1.0,1.0,1.0,1.0,1.0,1.0,0.0,1,1.0,1.0,1.0,1.0,1.0,1.0,0.0,1.0,1.0,1.0,1.0,1.0,1.0,0.0,1,1.0,1.0,1.0,1.0,1.0,1.0,0.0,1.0,1.0,1.0,1.0,1.0,1.0,0.0,1,1.0,1.0,1.0,1.0,1.0,1.0,0.0
1.6488854885101318,0.12308386675335115,0.33411664962768556,0.1309439061831657,,sqrt,1,250,7,False,"('gill-color', 'stalk-surface-above-ring', 'odor')","{'model__max_depth': None, 'model__max_features': 'sqrt', 'model__min_samples_leaf': 1, 'model__n_estimators': 250, 'select__drop': ('gill-color', 'stalk-surface-above-ring', 'odor'), 'select__k': 7, 'select__prune': False}",0.9758378799688231,0.9819890368050117,0.9827586206896551,0.9766355140186916,0.9819607843137255,0.9798363671591815,0.0029637834328914486,273,0.980829420970266,0.9792887846815163,0.9790974799765579,0.9806300136959499,0.979296875,0.979828514864858,0.000741966984806346,1.0,1.0,1.0,1.0,1.0,1.0,0.0,1,1.0,1.0,1.0,1.0,1.0,1.0,0.0,0.9761538461538461,0.9823076923076923,0.9830769230769231,0.9769230769230769,0.9822940723633564,0.980151122164979,0.0029732753960050903,273,0.981150221196384,0.9796114637430275,0.9794191190613579,0.9809578765147143,0.9796153846153847,0.9801508130261738,0.0007433875780071333,0.9963962704183692,0.9977936872439102,0.9973469740811572,0.9973090567835231,0.9977794815071517,0.9973250940068222,0.0005078379290582768,257,0.9975720286318664,0.9972147795902534,0.9973164294293769,0.9973270241283526,0.9971988569398925,0.9973258237439484,0.0001335349499612201
1.6711968898773193,0.12237868418161721,0.40024895668029786,0.14825220227060767,,sqrt,1,250,7,False,"('gill-color', 'stalk-surface-above-ring', 'spore-print-color')","{'model__max_depth': None, 'model__max_features': 'sqrt', 'model__min_samples_leaf': 1, 'model__n_estimators': 250, 'select__drop': ('gill-color', 'stalk-surface-above-ring', 'spore-print-color'), 'select__k': 7, 'select__prune': False}",0.9870550161812298,0.9903381642512077,0.9887096774193549,0.9935794542536116,0.9886914378029079,0.9896747499816623,0.002211248833620915,251,0.9903342730567861,0.989516129032258,0.9899234179766223,0.9887005649717514,0.9899274778404512,0.9896803725755738,0.0005540246926373882,0.9744408945686901,0.9808612440191388,0.9776714513556619,0.9872408293460925,0.9776357827476039,0.9795700404074374,0.0043396391514859585,267,0.9808536098923015,0.9792498004788508,0.9800478850758181,0.9776536312849162,0.9800558436378142,0.97957215407394,0.0010850848931794985,0.9876923076923076,0.9907692307692307,0.9892307692307692,0.9938461538461538,0.9892224788298691,0.9901521880736661,0.002087606680823742,251,0.9907674552798615,0.9899980765531833,0.9903827659165224,0.9892286978265051,0.9903846153846154,0.9901523221921377,0.0005219821527445312,0.994232373602829,0.9946963179934165,0.9945636074516968,0.9968350905630955,0.9953429638877944,0.9951340706997666,0.0009238201495296272,271,0.9953344602423763,0.9952218648507599,0.995265058623507,0.9947100593925489,0.9950635806077924,0.9951190047433969,0.00022299827102922645
1.5678258419036866,0.13668031879552067,0.2847170352935791,0.11972515620576303,,sqrt,1,250,7,False,"('gill-color', 'stalk-surface-above-ring', 'ring-type')","{'model__max_depth': None, 'model__max_features': 'sqrt', 'model__min_samples_leaf': 1, 'model__n_estimators': 250, 'select__drop': ('gill-color', 'stalk-surface-above-ring', 'ring-type'), 'select__k': 7, 'select__prune': False}",0.9975980784627703,1.0,0.9992019154030327,0.9992019154030327,0.9975980784627703,0.9987199975463212,0.0009612804775641835,133,0.9990017967658216,0.9984012789768185,0.9986013986013986,0.9986013986013986,0.9990017967658216,0.9987215339422519,0.00024021771112017916,0.9952076677316294,1.0,0.9984051036682615,0.9984051036682615,0.9952076677316294,0.9974451085599563,0.0019174427974193607,153,0.9980055843637814,0.9968076616121309,0.9972067039106145,0.9972067039106145,0.9980055843637814,0.9974464476321845,0.0004792221724257249,0.9976923076923077,1.0,0.9992307692307693,0.9992307692307693,0.9976905311778291,0.9987688754663351,0.0009234916234883537,133,0.9990382765916522,0.9984612425466436,0.9986535872283131,0.9986535872283131,0.9990384615384615,0.9987690310266768,0.0002308567800788867,0.9999822242868384,1.0,0.9999952603377957,0.999998815084449,0.9999857582993511,0.999992411601687,7.137947795482736e-06,145,0.9999959252280836,0.999991702053949,0.9999937765404618,0.9999922206755774,0.9999955564449249,0.9999938361885994,1.7024299528770122e-06
1.6650601863861083,0.0782828629944594,0.291563892364502,0.077851298272441,,sqrt,1,250,7,False,"('gill-color', 'stalk-surface-above-ring', 'stalk-surface-below-ring')","{'model__max_depth': None, 'model__max_features': 'sqrt', 'model__min_samples_leaf': 1, 'model__n_estimators': 250, 'select__drop': ('gill-color', 'stalk-surface-above-ring', 'stalk-surface-below-ring'), 'select__k': 7, 'select__prune': False}",0.9936507936507937,0.9935794542536116,0.9927710843373494,0.9976019184652278,0.9943775100401606,0.9943961521494286,0.0016817065937984577,194,0.9952362048431918,0.9955911823647294,0.9957924263674615,0.9945837512537613,0.9953917050691244,0.9953190539796537,0.0004125403094053494,1.0,0.9872408293460925,0.9856459330143541,0.9952153110047847,0.9888178913738019,0.9913839929478065,0.005396120630522327,206,1.0,0.99122106943336,0.9916201117318436,0.9892258579409418,0.9908256880733946,0.992578545435908,0.003798745753052788,0.9938461538461538,0.9938461538461538,0.9930769230769231,0.9976923076923077,0.9946112394149346,0.9946145555752948,0.0016135529260262395,194,0.9953837276399308,0.9957684170032699,0.9959607616849394,0.9948066935949221,0.995576923076923,0.995499304599997,0.0003960951382807294,0.9999715588589414,0.9999526033779573,0.9999040218403635,0.9999893357600403,0.9999418463890168,0.9999518732452639,2.89198592324482e-05,193,0.9999519917781475,0.9999559912504086,0.9999642151076555,0.9999419884664477,0.99995741593053,0.9999543205066379,7.318174017510555e-06
1.5213854789733887,0.08177870518514607,0.2839958667755127,0.051399394127694495,,sqrt,1,250,7,False,"('gill-color', 'stalk-surface-above-ring', 'gill-size')","{'model__max_depth': None, 'model__max_features': 'sqrt', 'model__min_samples_leaf': 1, 'model__n_estimators': 250, 'select__drop': ('gill-color', 'stalk-surface-above-ring', 'gill-size'), 'select__k': 7, 'select__prune': False}",0.9975980784627703,1.0,0.9992019154030327,0.9992019154030327,0.9975980784627703,0.9987199975463212,0.0009612804775641835,133,0.9990017967658216,0.9984012789768185,0.9986013986013986,0.9986013986013986,0.9990017967658216,0.9987215339422519,0.00024021771112017916,0.9952076677316294,1.0,0.9984051036682615,0.9984051036682615,0.9952076677316294,0.9974451085599563,0.0019174427974193607,153,0.9980055843637814,0.9968076616121309,0.9972067039106145,0.9972067039106145,0.9980055843637814,0.9974464476321845,0.0004792221724257249,0.9976923076923077,1.0,0.9992307692307693,0.9992307692307693,0.9976905311778291,0.9987688754663351,0.0009234916234883537,133,0.9990382765916522,0.9984612425466436,0.9986535872283131,0.9986535872283131,0.9990384615384615,0.9987690310266768,0.0002308567800788867,0.9998684597226041,1.0,0.9999751167734275,0.999964452533468,0.9999109893709441,0.9999438036800887,4.757815075426911e-05,213,0.9999599931484563,0.9999330237211606,0.9999356909181055,0.9999403585127592,0.9999555644492487,0.999944926149946,1.0844431601274133e-05
0.7846557140350342,0.15093533670220682,0.11031537055969239,0.008499471957894663,,sqrt,3,100,7,False,"('gill-color', 'stalk-surface-above-ring')","{'model__max_depth': None, 'model__max_features': 'sqrt', 'model__min_samples_leaf': 3, 'model__n_estimators': 100, 'select__drop': ('gill-color', 'stalk-surface-above-ring'), 'select__k': 7, 'select__prune': False}",1.0,1.0,1.0,1.0,1.0,1.0,0.0,1,1.0,1.0,1.0,1.0,1.0,1.0,0.0,1.0,1.0,1.0,1.0,1.0,1.0,0.0,1,1.0,1.0,1.0,1.0,1.0,1.0,0.0,1.0,1.0,1.0,1.0,1.0,1.0,0.0,1,1.0,1.0,1.0,1.0,1.0,1.0,0.0,1.0,1.0,1.0,1.0,1.0,1.0,0.0,1,1.0,1.0,1.0,1.0,1.0,1.0,0.0
0.8741547584533691,0.0772559344984455,0.1841446876525879,0.0723486918637666,,sqrt,3,100,7,False,"('gill-color', 'stalk-surface-above-ring', 'odor')","{'model__max_depth': None, 'model__max_features': 'sqrt', 'model__min_samples_leaf': 3, 'model__n_estimators': 100, 'select__drop': ('gill-color', 'stalk-surface-above-ring', 'odor'), 'select__k': 7, 'select__prune': False}",0.9758378799688231,0.9819890368050117,0.9827586206896551,0.9766355140186916,0.9819607843137255,0.9798363671591815,0.0029637834328914486,273,0.980829420970266,0.9792887846815163,0.9790974799765579,0.9806300136959499,0.979296875,0.979828514864858,0.000741966984806346,1.0,1.0,1.0,1.0,1.0,1.0,0.0,1,1.0,1.0,1.0,1.0,1.0,1.0,0.0,0.9761538461538461,0.9823076923076923,0.9830769230769231,0.9769230769230769,0.9822940723633564,0.980151122164979,0.0029732753960050903,273,0.981150221196384,0.9796114637430275,0.9794191190613579,0.9809578765147143,0.9796153846153847,0.9801508130261738,0.0007433875780071333,0.996360718992046,0.99779368724391,0.9973374947567486,0.997309056783523,0.9977509981058538,0.9973103911764163,0.0005158145398418014,263,0.9975638790880335,0.9972147795902533,0.9973039825103005,0.9973270241283526,0.9971899698297422,0.9973199270293364,0.00013248551703214564
0.9145088195800781,0.08668425544324601,0.18639116287231444,0.06298345110814568,,sqrt,3,100,7,False,"('gill-color', 'stalk-surface-above-ring', 'spore-print-color')","{'model__max_depth': None, 'model__max_features': 'sqrt', 'model__min_samples_leaf': 3, 'model__n_estimators': 100, 'select__drop': ('gill-color', 'stalk-surface-above-ring', 'spore-print-color'), 'select__k': 7, 'select__prune': False}",0.9870550161812298,0.9903381642512077,0.9887096774193549,0.9935794542536116,0.9886914378029079,0.9896747499816623,0.002211248833620915,251,0.9903342730567861,0.989516129032258,0.9899234179766223,0.9887005649717514,0.9899274778404512,0.9896803725755738,0.0005540246926373882,0.9744408945686901,0.9808612440191388,0.9776714513556619,0.9872408293460925,0.9776357827476039,0.9795700404074374,0.0043396391514859585,267,0.9808536098923015,0.9792498004788508,0.9800478850758181,0.9776536312849162,0.9800558436378142,0.97957215407394,0.0010850848931794985,0.9876923076923076,0.9907692307692307,0.9892307692307692,0.9938461538461538,0.9892224788298691,0.9901521880736661,0.002087606680823742,251,0.9907674552798615,0.9899980765531833,0.9903827659165224,0.9892286978265051,0.9903846153846154,0.9901523221921377,0.0005219821527445312,0.994232373602829,0.9946963179934165,0.9945636074516968,0.9968350905630955,0.9953429638877944,0.9951340706997666,0.0009238201495296272,271,0.9953344602423763,0.9952218648507599,0.995265058623507,0.9947100593925489,0.9950635806077924,0.9951190047433969,0.00022299827102922645
0.887300443649292,0.12299365416509284,0.20132193565368653,0.059557894928393154,,sqrt,3,100,7,False,"('gill-color', 'stalk-surface-above-ring', 'ring-type')","{'model__max_depth': None, 'model__max_features': 'sqrt', 'model__min_samples_leaf': 3, 'model__n_estimators': 100, 'select__drop': ('gill-color', 'stalk-surface-above-ring', 'ring-type'), 'select__k': 7, 'select__prune': False}",0.9975980784627703,1.0,0.9992019154030327,0.9992019154030327,0.9975980784627703,0.9987199975463212,0.0009612804775641835,133,0.9990017967658216,0.9984012789768185,0.9986013986013986,0.9986013986013986,0.9990017967658216,0.9987215339422519,0.00024021771112017916,0.9952076677316294,1.0,0.9984051036682615,0.9984051036682615,0.9952076677316294,0.9974451085599563,0.0019174427974193607,153,0.9980055843637814,0.9968076616121309,0.9972067039106145,0.9972067039106145,0.9980055843637814,0.9974464476321845,0.0004792221724257249,0.9976923076923077,1.0,0.9992307692307693,0.9992307692307693,0.9976905311778291,0.9987688754663351,0.0009234916234883537,133,0.9990382765916522,0.9984612425466436,0.9986535872283131,0.9986535872283131,0.9990384615384615,0.9987690310266768,0.0002308567800788867,0.9999822242868384,1.0,0.9999952603377957,0.999998815084449,0.9999857582993511,0.999992411601687,7.137947795482736e-06,145,0.9999959252280836,0.999991702053949,0.9999937765404618,0.9999922206755774,0.9999955564449249,0.9999938361885994,1.7024299528770122e-06
0.8386305809020996,0.1093571997303149,0.15750374794006347,0.06413205331282228,,sqrt,3,100,7,False,"('gill-color', 'stalk-surface-above-ring', 'stalk-surface-below-ring')","{'model__max_depth': None, 'model__max_features': 'sqrt', 'model__min_samples_leaf': 3, 'model__n_estimators': 100, 'select__drop': ('gill-color', 'stalk-surface-above-ring', 'stalk-surface-below-ring'), 'select__k': 7, 'select__prune': False}",0.9936507936507937,0.9935794542536116,0.9927710843373494,0.9976019184652278,0.9943775100401606,0.9943961521494286,0.0016817065937984577,194,0.9952362048431918,0.9955911823647294,0.9957924263674615,0.9945837512537613,0.9953917050691244,0.9953190539796537,0.0004125403094053494,1.0,0.9872408293460925,0.9856459330143541,0.9952153110047847,0.9888178913738019,0.9913839929478065,0.005396120630522327,206,1.0,0.99122106943336,0.9916201117318436,0.9892258579409418,0.9908256880733946,0.992578545435908,0.003798745753052788,0.9938461538461538,0.9938461538461538,0.9930769230769231,0.9976923076923077,0.9946112394149346,0.9946145555752948,0.0016135529260262395,194,0.9953837276399308,0.9957684170032699,0.9959607616849394,0.9948066935949221,0.995576923076923,0.995499304599997,0.0003960951382807294,0.9999715588589414,0.9999526033779572,0.9999040218403634,0.9999893357600403,0.9999418463890168,0.9999518732452639,2.891985923248438e-05,193,0.9999519917781475,0.9999559912504087,0.9999642151076554,0.9999419884664478,0.99995741593053,0.9999543205066379,7.318174017448185e-06
0.9235676288604736,0.09340745784272321,0.15154628753662108,0.05442686192950793,,sqrt,3,100,7,False,"('gill-color', 'stalk-surface-above-ring', 'gill-size')","{'model__max_depth': None, 'model__max_features': 'sqrt', 'model__min_samples_leaf': 3, 'model__n_estimators': 100, 'select__drop': ('gill-color', 'stalk-surface-above-ring', 'gill-size'), 'select__k': 7, 'select__prune': False}",0.9975980784627703,1.0,0.9992019154030327,0.9992019154030327,0.9975980784627703,0.9987199975463212,0.0009612804775641835,133,0.9990017967658216,0.9984012789768185,0.9986013986013986,0.9986013986013986,0.9990017967658216,0.9987215339422519,0.00024021771112017916,0.9952076677316294,1.0,0.9984051036682615,0.9984051036682615,0.9952076677316294,0.9974451085599563,0.0019174427974193607,153,0.9980055843637814,0.9968076616121309,0.9972067039106145,0.9972067039106145,0.9980055843637814,0.9974464476321845,0.0004792221724257249,0.9976923076923077,1.0,0.9992307692307693,0.9992307692307693,0.9976905311778291,0.9987688754663351,0.0009234916234883537,133,0.9990382765916522,0.9984612425466436,0.9986535872283131,0.9986535872283131,0.9990384615384615,0.9987690310266768,0.0002308567800788867,0.9998684597226041,1.0,0.9999751167734275,0.999964452533468,0.9999109893709441,0.9999438036800887,4.757815075426911e-05,213,0.9999599931484563,0.9999330237211606,0.9999356909181055,0.9999403585127592,0.9999555644492487,0.999944926149946,1.0844431601274133e-05
1.5086909770965575,0.12035768878851055,0.27003173828125,0.10525550486315456,,sqrt,3,250,7,False,"('gill-color', 'stalk-surface-above-ring')","{'model__max_depth': None, 'model__max_features': 'sqrt', 'model__min_samples_leaf': 3, 'model__n_estimators': 250, 'select__drop': ('gill-color', 'stalk-surface-above-ring'), 'select__k': 7, 'select__prune': False}",1.0,1.0,1.0,1.0,1.0,1.0,0.0,1,1.0,1.0,1.0,1.0,1.0,1.0,0.0,1.0,1.0,1.0,1.0,1.0,1.0,0.0,1,1.0,1.0,1.0,1.0,1.0,1.0,0.0,1.0,1.0,1.0,1.0,1.0,1.0,0.0,1,1.0,1.0,1.0,1.0,1.0,1.0,0.0,1.0,1.0,1.0,1.0,1.0,1.0,0.0,1,1.0,1.0,1.0,1.0,1.0,1.0,0.0
1.5828481674194337,0.23519734244051865,0.30460143089294434,0.15137451627627968,,sqrt,3,250,7,False,"('gill-color', 'stalk-surface-above-ring', 'odor')","{'model__max_depth': None, 'model__max_features': 'sqrt', 'model__min_samples_leaf': 3, 'model__n_estimators': 250, 'select__drop': ('gill-color', 'stalk-surface-above-ring', 'odor'), 'select__k': 7, 'select__prune': False}",0.9758378799688231,0.9819890368050117,0.9827586206896551,0.9766355140186916,0.9819607843137255,0.9798363671591815,0.0029637834328914486,273,0.980829420970266,0.9792887846815163,0.9790974799765579,0.9806300136959499,0.979296875,0.979828514864858,0.000741966984806346,1.0,1.0,1.0,1.0,1.0,1.0,0.0,1,1.0,1.0,1.0,1.0,1.0,1.0,0.0,0.9761538461538461,0.9823076923076923,0.9830769230769231,0.9769230769230769,0.9822940723633564,0.980151122164979,0.0029732753960050903,273,0.981150221196384,0.9796114637430275,0.9794191190613579,0.9809578765147143,0.9796153846153847,0.9801508130261738,0.0007433875780071333,0.9963607189920459,0.99779368724391,0.9973374947567487,0.997306686952421,0.9977509981058539,0.9973099172101959,0.0005158166369966143,264,0.9975638790880333,0.9972147795902533,0.9973039825103006,0.9973114654795072,0.9971899698297422,0.9973168152995674,0.0001324649959926049
1.6180188655853271,0.11039311934810436,0.3061251640319824,0.14313643391123088,,sqrt,3,250,7,False,"('gill-color', 'stalk-surface-above-ring', 'spore-print-color')","{'model__max_depth': None, 'model__max_features': 'sqrt', 'model__min_samples_leaf': 3, 'model__n_estimators': 250, 'select__drop': ('gill-color', 'stalk-surface-above-ring', 'spore-print-color'), 'select__k': 7, 'select__prune': False}",0.9870550161812298,0.9903381642512077,0.9887096774193549,0.9935794542536116,0.9886914378029079,0.9896747499816623,0.002211248833620915,251,0.9903342730567861,0.989516129032258,0.9899234179766223,0.9887005649717514,0.9899274778404512,0.9896803725755738,0.0005540246926373882,0.9744408945686901,0.9808612440191388,0.9776714513556619,0.9872408293460925,0.9776357827476039,0.9795700404074374,0.0043396391514859585,267,0.9808536098923015,0.9792498004788508,0.9800478850758181,0.9776536312849162,0.9800558436378142,0.97957215407394,0.0010850848931794985,0.9876923076923076,0.9907692307692307,0.9892307692307692,0.9938461538461538,0.9892224788298691,0.9901521880736661,0.002087606680823742,251,0.9907674552798615,0.9899980765531833,0.9903827659165224,0.9892286978265051,0.9903846153846154,0.9901523221921377,0.0005219821527445312,0.994232373602829,0.9946963179934165,0.9945636074516968,0.9968350905630955,0.9953429638877944,0.9951340706997666,0.0009238201495296272,271,0.9953344602423763,0.9952218648507599,0.995265058623507,0.9947100593925489,0.9950635806077924,0.9951190047433969,0.00022299827102922645
1.5262646198272705,0.09722816710369155,0.34482316970825194,0.128427986432195,,sqrt,3,250,7,False,"('gill-color', 'stalk-surface-above-ring', 'ring-type')","{'model__max_depth': None, 'model__max_features': 'sqrt', 'model__min_samples_leaf': 3, 'model__n_estimators': 250, 'select__drop': ('gill-color', 'stalk-surface-above-ring', 'ring-type'), 'select__k': 7, 'select__prune': False}",0.9975980784627703,1.0,0.9992019154030327,0.9992019154030327,0.9975980784627703,0.9987199975463212,0.0009612804775641835,133,0.9990017967658216,0.9984012789768185,0.9986013986013986,0.9986013986013986,0.9990017967658216,0.9987215339422519,0.00024021771112017916,0.9952076677316294,1.0,0.9984051036682615,0.9984051036682615,0.9952076677316294,0.9974451085599563,0.0019174427974193607,153,0.9980055843637814,0.9968076616121309,0.9972067039106145,0.9972067039106145,0.9980055843637814,0.9974464476321845,0.0004792221724257249,0.9976923076923077,1.0,0.9992307692307693,0.9992307692307693,0.9976905311778291,0.9987688754663351,0.0009234916234883537,133,0.9990382765916522,0.9984612425466436,0.9986535872283131,0.9986535872283131,0.9990384615384615,0.9987690310266768,0.0002308567800788867,0.9999822242868384,1.0,0.9999952603377957,0.999998815084449,0.9999857582993511,0.999992411601687,7.137947795482736e-06,145,0.9999959252280836,0.999991702053949,0.9999937765404618,0.9999922206755774,0.9999955564449249,0.9999938361885994,1.7024299528770122e-06
1.6629344463348388,0.12969490432372396,0.33943729400634765,0.09834381640074218,,sqrt,3,250,7,False,"('gill-color', 'stalk-surface-above-ring', 'stalk-surface-below-ring')","{'model__max_depth': None, 'model__max_features': 'sqrt', 'model__min_samples_leaf': 3, 'model__n_estimators': 250, 'select__drop': ('gill-color', 'stalk-surface-above-ring', 'stalk-surface-below-ring'), 'select__k': 7, 'select__prune': False}",0.9936507936507937,0.9935794542536116,0.9927710843373494,0.9976019184652278,0.9943775100401606,0.9943961521494286,0.0016817065937984577,194,0.9952362048431918,0.9955911823647294,0.9957924263674615,0.9945837512537613,0.9953917050691244,0.9953190539796537,0.0004125403094053494,1.0,0.9872408293460925,0.9856459330143541,0.9952153110047847,0.9888178913738019,0.9913839929478065,0.005396120630522327,206,1.0,0.99122106943336,0.9916201117318436,0.9892258579409418,0.9908256880733946,0.992578545435908,0.003798745753052788,0.9938461538461538,0.9938461538461538,0.9930769230769231,0.9976923076923077,0.9946112394149346,0.9946145555752948,0.0016135529260262395,194,0.9953837276399308,0.9957684170032699,0.9959607616849394,0.9948066935949221,0.995576923076923,0.995499304599997,0.0003960951382807294,0.9999715588589414,0.9999526033779573,0.9999040218403634,0.9999893357600403,0.9999418463890168,0.9999518732452639,2.8919859232484942e-05,193,0.9999519917781474,0.9999559912504086,0.9999642151076555,0.9999419884664477,0.99995741593053,0.9999543205066377,7.318174017517621e-06
1.681751823425293,0.0960081616307335,0.3627817153930664,0.114718479888155,,sqrt,3,250,7,False,"('gill-color', 'stalk-surface-above-ring', 'gill-size')","{'model__max_depth': None, 'model__max_features': 'sqrt', 'model__min_samples_leaf': 3, 'model__n_estimators': 250, 'select__drop': ('gill-color', 'stalk-surface-above-ring', 'gill-size'), 'select__k': 7, 'select__prune': False}",0.9975980784627703,1.0,0.9992019154030327,0.9992019154030327,0.9975980784627703,0.9987199975463212,0.0009612804775641835,133,0.9990017967658216,0.9984012789768185,0.9986013986013986,0.9986013986013986,0.9990017967658216,0.9987215339422519,0.00024021771112017916,0.9952076677316294,1.0,0.9984051036682615,0.9984051036682615,0.9952076677316294,0.9974451085599563,0.0019174427974193607,153,0.9980055843637814,0.9968076616121309,0.9972067039106145,0.9972067039106145,0.9980055843637814,0.9974464476321845,0.0004792221724257249,0.9976923076923077,1.0,0.9992307692307693,0.9992307692307693,0.9976905311778291,0.9987688754663351,0.0009234916234883537,133,0.9990382765916522,0.9984612425466436,0.9986535872283131,0.9986535872283131,0.9990384615384615,0.9987690310266768,0.0002308567800788867,0.9998684597226041,1.0,0.9999751167734277,0.999964452533468,0.9999109893709441,0.9999438036800887,4.757815075428373e-05,213,0.9999599931484563,0.9999330237211606,0.9999356909181054,0.9999403585127592,0.9999555644492488,0.999944926149946,1.0844431601314824e-05
0.9278028011322021,0.11918559228051212,0.11680188179016113,0.015204886127410111,,0.7,1,100,7,False,"('gill-color', 'stalk-surface-above-ring')","{'model__max_depth': None, 'model__max_features': 0.7, 'model__min_samples_leaf': 1, 'model__n_estimators': 100, 'select__drop': ('gill-color', 'stalk-surface-above-ring'), 'select__k': 7, 'select__prune': False}",1.0,1.0,1.0,1.0,1.0,1.0,0.0,1,1.0,1.0,1.0,1.0,1.0,1.0,0.0,1.0,1.0,1.0,1.0,1.0,1.0,0.0,1,1.0,1.0,1.0,1.0,1.0,1.0,0.0,1.0,1.0,1.0,1.0,1.0,1.0,0.0,1,1.0,1.0,1.0,1.0,1.0,1.0,0.0,1.0,1.0,1.0,1.0,1.0,1.0,0.0,1,1.0,1.0,1.0,1.0,1.0,1.0,0.0
1.1175636291503905,0.09006880721288611,0.13462963104248046,0.007987252298434082,,0.7,1,100,7,False,"('gill-color', 'stalk-surface-above-ring', 'odor')","{'model__max_depth': None, 'model__max_features': 0.7, 'model__min_samples_leaf': 1, 'model__n_estimators': 100, 'select__drop': ('gill-color', 'stalk-surface-above-ring', 'odor'), 'select__k': 7, 'select__prune': False}",0.9758378799688231,0.9819890368050117,0.9827586206896551,0.9766355140186916,0.9819607843137255,0.9798363671591815,0.0029637834328914486,273,0.980829420970266,0.9792887846815163,0.9790974799765579,0.9806300136959499,0.979296875,0.979828514864858,0.000741966984806346,1.0,1.0,1.0,1.0,1.0,1.0,0.0,1,1.0,1.0,1.0,1.0,1.0,1.0,0.0,0.9761538461538461,0.9823076923076923,0.9830769230769231,0.9769230769230769,0.9822940723633564,0.980151122164979,0.0029732753960050903,273,0.981150221196384,0.9796114637430275,0.9794191190613579,0.9809578765147143,0.9796153846153847,0.9801508130261738,0.0007433875780071333,0.9963962704183692,0.9977936872439102,0.9973469740811572,0.9973090567835231,0.9977794815071517,0.9973250940068222,0.0005078379290582768,257,0.9975720286318664,0.9972147795902534,0.9973164294293769,0.9973270241283526,0.9971988569398925,0.9973258237439484,0.0001335349499612201
1.0990051746368408,0.07213006212330163,0.12387409210205078,0.005616920600418232,,0.7,1,100,7,False,"('gill-color', 'stalk-surface-above-ring', 'spore-print-color')","{'model__max_depth': None, 'model__max_features': 0.7, 'model__min_samples_leaf': 1, 'model__n_estimators': 100, 'select__drop': ('gill-color', 'stalk-surface-above-ring', 'spore-print-color'), 'select__k': 7, 'select__prune': False}",0.9870550161812298,0.9903381642512077,0.9887096774193549,0.9935794542536116,0.9886914378029079,0.9896747499816623,0.002211248833620915,251,0.9903342730567861,0.989516129032258,0.9899234179766223,0.9887005649717514,0.9899274778404512,0.9896803725755738,0.0005540246926373882,0.9744408945686901,0.9808612440191388,0.9776714513556619,0.9872408293460925,0.9776357827476039,0.9795700404074374,0.0043396391514859585,267,0.9808536098923015,0.9792498004788508,0.9800478850758181,0.9776536312849162,0.9800558436378142,0.97957215407394,0.0010850848931794985,0.9876923076923076,0.9907692307692307,0.9892307692307692,0.9938461538461538,0.9892224788298691,0.9901521880736661,0.002087606680823742,251,0.9907674552798615,0.9899980765531833,0.9903827659165224,0.9892286978265051,0.9903846153846154,0.9901523221921377,0.0005219821527445312,0.994232373602829,0.9946963179934165,0.9945636074516968,0.9968350905630955,0.9953429638877944,0.9951340706997666,0.0009238201495296272,271,0.9953344602423763,0.9952218648507599,0.995265058623507,0.9947100593925489,0.9950635806077924,0.9951190047433969,0.00022299827102922645
1.0016845226287843,0.15053864813709592,0.24559383392333983,0.1456778166267353,,0.7,1,100,7,False,"('gill-color', 'stalk-surface-above-ring', 'ring-type')","{'model__max_depth': None, 'model__max_features': 0.7, 'model__min_samples_leaf': 1, 'model__n_estimators': 100, 'select__drop': ('gill-color', 'stalk-surface-above-ring', 'ring-type'), 'select__k': 7, 'select__prune': False}",0.9975980784627703,1.0,0.9992019154030327,0.9992019154030327,0.9975980784627703,0.9987199975463212,0.0009612804775641835,133,0.9990017967658216,0.9984012789768185,0.9986013986013986,0.9986013986013986,0.9990017967658216,0.9987215339422519,0.00024021771112017916,0.9952076677316294,1.0,0.9984051036682615,0.9984051036682615,0.9952076677316294,0.9974451085599563,0.0019174427974193607,153,0.9980055843637814,0.9968076616121309,0.9972067039106145,0.9972067039106145,0.9980055843637814,0.9974464476321845,0.0004792221724257249,0.9976923076923077,1.0,0.9992307692307693,0.9992307692307693,0.9976905311778291,0.9987688754663351,0.0009234916234883537,133,0.9990382765916522,0.9984612425466436,0.9986535872283131,0.9986535872283131,0.9990384615384615,0.9987690310266768,0.0002308567800788867,0.9999822242868384,1.0,0.9999952603377957,0.999998815084449,0.9999857582993511,0.999992411601687,7.137947795482736e-06,145,0.9999959252280836,0.999991702053949,0.9999937765404618,0.9999922206755774,0.9999955564449249,0.9999938361885994,1.7024299528770122e-06
1.1285944938659669,0.059640563128884376,0.12268757820129395,0.032070980739522546,,0.7,1,100,7,False,"('gill-color', 'stalk-surface-above-ring', 'stalk-surface-below-ring')","{'model__max_depth': None, 'model__max_features': 0.7, 'model__min_samples_leaf': 1, 'model__n_estimators': 100, 'select__drop': ('gill-color', 'stalk-surface-above-ring', 'stalk-surface-below-ring'), 'select__k': 7, 'select__prune': False}",0.9936507936507937,0.9935794542536116,0.9927710843373494,0.9976019184652278,0.9943775100401606,0.9943961521494286,0.0016817065937984577,194,0.9952362048431918,0.9955911823647294,0.9957924263674615,0.9945837512537613,0.9953917050691244,0.9953190539796537,0.0004125403094053494,1.0,0.9872408293460925,0.9856459330143541,0.9952153110047847,0.9888178913738019,0.9913839929478065,0.005396120630522327,206,1.0,0.99122106943336,0.9916201117318436,0.9892258579409418,0.9908256880733946,0.992578545435908,0.003798745753052788,0.9938461538461538,0.9938461538461538,0.9930769230769231,0.9976923076923077,0.9946112394149346,0.9946145555752948,0.0016135529260262395,194,0.9953837276399308,0.9957684170032699,0.9959607616849394,0.9948066935949221,0.995576923076923,0.995499304599997,0.0003960951382807294,0.9999715588589414,0.9999526033779573,0.9999040218403635,0.9999893357600403,0.9999418463890168,0.9999518732452639,2.89198592324482e-05,193,0.9999519917781475,0.9999559912504086,0.9999642151076555,0.9999419884664477,0.99995741593053,0.9999543205066379,7.318174017510555e-06
1.0891046524047852,0.06835338047915032,0.1465768337249756,0.06114314952885775,,0.7,1,100,7,False,"('gill-color', 'stalk-surface-above-ring', 'gill-size')","{'model__max_depth': None, 'model__max_features': 0.7, 'model__min_samples_leaf': 1, 'model__n_estimators': 100, 'select__drop': ('gill-color', 'stalk-surface-above-ring', 'gill-size'), 'select__k': 7, 'select__prune': False}",0.9975980784627703,1.0,0.9992019154030327,0.9992019154030327,0.9975980784627703,0.9987199975463212,0.0009612804775641835,133,0.9990017967658216,0.9984012789768185,0.9986013986013986,0.9986013986013986,0.9990017967658216,0.9987215339422519,0.00024021771112017916,0.9952076677316294,1.0,0.9984051036682615,0.9984051036682615,0.9952076677316294,0.9974451085599563,0.0019174427974193607,153,0.9980055843637814,0.9968076616121309,0.9972067039106145,0.9972067039106145,0.9980055843637814,0.9974464476321845,0.0004792221724257249,0.9976923076923077,1.0,0.9992307692307693,0.9992307692307693,0.9976905311778291,0.9987688754663351,0.0009234916234883537,133,0.9990382765916522,0.9984612425466436,0.9986535872283131,0.9986535872283131,0.9990384615384615,0.9987690310266768,0.0002308567800788867,0.9998684597226041,1.0,0.9999751167734275,0.999964452533468,0.9999109893709441,0.9999438036800887,4.757815075426911e-05,213,0.9999599931484563,0.9999330237211606,0.9999356909181055,0.9999403585127592,0.9999555644492487,0.999944926149946,1.0844431601274133e-05
1.750058126449585,0.16859293014491086,0.2619330883026123,0.08483393982202905,,0.7,1,250,7,False,"('gill-color', 'stalk-surface-above-ring')","{'model__max_depth': None, 'model__max_features': 0.7, 'model__min_samples_leaf': 1, 'model__n_estimators': 250, 'select__drop': ('gill-color', 'stalk-surface-above-ring'), 'select__k': 7, 'select__prune': False}",1.0,1.0,1.0,1.0,1.0,1.0,0.0,1,1.0,1.0,1.0,1.0,1.0,1.0,0.0,1.0,1.0,1.0,1.0,1.0,1.0,0.0,1,1.0,1.0,1.0,1.0,1.0,1.0,0.0,1.0,1.0,1.0,1.0,1.0,1.0,0.0,1,1.0,1.0,1.0,1.0,1.0,1.0,0.0,1.0,1.0,1.0,1.0,1.0,1.0,0.0,1,1.0,1.0,1.0,1.0,1.0,1.0,0.0
1.575939416885376,0.12968133536891047,0.31170096397399905,0.07527938124534601,,0.7,1,250,7,False,"('gill-color', 'stalk-surface-above-ring', 'odor')","{'model__max_depth': None, 'model__max_features': 0.7, 'model__min_samples_leaf': 1, 'model__n_estimators': 250, 'select__drop': ('gill-color', 'stalk-surface-above-ring', 'odor'), 'select__k': 7, 'select__prune': False}",0.9758378799688231,0.9819890368050117,0.9827586206896551,0.9766355140186916,0.9819607843137255,0.9798363671591815,0.0029637834328914486,273,0.980829420970266,0.9792887846815163,0.9790974799765579,0.9806300136959499,0.979296875,0.979828514864858,0.000741966984806346,1.0,1.0,1.0,1.0,1.0,1.0,0.0,1,1.0,1.0,1.0,1.0,1.0,1.0,0.0,0.9761538461538461,0.9823076923076923,0.9830769230769231,0.9769230769230769,0.9822940723633564,0.980151122164979,0.0029732753960050903,273,0.981150221196384,0.9796114637430275,0.9794191190613579,0.9809578765147143,0.9796153846153847,0.9801508130261738,0.0007433875780071333,0.9963962704183692,0.9977936872439102,0.9973469740811572,0.9973090567835231,0.9977794815071517,0.9973250940068222,0.0005078379290582768,257,0.9975720286318664,0.9972147795902534,0.9973164294293769,0.9973270241283526,0.9971988569398925,0.9973258237439484,0.0001335349499612201
1.521960163116455,0.09767949875082872,0.3080183982849121,0.07517296002967781,,0.7,1,250,7,False,"('gill-color', 'stalk-surface-above-ring', 'spore-print-color')","{'model__max_depth': None, 'model__max_features': 0.7, 'model__min_samples_leaf': 1, 'model__n_estimators': 250, 'select__drop': ('gill-color', 'stalk-surface-above-ring', 'spore-print-color'), 'select__k': 7, 'select__prune': False}",0.9870550161812298,0.9903381642512077,0.9887096774193549,0.9935794542536116,0.9886914378029079,0.9896747499816623,0.002211248833620915,251,0.9903342730567861,0.989516129032258,0.9899234179766223,0.9887005649717514,0.9899274778404512,0.9896803725755738,0.0005540246926373882,0.9744408945686901,0.9808612440191388,0.9776714513556619,0.9872408293460925,0.9776357827476039,0.9795700404074374,0.0043396391514859585,267,0.9808536098923015,0.9792498004788508,0.9800478850758181,0.9776536312849162,0.9800558436378142,0.97957215407394,0.0010850848931794985,0.9876923076923076,0.9907692307692307,0.9892307692307692,0.9938461538461538,0.9892224788298691,0.9901521880736661,0.002087606680823742,251,0.9907674552798615,0.9899980765531833,0.9903827659165224,0.9892286978265051,0.9903846153846154,0.9901523221921377,0.0005219821527445312,0.994232373602829,0.9946963179934165,0.9945636074516968,0.9968350905630955,0.9953429638877944,0.9951340706997666,0.0009238201495296272,271,0.9953344602423763,0.9952218648507599,0.995265058623507,0.9947100593925489,0.9950635806077924,0.9951190047433969,0.00022299827102922645
1.6573540687561035,0.09576398651523076,0.3180369853973389,0.06802251205911865,,0.7,1,250,7,False,"('gill-color', 'stalk-surface-above-ring', 'ring-type')","{'model__max_depth': None, 'model__max_features': 0.7, 'model__min_samples_leaf': 1, 'model__n_estimators': 250, 'select__drop': ('gill-color', 'stalk-surface-above-ring', 'ring-type'), 'select__k': 7, 'select__prune': False}",0.9975980784627703,1.0,0.9992019154030327,0.9992019154030327,0.9975980784627703,0.9987199975463212,0.0009612804775641835,133,0.9990017967658216,0.9984012789768185,0.9986013986013986,0.9986013986013986,0.9990017967658216,0.9987215339422519,0.00024021771112017916,0.9952076677316294,1.0,0.9984051036682615,0.9984051036682615,0.9952076677316294,0.9974451085599563,0.0019174427974193607,153,0.9980055843637814,0.9968076616121309,0.9972067039106145,0.9972067039106145,0.9980055843637814,0.9974464476321845,0.0004792221724257249,0.9976923076923077,1.0,0.9992307692307693,0.9992307692307693,0.9976905311778291,0.9987688754663351,0.0009234916234883537,133,0.9990382765916522,0.9984612425466436,0.9986535872283131,0.9986535872283131,0.9990384615384615,0.9987690310266768,0.0002308567800788867,0.9999822242868384,1.0,0.9999952603377957,0.999998815084449,0.9999857582993511,0.999992411601687,7.137947795482736e-06,145,0.9999959252280836,0.999991702053949,0.9999937765404618,0.9999922206755774,0.9999955564449249,0.9999938361885994,1.7024299528770122e-06
1.548851203918457,0.1209977194837454,0.24117913246154785,0.061997873636209885,,0.7,1,250,7,False,"('gill-color', 'stalk-surface-above-ring', 'stalk-surface-below-ring')","{'model__max_depth': None, 'model__max_features': 0.7, 'model__min_samples_leaf': 1, 'model__n_estimators': 250, 'select__drop': ('gill-color', 'stalk-surface-above-ring', 'stalk-surface-below-ring'), 'select__k': 7, 'select__prune': False}",0.9936507936507937,0.9935794542536116,0.9927710843373494,0.9976019184652278,0.9943775100401606,0.9943961521494286,0.0016817065937984577,194,0.9952362048431918,0.9955911823647294,0.9957924263674615,0.9945837512537613,0.9953917050691244,0.9953190539796537,0.0004125403094053494,1.0,0.9872408293460925,0.9856459330143541,0.9952153110047847,0.9888178913738019,0.9913839929478065,0.005396120630522327,206,1.0,0.99122106943336,0.9916201117318436,0.9892258579409418,0.9908256880733946,0.992578545435908,0.003798745753052788,0.9938461538461538,0.9938461538461538,0.9930769230769231,0.9976923076923077,0.9946112394149346,0.9946145555752948,0.0016135529260262395,194,0.9953837276399308,0.9957684170032699,0.9959607616849394,0.9948066935949221,0.995576923076923,0.995499304599997,0.0003960951382807294,0.9999715588589414,0.9999526033779573,0.9999040218403635,0.9999893357600403,0.9999418463890168,0.9999518732452639,2.89198592324482e-05,193,0.9999519917781475,0.9999559912504086,0.9999642151076555,0.9999419884664477,0.99995741593053,0.9999543205066379,7.318174017510555e-06
1.676411008834839,0.11060873148741165,0.38460888862609866,0.09708496899865747,,0.7,1,250,7,False,"('gill-color', 'stalk-surface-above-ring', 'gill-size')","{'model__max_depth': None, 'model__max_features': 0.7, 'model__min_samples_leaf': 1, 'model__n_estimators': 250, 'select__drop': ('gill-color', 'stalk-surface-above-ring', 'gill-size'), 'select__k': 7, 'select__prune': False}",0.9975980784627703,1.0,0.9992019154030327,0.9992019154030327,0.9975980784627703,0.9987199975463212,0.0009612804775641835,133,0.9990017967658216,0.9984012789768185,0.9986013986013986,0.9986013986013986,0.9990017967658216,0.9987215339422519,0.00024021771112017916,0.9952076677316294,1.0,0.9984051036682615,0.9984051036682615,0.9952076677316294,0.9974451085599563,0.0019174427974193607,153,0.9980055843637814,0.9968076616121309,0.9972067039106145,0.9972067039106145,0.9980055843637814,0.9974464476321845,0.0004792221724257249,0.9976923076923077,1.0,0.9992307692307693,0.9992307692307693,0.9976905311778291,0.9987688754663351,0.0009234916234883537,133,0.9990382765916522,0.9984612425466436,0.9986535872283131,0.9986535872283131,0.9990384615384615,0.9987690310266768,0.0002308567800788867,0.9998684597226041,1.0,0.9999751167734275,0.999964452533468,0.9999109893709441,0.9999438036800887,4.757815075426911e-05,213,0.9999599931484563,0.9999330237211606,0.9999356909181055,0.9999403585127592,0.9999555644492487,0.999944926149946,1.0844431601274133e-05
0.9263303756713868,0.13134753887979506,0.14434800148010254,0.06754670459390881,,0.7,3,100,7,False,"('gill-color', 'stalk-surface-above-ring')","{'model__max_depth': None, 'model__max_features': 0.7, 'model__min_samples_leaf': 3, 'model__n_estimators': 100, 'select__drop': ('gill-color', 'stalk-surface-above-ring'), 'select__k': 7, 'select__prune': False}",1.0,1.0,1.0,1.0,1.0,1.0,0.0,1,1.0,1.0,1.0,1.0,1.0,1.0,0.0,1.0,1.0,1.0,1.0,1.0,1.0,0.0,1,1.0,1.0,1.0,1.0,1.0,1.0,0.0,1.0,1.0,1.0,1.0,1.0,1.0,0.0,1,1.0,1.0,1.0,1.0,1.0,1.0,0.0,1.0,1.0,1.0,1.0,1.0,1.0,0.0,1,1.0,1.0,1.0,1.0,1.0,1.0,0.0
1.003800058364868,0.08912100777780414,0.14396314620971679,0.06687995901802926,,0.7,3,100,7,False,"('gill-color', 'stalk-surface-above-ring', 'odor')","{'model__max_depth': None, 'model__max_features': 0.7, 'model__min_samples_leaf': 3, 'model__n_estimators': 100, 'select__drop': ('gill-color', 'stalk-surface-above-ring', 'odor'), 'select__k': 7, 'select__prune': False}",0.9758378799688231,0.9819890368050117,0.9827586206896551,0.9766355140186916,0.9819607843137255,0.9798363671591815,0.0029637834328914486,273,0.980829420970266,0.9792887846815163,0.9790974799765579,0.9806300136959499,0.979296875,0.979828514864858,0.000741966984806346,1.0,1.0,1.0,1.0,1.0,1.0,0.0,1,1.0,1.0,1.0,1.0,1.0,1.0,0.0,0.9761538461538461,0.9823076923076923,0.9830769230769231,0.9769230769230769,0.9822940723633564,0.980151122164979,0.0029732753960050903,273,0.981150221196384,0.9796114637430275,0.9794191190613579,0.9809578765147143,0.9796153846153847,0.9801508130261738,0.0007433875780071333,0.9963607189920459,0.9977936872439102,0.9973469740811572,0.9973090567835231,0.9977509981058538,0.997312287041298,0.0005159280823710938,261,0.9975638790880333,0.9972147795902534,0.9973164294293769,0.9973270241283526,0.9971899698297423,0.9973224164131518,0.00013227931166706231
1.0252501487731933,0.05715161302293716,0.14090380668640137,0.052612228917244826,,0.7,3,100,7,False,"('gill-color', 'stalk-surface-above-ring', 'spore-print-color')","{'model__max_depth': None, 'model__max_features': 0.7, 'model__min_samples_leaf': 3, 'model__n_estimators': 100, 'select__drop': ('gill-color', 'stalk-surface-above-ring', 'spore-print-color'), 'select__k': 7, 'select__prune': False}",0.9870550161812298,0.9903381642512077,0.9887096774193549,0.9935794542536116,0.9886914378029079,0.9896747499816623,0.002211248833620915,251,0.9903342730567861,0.989516129032258,0.9899234179766223,0.9887005649717514,0.9899274778404512,0.9896803725755738,0.0005540246926373882,0.9744408945686901,0.9808612440191388,0.9776714513556619,0.9872408293460925,0.9776357827476039,0.9795700404074374,0.0043396391514859585,267,0.9808536098923015,0.9792498004788508,0.9800478850758181,0.9776536312849162,0.9800558436378142,0.97957215407394,0.0010850848931794985,0.9876923076923076,0.9907692307692307,0.9892307692307692,0.9938461538461538,0.9892224788298691,0.9901521880736661,0.002087606680823742,251,0.9907674552798615,0.9899980765531833,0.9903827659165224,0.9892286978265051,0.9903846153846154,0.9901523221921377,0.0005219821527445312,0.994232373602829,0.9946963179934165,0.9945636074516968,0.9968350905630955,0.9953429638877944,0.9951340706997666,0.0009238201495296272,271,0.9953344602423763,0.9952218648507599,0.995265058623507,0.9947100593925489,0.9950635806077924,0.9951190047433969,0.00022299827102922645
1.032603120803833,0.07473987878604754,0.17972311973571778,0.0685494291925376,,0.7,3,100,7,False,"('gill-color', 'stalk-surface-above-ring', 'ring-type')","{'model__max_depth': None, 'model__max_features': 0.7, 'model__min_samples_leaf': 3, 'model__n_estimators': 100, 'select__drop': ('gill-color', 'stalk-surface-above-ring', 'ring-type'), 'select__k': 7, 'select__prune': False}",0.9975980784627703,1.0,0.9992019154030327,0.9992019154030327,0.9975980784627703,0.9987199975463212,0.0009612804775641835,133,0.9990017967658216,0.9984012789768185,0.9986013986013986,0.9986013986013986,0.9990017967658216,0.9987215339422519,0.00024021771112017916,0.9952076677316294,1.0,0.9984051036682615,0.9984051036682615,0.9952076677316294,0.9974451085599563,0.0019174427974193607,153,0.9980055843637814,0.9968076616121309,0.9972067039106145,0.9972067039106145,0.9980055843637814,0.9974464476321845,0.0004792221724257249,0.9976923076923077,1.0,0.9992307692307693,0.9992307692307693,0.9976905311778291,0.9987688754663351,0.0009234916234883537,133,0.9990382765916522,0.9984612425466436,0.9986535872283131,0.9986535872283131,0.9990384615384615,0.9987690310266768,0.0002308567800788867,0.9999822242868384,1.0,0.9999952603377957,0.999998815084449,0.9999857582993511,0.999992411601687,7.137947795482736e-06,145,0.9999959252280836,0.999991702053949,0.9999937765404618,0.9999922206755774,0.9999955564449249,0.9999938361885994,1.7024299528770122e-06
0.9706371784210205,0.06200301156265913,0.15111160278320312,0.05825930100757815,,0.7,3,100,7,False,"('gill-color', 'stalk-surface-above-ring', 'stalk-surface-below-ring')","{'model__max_depth': None, 'model__max_features': 0.7, 'model__min_samples_leaf': 3, 'model__n_estimators': 100, 'select__drop': ('gill-color', 'stalk-surface-above-ring', 'stalk-surface-below-ring'), 'select__k': 7, 'select__prune': False}",0.9936507936507937,0.9935794542536116,0.9927710843373494,0.9976019184652278,0.9943775100401606,0.9943961521494286,0.0016817065937984577,194,0.9952362048431918,0.9955911823647294,0.9957924263674615,0.9945837512537613,0.9953917050691244,0.9953190539796537,0.0004125403094053494,1.0,0.9872408293460925,0.9856459330143541,0.9952153110047847,0.9888178913738019,0.9913839929478065,0.005396120630522327,206,1.0,0.99122106943336,0.9916201117318436,0.9892258579409418,0.9908256880733946,0.992578545435908,0.003798745753052788,0.9938461538461538,0.9938461538461538,0.9930769230769231,0.9976923076923077,0.9946112394149346,0.9946145555752948,0.0016135529260262395,194,0.9953837276399308,0.9957684170032699,0.9959607616849394,0.9948066935949221,0.995576923076923,0.995499304599997,0.0003960951382807294,0.9999715588589414,0.9999526033779572,0.9999040218403634,0.9999893357600403,0.9999418463890168,0.9999518732452639,2.891985923248438e-05,193,0.9999519917781475,0.9999559912504087,0.9999642151076555,0.9999419884664478,0.99995741593053,0.9999543205066379,7.318174017478207e-06
1.008575201034546,0.07770341289386448,0.14307451248168945,0.059793468871456194,,0.7,3,100,7,False,"('gill-color', 'stalk-surface-above-ring', 'gill-size')","{'model__max_depth': None, 'model__max_features': 0.7, 'model__min_samples_leaf': 3, 'model__n_estimators': 100, 'select__drop': ('gill-color', 'stalk-surface-above-ring', 'gill-size'), 'select__k': 7, 'select__prune': False}",0.9975980784627703,1.0,0.9992019154030327,0.9992019154030327,0.9975980784627703,0.9987199975463212,0.0009612804775641835,133,0.9990017967658216,0.9984012789768185,0.9986013986013986,0.9986013986013986,0.9990017967658216,0.9987215339422519,0.00024021771112017916,0.9952076677316294,1.0,0.9984051036682615,0.9984051036682615,0.9952076677316294,0.9974451085599563,0.0019174427974193607,153,0.9980055843637814,0.9968076616121309,0.9972067039106145,0.9972067039106145,0.9980055843637814,0.9974464476321845,0.0004792221724257249,0.9976923076923077,1.0,0.9992307692307693,0.9992307692307693,0.9976905311778291,0.9987688754663351,0.0009234916234883537,133,0.9990382765916522,0.9984612425466436,0.9986535872283131,0.9986535872283131,0.9990384615384615,0.9987690310266768,0.0002308567800788867,0.999868459722604,1.0,0.9999751167734275,0.999964452533468,0.9999109893709441,0.9999438036800887,4.7578150754304274e-05,213,0.9999599931484563,0.9999330237211606,0.9999356909181055,0.9999403585127592,0.9999555644492487,0.999944926149946,1.0844431601274133e-05
1.7276586055755616,0.1576087782966518,0.25614042282104493,0.07541507579094095,,0.7,3,250,7,False,"('gill-color', 'stalk-surface-above-ring')","{'model__max_depth': None, 'model__max_features': 0.7, 'model__min_samples_leaf': 3, 'model__n_estimators': 250, 'select__drop': ('gill-color', 'stalk-surface-above-ring'), 'select__k': 7, 'select__prune': False}",1.0,1.0,1.0,1.0,1.0,1.0,0.0,1,1.0,1.0,1.0,1.0,1.0,1.0,0.0,1.0,1.0,1.0,1.0,1.0,1.0,0.0,1,1.0,1.0,1.0,1.0,1.0,1.0,0.0,1.0,1.0,1.0,1.0,1.0,1.0,0.0,1,1.0,1.0,1.0,1.0,1.0,1.0,0.0,1.0,1.0,0.9999999999999999,1.0,1.0,1.0,4.965068306494546e-17,1,1.0,1.0,1.0,1.0,1.0,1.0,0.0
1.6334701538085938,0.07702249939048056,0.24483537673950195,0.05625378870821013,,0.7,3,250,7,False,"('gill-color', 'stalk-surface-above-ring', 'odor')","{'model__max_depth': None, 'model__max_features': 0.7, 'model__min_samples_leaf': 3, 'model__n_estimators': 250, 'select__drop': ('gill-color', 'stalk-surface-above-ring', 'odor'), 'select__k': 7, 'select__prune': False}",0.9758378799688231,0.9819890368050117,0.9827586206896551,0.9766355140186916,0.9819607843137255,0.9798363671591815,0.0029637834328914486,273,0.980829420970266,0.9792887846815163,0.9790974799765579,0.9806300136959499,0.979296875,0.979828514864858,0.000741966984806346,1.0,1.0,1.0,1.0,1.0,1.0,0.0,1,1.0,1.0,1.0,1.0,1.0,1.0,0.0,0.9761538461538461,0.9823076923076923,0.9830769230769231,0.9769230769230769,0.9822940723633564,0.980151122164979,0.0029732753960050903,273,0.981150221196384,0.9796114637430275,0.9794191190613579,0.9809578765147143,0.9796153846153847,0.9801508130261738,0.0007433875780071333,0.9963607189920459,0.9977936872439102,0.9973469740811572,0.9973090567835231,0.9977509981058538,0.997312287041298,0.0005159280823710938,261,0.9975638790880333,0.9972147795902534,0.9973164294293769,0.9973270241283526,0.9971899698297423,0.9973224164131518,0.00013227931166706231
1.4655367851257324,0.09559525347740476,0.2887535572052002,0.11221427186105114,,0.7,3,250,7,False,"('gill-color', 'stalk-surface-above-ring', 'spore-print-color')","{'model__max_depth': None, 'model__max_features': 0.7, 'model__min_samples_leaf': 3, 'model__n_estimators': 250, 'select__drop': ('gill-color', 'stalk-surface-above-ring', 'spore-print-color'), 'select__k': 7, 'select__prune': False}",0.9870550161812298,0.9903381642512077,0.9887096774193549,0.9935794542536116,0.9886914378029079,0.9896747499816623,0.002211248833620915,251,0.9903342730567861,0.989516129032258,0.9899234179766223,0.9887005649717514,0.9899274778404512,0.9896803725755738,0.0005540246926373882,0.9744408945686901,0.9808612440191388,0.9776714513556619,0.9872408293460925,0.9776357827476039,0.9795700404074374,0.0043396391514859585,267,0.9808536098923015,0.9792498004788508,0.9800478850758181,0.9776536312849162,0.9800558436378142,0.97957215407394,0.0010850848931794985,0.9876923076923076,0.9907692307692307,0.9892307692307692,0.9938461538461538,0.9892224788298691,0.9901521880736661,0.002087606680823742,251,0.9907674552798615,0.9899980765531833,0.9903827659165224,0.9892286978265051,0.9903846153846154,0.9901523221921377,0.0005219821527445312,0.994232373602829,0.9946963179934165,0.9945636074516968,0.9968350905630955,0.9953429638877944,0.9951340706997666,0.0009238201495296272,271,0.9953344602423763,0.9952218648507599,0.995265058623507,0.9947100593925489,0.9950635806077924,0.9951190047433969,0.00022299827102922645
1.689165210723877,0.13354791671803296,0.28673477172851564,0.11507622481813863,,0.7,3,250,7,False,"('gill-color', 'stalk-surface-above-ring', 'ring-type')","{'model__max_depth': None, 'model__max_features': 0.7, 'model__min_samples_leaf': 3, 'model__n_estimators': 250, 'select__drop': ('gill-color', 'stalk-surface-above-ring', 'ring-type'), 'select__k': 7, 'select__prune': False}",0.9975980784627703,1.0,0.9992019154030327,0.9992019154030327,0.9975980784627703,0.9987199975463212,0.0009612804775641835,133,0.9990017967658216,0.9984012789768185,0.9986013986013986,0.9986013986013986,0.9990017967658216,0.9987215339422519,0.00024021771112017916,0.9952076677316294,1.0,0.9984051036682615,0.9984051036682615,0.9952076677316294,0.9974451085599563,0.0019174427974193607,153,0.9980055843637814,0.9968076616121309,0.9972067039106145,0.9972067039106145,0.9980055843637814,0.9974464476321845,0.0004792221724257249,0.9976923076923077,1.0,0.9992307692307693,0.9992307692307693,0.9976905311778291,0.9987688754663351,0.0009234916234883537,133,0.9990382765916522,0.9984612425466436,0.9986535872283131,0.9986535872283131,0.9990384615384615,0.9987690310266768,0.0002308567800788867,0.9999822242868384,1.0,0.9999952603377957,0.999998815084449,0.9999857582993511,0.999992411601687,7.137947795482736e-06,145,0.9999959252280836,0.999991702053949,0.9999937765404618,0.9999922206755774,0.9999955564449249,0.9999938361885994,1.7024299528770122e-06
1.6256402492523194,0.14491481980757293,0.2595667362213135,0.13052770094063312,,0.7,3,250,7,False,"('gill-color', 'stalk-surface-above-ring', 'stalk-surface-below-ring')","{'model__max_depth': None, 'model__max_features': 0.7, 'model__min_samples_leaf': 3, 'model__n_estimators': 250, 'select__drop': ('gill-color', 'stalk-surface-above-ring', 'stalk-surface-below-ring'), 'select__k': 7, 'select__prune': False}",0.9936507936507937,0.9935794542536116,0.9927710843373494,0.9976019184652278,0.9943775100401606,0.9943961521494286,0.0016817065937984577,194,0.9952362048431918,0.9955911823647294,0.9957924263674615,0.9945837512537613,0.9953917050691244,0.9953190539796537,0.0004125403094053494,1.0,0.9872408293460925,0.9856459330143541,0.9952153110047847,0.9888178913738019,0.9913839929478065,0.005396120630522327,206,1.0,0.99122106943336,0.9916201117318436,0.9892258579409418,0.9908256880733946,0.992578545435908,0.003798745753052788,0.9938461538461538,0.9938461538461538,0.9930769230769231,0.9976923076923077,0.9946112394149346,0.9946145555752948,0.0016135529260262395,194,0.9953837276399308,0.9957684170032699,0.9959607616849394,0.9948066935949221,0.995576923076923,0.995499304599997,0.0003960951382807294,0.9999715588589414,0.9999526033779572,0.9999040218403634,0.9999893357600403,0.9999418463890168,0.9999518732452639,2.891985923248438e-05,193,0.9999519917781474,0.9999559912504087,0.9999642151076555,0.9999419884664478,0.99995741593053,0.9999543205066379,7.3181740174852725e-06
1.1995378494262696,0.2509761073208247,0.1936023712158203,0.12850520496652681,,0.7,3,250,7,False,"('gill-color', 'stalk-surface-above-ring', 'gill-size')","{'model__max_depth': None, 'model__max_features': 0.7, 'model__min_samples_leaf': 3, 'model__n_estimators': 250, 'select__drop': ('gill-color', 'stalk-surface-above-ring', 'gill-size'), 'select__k': 7, 'select__prune': False}",0.9975980784627703,1.0,0.9992019154030327,0.9992019154030327,0.9975980784627703,0.9987199975463212,0.0009612804775641835,133,0.9990017967658216,0.9984012789768185,0.9986013986013986,0.9986013986013986,0.9990017967658216,0.9987215339422519,0.00024021771112017916,0.9952076677316294,1.0,0.9984051036682615,0.9984051036682615,0.9952076677316294,0.9974451085599563,0.0019174427974193607,153,0.9980055843637814,0.9968076616121309,0.9972067039106145,0.9972067039106145,0.9980055843637814,0.9974464476321845,0.0004792221724257249,0.9976923076923077,1.0,0.9992307692307693,0.9992307692307693,0.9976905311778291,0.9987688754663351,0.0009234916234883537,133,0.9990382765916522,0.9984612425466436,0.9986535872283131,0.9986535872283131,0.9990384615384615,0.9987690310266768,0.0002308567800788867,0.9998684597226041,1.0,0.9999751167734275,0.999964452533468,0.9999109893709441,0.9999438036800887,4.757815075426911e-05,213,0.9999599931484563,0.9999330237211606,0.9999356909181055,0.9999403585127592,0.9999555644492487,0.999944926149946,1.0844431601274133e-05
