mean_fit_time,std_fit_time,mean_score_time,std_score_time,param_model__learning_rate,param_model__max_depth,param_model__n_estimators,param_select__k,param_select__prune,param_select__drop,params,split0_test_f1,split1_test_f1,split2_test_f1,split3_test_f1,split4_test_f1,mean_test_f1,std_test_f1,rank_test_f1,split0_train_f1,split1_train_f1,split2_train_f1,split3_train_f1,split4_train_f1,mean_train_f1,std_train_f1,split0_test_recall,split1_test_recall,split2_test_recall,split3_test_recall,split4_test_recall,mean_test_recall,std_test_recall,rank_test_recall,split0_train_recall,split1_train_recall,split2_train_recall,split3_train_recall,split4_train_recall,mean_train_recall,std_train_recall,split0_test_accuracy,split1_test_accuracy,split2_test_accuracy,split3_test_accuracy,split4_test_accuracy,mean_test_accuracy,std_test_accuracy,rank_test_accuracy,split0_train_accuracy,split1_train_accuracy,split2_train_accuracy,split3_train_accuracy,split4_train_accuracy,mean_train_accuracy,std_train_accuracy,split0_test_roc_auc,split1_test_roc_auc,split2_test_roc_auc,split3_test_roc_auc,split4_test_roc_auc,mean_test_roc_auc,std_test_roc_auc,rank_test_roc_auc,split0_train_roc_auc,split1_train_roc_auc,split2_train_roc_auc,split3_train_roc_auc,split4_train_roc_auc,mean_train_roc_auc,std_train_roc_auc
0.6702168464660645,0.021651431319013963,0.11726713180541992,0.11357656742819605,0.05,2,100,6,False,,"{'model__learning_rate': 0.05, 'model__max_depth': 2, 'model__n_estimators': 100, 'select__k': 6, 'select__prune': False}",0.9951845906902087,0.9935794542536116,0.9919614147909968,0.9968,0.9919484702093397,0.9938947859888312,0.001883049018147801,121,0.9935768767563228,0.9939783219590526,0.9943820224719101,0.9931699477701889,0.9943842759727236,0.9938982889860396,0.00047124801569160986,0.9904153354632588,0.9872408293460925,0.9840510366826156,0.9936204146730463,0.9840255591054313,0.9878706350540888,0.0037230649158761196,129,0.987235739928201,0.9880287310454908,0.9888268156424581,0.9864325618515563,0.988831272437176,0.9878710241809763,0.0009309398951034156,0.9953846153846154,0.9938461538461538,0.9923076923076923,0.9969230769230769,0.9923017705927637,0.9941526618108604,0.0017953588723796517,121,0.9938449701865744,0.9942296595499135,0.9946143489132525,0.9934602808232352,0.9946153846153846,0.994152928817672,0.00044883432074176773,0.9989014609266124,0.9999905206755915,0.9996160873614537,0.9995935739659835,0.9986790822648103,0.9993561450388903,0.00048816525827288874,126,0.9995053226893376,0.9992307359477987,0.9993163085164487,0.9993273477482487,0.9994623298359099,0.9993684089475486,0.00010091663671577104
0.6361539840698243,0.12219615432699017,0.04698953628540039,0.03506086005354227,0.05,2,100,6,True,,"{'model__learning_rate': 0.05, 'model__max_depth': 2, 'model__n_estimators': 100, 'select__k': 6, 'select__prune': True}",0.9951845906902087,0.9935794542536116,0.9919614147909968,0.9968,0.9919484702093397,0.9938947859888312,0.001883049018147801,121,0.9935768767563228,0.9939783219590526,0.9943820224719101,0.9931699477701889,0.9943842759727236,0.9938982889860396,0.00047124801569160986,0.9904153354632588,0.9872408293460925,0.9840510366826156,0.9936204146730463,0.9840255591054313,0.9878706350540888,0.0037230649158761196,129,0.987235739928201,0.9880287310454908,0.9888268156424581,0.9864325618515563,0.988831272437176,0.9878710241809763,0.0009309398951034156,0.9953846153846154,0.9938461538461538,0.9923076923076923,0.9969230769230769,0.9923017705927637,0.9941526618108604,0.0017953588723796517,121,0.9938449701865744,0.9942296595499135,0.9946143489132525,0.9934602808232352,0.9946153846153846,0.994152928817672,0.00044883432074176773,0.9989014609266124,0.9999905206755915,0.9996160873614537,0.9995935739659835,0.9986790822648103,0.9993561450388903,0.00048816525827288874,126,0.9995053226893376,0.9992307359477987,0.9993163085164487,0.9993273477482487,0.9994623298359099,0.9993684089475486,0.00010091663671577104
0.6335800647735595,0.0747892803844665,0.1256441593170166,0.06993012533749057,0.05,2,100,7,False,,"{'model__learning_rate': 0.05, 'model__max_depth': 2, 'model__n_estimators': 100, 'select__k': 7, 'select__prune': False}",0.9967948717948718,0.9984025559105432,0.9984025559105432,0.9992019154030327,0.9951845906902087,0.9975972979418399,0.0014378262754934559,103,0.9978013192084749,0.9973994798959792,0.9973994798959792,0.9971988795518207,0.9982017982017982,0.9976001913508105,0.00035888843795626015,0.9936102236421726,0.9968102073365231,0.9968102073365231,0.9984051036682615,0.9904153354632588,0.9952102154893477,0.0028593043445367104,110,0.9956122856003191,0.9948124501197126,0.9948124501197126,0.994413407821229,0.9964100518548066,0.9952121291031559,0.0007145049204812635,0.9969230769230769,0.9984615384615385,0.9984615384615385,0.9992307692307693,0.9953810623556582,0.9976915970865162,0.0013772337721462587,103,0.997884208501635,0.9974995191382958,0.9974995191382958,0.9973071744566263,0.9982692307692308,0.9976919304008167,0.0003441882937884209,0.9997582503010021,0.9999336447291401,0.9999514184624061,0.9999585279557125,0.9997258472625078,0.9998655377421537,0.00010167129854361044,115,0.9999155410911854,0.9998664919751452,0.9999268743504265,0.9999237626206574,0.9998725440285952,0.999901042813202,2.607527244409499e-05
0.6024641513824462,0.10792274910891024,0.15748867988586426,0.0677445518781234,0.05,2,100,7,True,,"{'model__learning_rate': 0.05, 'model__max_depth': 2, 'model__n_estimators': 100, 'select__k': 7, 'select__prune': True}",0.9967948717948718,0.9984025559105432,0.9984025559105432,0.9992019154030327,0.9951845906902087,0.9975972979418399,0.0014378262754934559,103,0.9978013192084749,0.9973994798959792,0.9973994798959792,0.9971988795518207,0.9982017982017982,0.9976001913508105,0.00035888843795626015,0.9936102236421726,0.9968102073365231,0.9968102073365231,0.9984051036682615,0.9904153354632588,0.9952102154893477,0.0028593043445367104,110,0.9956122856003191,0.9948124501197126,0.9948124501197126,0.994413407821229,0.9964100518548066,0.9952121291031559,0.0007145049204812635,0.9969230769230769,0.9984615384615385,0.9984615384615385,0.9992307692307693,0.9953810623556582,0.9976915970865162,0.0013772337721462587,103,0.997884208501635,0.9974995191382958,0.9974995191382958,0.9973071744566263,0.9982692307692308,0.9976919304008167,0.0003441882937884209,0.9997582503010021,0.9999336447291401,0.9999514184624061,0.9999585279557125,0.9997258472625078,0.9998655377421537,0.00010167129854361044,115,0.9999155410911854,0.9998664919751452,0.9999268743504265,0.9999237626206574,0.9998725440285952,0.999901042813202,2.607527244409499e-05
0.6893645763397217,0.11363647814854119,0.11053619384765626,0.07279923662800218,0.05,2,100,8,False,,"{'model__learning_rate': 0.05, 'model__max_depth': 2, 'model__n_estimators': 100, 'select__k': 8, 'select__prune': False}",0.9967948717948718,0.9984025559105432,0.9984025559105432,0.9992019154030327,0.9951845906902087,0.9975972979418399,0.0014378262754934559,103,0.9978013192084749,0.9973994798959792,0.9973994798959792,0.9971988795518207,0.9982017982017982,0.9976001913508105,0.00035888843795626015,0.9936102236421726,0.9968102073365231,0.9968102073365231,0.9984051036682615,0.9904153354632588,0.9952102154893477,0.0028593043445367104,110,0.9956122856003191,0.9948124501197126,0.9948124501197126,0.994413407821229,0.9964100518548066,0.9952121291031559,0.0007145049204812635,0.9969230769230769,0.9984615384615385,0.9984615384615385,0.9992307692307693,0.9953810623556582,0.9976915970865162,0.0013772337721462587,103,0.997884208501635,0.9974995191382958,0.9974995191382958,0.9973071744566263,0.9982692307692308,0.9976919304008167,0.0003441882937884209,0.9997582503010021,0.9999336447291401,0.9999514184624061,0.9999585279557125,0.9997258472625078,0.9998655377421537,0.00010167129854361044,115,0.9999155410911854,0.9998664919751452,0.9999268743504265,0.9999237626206574,0.9998725440285952,0.999901042813202,2.607527244409499e-05
0.645725679397583,0.044316608876695654,0.12748007774353026,0.06799812982830188,0.05,2,100,8,True,,"{'model__learning_rate': 0.05, 'model__max_depth': 2, 'model__n_estimators': 100, 'select__k': 8, 'select__prune': True}",0.9967948717948718,0.9984025559105432,0.9984025559105432,0.9992019154030327,0.9951845906902087,0.9975972979418399,0.0014378262754934559,103,0.9978013192084749,0.9973994798959792,0.9973994798959792,0.9971988795518207,0.9982017982017982,0.9976001913508105,0.00035888843795626015,0.9936102236421726,0.9968102073365231,0.9968102073365231,0.9984051036682615,0.9904153354632588,0.9952102154893477,0.0028593043445367104,110,0.9956122856003191,0.9948124501197126,0.9948124501197126,0.994413407821229,0.9964100518548066,0.9952121291031559,0.0007145049204812635,0.9969230769230769,0.9984615384615385,0.9984615384615385,0.9992307692307693,0.9953810623556582,0.9976915970865162,0.0013772337721462587,103,0.997884208501635,0.9974995191382958,0.9974995191382958,0.9973071744566263,0.9982692307692308,0.9976919304008167,0.0003441882937884209,0.9997582503010021,0.9999336447291401,0.9999514184624061,0.9999585279557125,0.9997258472625078,0.9998655377421537,0.00010167129854361044,115,0.9999155410911854,0.9998664919751452,0.9999268743504265,0.9999237626206574,0.9998725440285952,0.999901042813202,2.607527244409499e-05
0.6678935527801514,0.13530083411297128,0.09671187400817871,0.08195151112845529,0.05,2,100,9,False,,"{'model__learning_rate': 0.05, 'model__max_depth': 2, 'model__n_estimators': 100, 'select__k': 9, 'select__prune': False}",0.9967948717948718,0.9984025559105432,0.9984025559105432,0.9992019154030327,0.9951845906902087,0.9975972979418399,0.0014378262754934559,103,0.9978013192084749,0.9973994798959792,0.9973994798959792,0.9971988795518207,0.9982017982017982,0.9976001913508105,0.00035888843795626015,0.9936102236421726,0.9968102073365231,0.9968102073365231,0.9984051036682615,0.9904153354632588,0.9952102154893477,0.0028593043445367104,110,0.9956122856003191,0.9948124501197126,0.9948124501197126,0.994413407821229,0.9964100518548066,0.9952121291031559,0.0007145049204812635,0.9969230769230769,0.9984615384615385,0.9984615384615385,0.9992307692307693,0.9953810623556582,0.9976915970865162,0.0013772337721462587,103,0.997884208501635,0.9974995191382958,0.9974995191382958,0.9973071744566263,0.9982692307692308,0.9976919304008167,0.0003441882937884209,0.9997582503010021,0.9999336447291401,0.9999514184624062,0.9999585279557125,0.9997258472625078,0.9998655377421537,0.0001016712985436292,115,0.9999155410911854,0.9998664919751452,0.9999268743504265,0.9999237626206574,0.9998725440285952,0.999901042813202,2.607527244409499e-05
0.7076515674591064,0.1500417918150154,0.04573864936828613,0.012708703703992005,0.05,2,100,9,True,,"{'model__learning_rate': 0.05, 'model__max_depth': 2, 'model__n_estimators': 100, 'select__k': 9, 'select__prune': True}",0.9967948717948718,0.9984025559105432,0.9984025559105432,0.9992019154030327,0.9951845906902087,0.9975972979418399,0.0014378262754934559,103,0.9978013192084749,0.9973994798959792,0.9973994798959792,0.9971988795518207,0.9982017982017982,0.9976001913508105,0.00035888843795626015,0.9936102236421726,0.9968102073365231,0.9968102073365231,0.9984051036682615,0.9904153354632588,0.9952102154893477,0.0028593043445367104,110,0.9956122856003191,0.9948124501197126,0.9948124501197126,0.994413407821229,0.9964100518548066,0.9952121291031559,0.0007145049204812635,0.9969230769230769,0.9984615384615385,0.9984615384615385,0.9992307692307693,0.9953810623556582,0.9976915970865162,0.0013772337721462587,103,0.997884208501635,0.9974995191382958,0.9974995191382958,0.9973071744566263,0.9982692307692308,0.9976919304008167,0.0003441882937884209,0.9997582503010021,0.9999336447291401,0.9999514184624062,0.9999585279557125,0.9997258472625078,0.9998655377421537,0.0001016712985436292,115,0.9999155410911854,0.9998664919751452,0.9999268743504265,0.9999237626206574,0.9998725440285952,0.999901042813202,2.607527244409499e-05
0.7434488773345947,0.06439509887255158,0.04300384521484375,0.013280164023207166,0.05,2,100,10,False,,"{'model__learning_rate': 0.05, 'model__max_depth': 2, 'model__n_estimators': 100, 'select__k': 10, 'select__prune': False}",0.9967948717948718,0.9984025559105432,0.9984025559105432,0.9992019154030327,0.9951845906902087,0.9975972979418399,0.0014378262754934559,103,0.9978013192084749,0.9973994798959792,0.9973994798959792,0.9971988795518207,0.9982017982017982,0.9976001913508105,0.00035888843795626015,0.9936102236421726,0.9968102073365231,0.9968102073365231,0.9984051036682615,0.9904153354632588,0.9952102154893477,0.0028593043445367104,110,0.9956122856003191,0.9948124501197126,0.9948124501197126,0.994413407821229,0.9964100518548066,0.9952121291031559,0.0007145049204812635,0.9969230769230769,0.9984615384615385,0.9984615384615385,0.9992307692307693,0.9953810623556582,0.9976915970865162,0.0013772337721462587,103,0.997884208501635,0.9974995191382958,0.9974995191382958,0.9973071744566263,0.9982692307692308,0.9976919304008167,0.0003441882937884209,0.999857794294707,0.9999620827023658,0.9999514184624062,0.9999585279557125,0.999789934915428,0.9999039516661238,6.890748563760441e-05,111,0.9999473983988961,0.9998909412804738,0.9999268743504264,0.9999237626206574,0.9999080924691962,0.99991941382393,1.895556239463866e-05
0.7346027851104736,0.11075751494636826,0.06277761459350586,0.04492825619849278,0.05,2,100,10,True,,"{'model__learning_rate': 0.05, 'model__max_depth': 2, 'model__n_estimators': 100, 'select__k': 10, 'select__prune': True}",0.9967948717948718,0.9984025559105432,0.9984025559105432,0.9992019154030327,0.9951845906902087,0.9975972979418399,0.0014378262754934559,103,0.9978013192084749,0.9973994798959792,0.9973994798959792,0.9971988795518207,0.9982017982017982,0.9976001913508105,0.00035888843795626015,0.9936102236421726,0.9968102073365231,0.9968102073365231,0.9984051036682615,0.9904153354632588,0.9952102154893477,0.0028593043445367104,110,0.9956122856003191,0.9948124501197126,0.9948124501197126,0.994413407821229,0.9964100518548066,0.9952121291031559,0.0007145049204812635,0.9969230769230769,0.9984615384615385,0.9984615384615385,0.9992307692307693,0.9953810623556582,0.9976915970865162,0.0013772337721462587,103,0.997884208501635,0.9974995191382958,0.9974995191382958,0.9973071744566263,0.9982692307692308,0.9976919304008167,0.0003441882937884209,0.999857794294707,0.9999620827023658,0.9999514184624062,0.9999585279557125,0.999789934915428,0.9999039516661238,6.890748563760441e-05,111,0.9999473983988961,0.9998909412804738,0.9999268743504264,0.9999237626206574,0.9999080924691962,0.99991941382393,1.895556239463866e-05
0.9500468254089356,0.1882522526703035,0.11914262771606446,0.11825618402576939,0.05,2,100,21,False,,"{'model__learning_rate': 0.05, 'model__max_depth': 2, 'model__n_estimators': 100, 'select__k': 21, 'select__prune': False}",0.9967948717948718,0.9984025559105432,0.9951923076923077,0.9992019154030327,0.9951845906902087,0.9969552482981928,0.0016377497349805922,113,0.9978013192084749,0.9973994798959792,0.9963956748097718,0.9971988795518207,0.9982017982017982,0.997399430333569,0.0006087782246121481,0.9936102236421726,0.9968102073365231,0.9904306220095693,0.9984051036682615,0.9904153354632588,0.993934298423957,0.0032564651020875164,120,0.9956122856003191,0.9948124501197126,0.9928172386272945,0.994413407821229,0.9964100518548066,0.9948130868046723,0.0012109640563311385,0.9969230769230769,0.9984615384615385,0.9953846153846154,0.9992307692307693,0.9953810623556582,0.9970762124711315,0.001569696024291001,113,0.997884208501635,0.9974995191382958,0.996537795729948,0.9973071744566263,0.9982692307692308,0.9974995857191471,0.000583498118185208,0.9998577942947071,0.9999620827023658,0.9999514184624062,0.9999585279557125,0.999789934915428,0.9999039516661238,6.890748563758953e-05,111,0.9999473983988961,0.9998909412804738,0.9999268743504265,0.9999237626206573,0.9999080924691962,0.99991941382393,1.8955562394642304e-05
0.9386319637298584,0.09257237989873138,0.06406207084655761,0.040634494519478336,0.05,2,100,21,True,,"{'model__learning_rate': 0.05, 'model__max_depth': 2, 'model__n_estimators': 100, 'select__k': 21, 'select__prune': True}",0.9967948717948718,0.9984025559105432,0.9951923076923077,0.9992019154030327,0.9951845906902087,0.9969552482981928,0.0016377497349805922,113,0.9978013192084749,0.9973994798959792,0.9963956748097718,0.9971988795518207,0.9982017982017982,0.997399430333569,0.0006087782246121481,0.9936102236421726,0.9968102073365231,0.9904306220095693,0.9984051036682615,0.9904153354632588,0.993934298423957,0.0032564651020875164,120,0.9956122856003191,0.9948124501197126,0.9928172386272945,0.994413407821229,0.9964100518548066,0.9948130868046723,0.0012109640563311385,0.9969230769230769,0.9984615384615385,0.9953846153846154,0.9992307692307693,0.9953810623556582,0.9970762124711315,0.001569696024291001,113,0.997884208501635,0.9974995191382958,0.996537795729948,0.9973071744566263,0.9982692307692308,0.9974995857191471,0.000583498118185208,0.9998577942947071,0.9999620827023658,0.9999514184624062,0.9999585279557125,0.999789934915428,0.9999039516661238,6.890748563758953e-05,111,0.9999473983988961,0.9998909412804738,0.9999268743504265,0.9999237626206573,0.9999080924691962,0.99991941382393,1.8955562394642304e-05
0.7312789916992187,0.07634120151663956,0.07451052665710449,0.06024351720948995,0.05,2,250,6,False,,"{'model__learning_rate': 0.05, 'model__max_depth': 2, 'model__n_estimators': 250, 'select__k': 6, 'select__prune': False}",0.9967948717948718,0.9984025559105432,0.9984025559105432,0.9992019154030327,0.9951845906902087,0.9975972979418399,0.0014378262754934559,103,0.9978013192084749,0.9973994798959792,0.9973994798959792,0.9971988795518207,0.9982017982017982,0.9976001913508105,0.00035888843795626015,0.9936102236421726,0.9968102073365231,0.9968102073365231,0.9984051036682615,0.9904153354632588,0.9952102154893477,0.0028593043445367104,110,0.9956122856003191,0.9948124501197126,0.9948124501197126,0.994413407821229,0.9964100518548066,0.9952121291031559,0.0007145049204812635,0.9969230769230769,0.9984615384615385,0.9984615384615385,0.9992307692307693,0.9953810623556582,0.9976915970865162,0.0013772337721462587,103,0.997884208501635,0.9974995191382958,0.9974995191382958,0.9973071744566263,0.9982692307692308,0.9976919304008167,0.0003441882937884209,0.9997226988746788,0.9999905206755914,0.9999111313336698,0.9999514184624062,0.9995122217527735,0.9998175982198239,0.0001782240998048667,121,0.9998877585553911,0.9998983501608764,0.9998344115230021,0.9998984983384845,0.9998437349798581,0.9998725507115225,2.7767295652990656e-05
0.5807682037353515,0.15231580410126055,0.09983835220336915,0.049684822685821875,0.05,2,250,6,True,,"{'model__learning_rate': 0.05, 'model__max_depth': 2, 'model__n_estimators': 250, 'select__k': 6, 'select__prune': True}",0.9967948717948718,0.9984025559105432,0.9984025559105432,0.9992019154030327,0.9951845906902087,0.9975972979418399,0.0014378262754934559,103,0.9978013192084749,0.9973994798959792,0.9973994798959792,0.9971988795518207,0.9982017982017982,0.9976001913508105,0.00035888843795626015,0.9936102236421726,0.9968102073365231,0.9968102073365231,0.9984051036682615,0.9904153354632588,0.9952102154893477,0.0028593043445367104,110,0.9956122856003191,0.9948124501197126,0.9948124501197126,0.994413407821229,0.9964100518548066,0.9952121291031559,0.0007145049204812635,0.9969230769230769,0.9984615384615385,0.9984615384615385,0.9992307692307693,0.9953810623556582,0.9976915970865162,0.0013772337721462587,103,0.997884208501635,0.9974995191382958,0.9974995191382958,0.9973071744566263,0.9982692307692308,0.9976919304008167,0.0003441882937884209,0.9997226988746788,0.9999905206755914,0.9999111313336698,0.9999514184624062,0.9995122217527735,0.9998175982198239,0.0001782240998048667,121,0.9998877585553911,0.9998983501608764,0.9998344115230021,0.9998984983384845,0.9998437349798581,0.9998725507115225,2.7767295652990656e-05
0.6829525470733643,0.23599216944968254,0.05843906402587891,0.055554719744756384,0.05,2,250,7,False,,"{'model__learning_rate': 0.05, 'model__max_depth': 2, 'model__n_estimators': 250, 'select__k': 7, 'select__prune': False}",0.9975980784627703,1.0,0.9992019154030327,0.9992019154030327,0.9951845906902087,0.998237299991809,0.001714392915599031,97,0.9990017967658216,0.9984012789768185,0.9986013986013986,0.9986013986013986,0.9982017982017982,0.9985615342294472,0.00026536811896710904,0.9952076677316294,1.0,0.9984051036682615,0.9984051036682615,0.9904153354632588,0.9964866421062822,0.0034117799760117118,104,0.9980055843637814,0.9968076616121309,0.9972067039106145,0.9972067039106145,0.9964100518548066,0.9971273411303896,0.0005292649578479733,0.9976923076923077,1.0,0.9992307692307693,0.9992307692307693,0.9953810623556582,0.9983069817019009,0.0016438920836521357,97,0.9990382765916522,0.9984612425466436,0.9986535872283131,0.9986535872283131,0.9982692307692308,0.9986151848728305,0.00025508373759926777,0.9999502280031475,1.0,0.9999893357600403,0.9999964452533467,0.9999750770238643,0.9999822172080799,1.813080365258512e-05,90,0.99998740525044,1.0,0.9999880717025519,0.9999849599727826,0.9999907425935934,0.9999902359038735,5.217779656840531e-06
0.7129162311553955,0.2502014558721295,0.1066819667816162,0.07961505924070088,0.05,2,250,7,True,,"{'model__learning_rate': 0.05, 'model__max_depth': 2, 'model__n_estimators': 250, 'select__k': 7, 'select__prune': True}",0.9975980784627703,1.0,0.9992019154030327,0.9992019154030327,0.9951845906902087,0.998237299991809,0.001714392915599031,97,0.9990017967658216,0.9984012789768185,0.9986013986013986,0.9986013986013986,0.9982017982017982,0.9985615342294472,0.00026536811896710904,0.9952076677316294,1.0,0.9984051036682615,0.9984051036682615,0.9904153354632588,0.9964866421062822,0.0034117799760117118,104,0.9980055843637814,0.9968076616121309,0.9972067039106145,0.9972067039106145,0.9964100518548066,0.9971273411303896,0.0005292649578479733,0.9976923076923077,1.0,0.9992307692307693,0.9992307692307693,0.9953810623556582,0.9983069817019009,0.0016438920836521357,97,0.9990382765916522,0.9984612425466436,0.9986535872283131,0.9986535872283131,0.9982692307692308,0.9986151848728305,0.00025508373759926777,0.9999502280031475,1.0,0.9999893357600403,0.9999964452533467,0.9999750770238643,0.9999822172080799,1.813080365258512e-05,90,0.99998740525044,1.0,0.9999880717025519,0.9999849599727826,0.9999907425935934,0.9999902359038735,5.217779656840531e-06
0.8001824855804444,0.2485920748595548,0.10323133468627929,0.06955195864009088,0.05,2,250,8,False,,"{'model__learning_rate': 0.05, 'model__max_depth': 2, 'model__n_estimators': 250, 'select__k': 8, 'select__prune': False}",0.9975980784627703,1.0,0.9992019154030327,0.9992019154030327,0.9951845906902087,0.998237299991809,0.001714392915599031,97,0.9990017967658216,0.9984012789768185,0.9986013986013986,0.9986013986013986,0.9982017982017982,0.9985615342294472,0.00026536811896710904,0.9952076677316294,1.0,0.9984051036682615,0.9984051036682615,0.9904153354632588,0.9964866421062822,0.0034117799760117118,104,0.9980055843637814,0.9968076616121309,0.9972067039106145,0.9972067039106145,0.9964100518548066,0.9971273411303896,0.0005292649578479733,0.9976923076923077,1.0,0.9992307692307693,0.9992307692307693,0.9953810623556582,0.9983069817019009,0.0016438920836521357,97,0.9990382765916522,0.9984612425466436,0.9986535872283131,0.9986535872283131,0.9982692307692308,0.9986151848728305,0.00025508373759926777,0.9999502280031475,1.0,0.9999893357600403,0.9999999999999999,0.9999750770238643,0.9999829281574104,1.8734424875316885e-05,78,0.99998740525044,1.0,0.9999880717025519,1.0,0.9999907425935934,0.999993243909317,5.628281501226207e-06
0.7328437805175781,0.14437663377697177,0.14335741996765136,0.07156935718479948,0.05,2,250,8,True,,"{'model__learning_rate': 0.05, 'model__max_depth': 2, 'model__n_estimators': 250, 'select__k': 8, 'select__prune': True}",0.9975980784627703,1.0,0.9992019154030327,0.9992019154030327,0.9951845906902087,0.998237299991809,0.001714392915599031,97,0.9990017967658216,0.9984012789768185,0.9986013986013986,0.9986013986013986,0.9982017982017982,0.9985615342294472,0.00026536811896710904,0.9952076677316294,1.0,0.9984051036682615,0.9984051036682615,0.9904153354632588,0.9964866421062822,0.0034117799760117118,104,0.9980055843637814,0.9968076616121309,0.9972067039106145,0.9972067039106145,0.9964100518548066,0.9971273411303896,0.0005292649578479733,0.9976923076923077,1.0,0.9992307692307693,0.9992307692307693,0.9953810623556582,0.9983069817019009,0.0016438920836521357,97,0.9990382765916522,0.9984612425466436,0.9986535872283131,0.9986535872283131,0.9982692307692308,0.9986151848728305,0.00025508373759926777,0.9999502280031475,1.0,0.9999893357600403,0.9999999999999999,0.9999750770238643,0.9999829281574104,1.8734424875316885e-05,78,0.99998740525044,1.0,0.9999880717025519,1.0,0.9999907425935934,0.999993243909317,5.628281501226207e-06
0.873875904083252,0.1857761922989697,0.06597003936767579,0.06700555452377248,0.05,2,250,9,False,,"{'model__learning_rate': 0.05, 'model__max_depth': 2, 'model__n_estimators': 250, 'select__k': 9, 'select__prune': False}",0.9975980784627703,1.0,0.9992019154030327,0.9992019154030327,0.9975980784627703,0.9987199975463212,0.0009612804775641835,62,0.9990017967658216,0.9984012789768185,0.9986013986013986,0.9986013986013986,0.9990017967658216,0.9987215339422519,0.00024021771112017916,0.9952076677316294,1.0,0.9984051036682615,0.9984051036682615,0.9952076677316294,0.9974451085599563,0.0019174427974193607,69,0.9980055843637814,0.9968076616121309,0.9972067039106145,0.9972067039106145,0.9980055843637814,0.9974464476321845,0.0004792221724257249,0.9976923076923077,1.0,0.9992307692307693,0.9992307692307693,0.9976905311778291,0.9987688754663351,0.0009234916234883537,62,0.9990382765916522,0.9984612425466436,0.9986535872283131,0.9986535872283131,0.9990384615384615,0.9987690310266768,0.0002308567800788867,1.0,1.0,0.9999999999999999,0.9999999999999999,1.0,1.0,7.021666937153402e-17,1,1.0,1.0,1.0,1.0,1.0,1.0,0.0
0.829047155380249,0.09814729439449245,0.10339841842651368,0.09196468962136772,0.05,2,250,9,True,,"{'model__learning_rate': 0.05, 'model__max_depth': 2, 'model__n_estimators': 250, 'select__k': 9, 'select__prune': True}",0.9975980784627703,1.0,0.9992019154030327,0.9992019154030327,0.9975980784627703,0.9987199975463212,0.0009612804775641835,62,0.9990017967658216,0.9984012789768185,0.9986013986013986,0.9986013986013986,0.9990017967658216,0.9987215339422519,0.00024021771112017916,0.9952076677316294,1.0,0.9984051036682615,0.9984051036682615,0.9952076677316294,0.9974451085599563,0.0019174427974193607,69,0.9980055843637814,0.9968076616121309,0.9972067039106145,0.9972067039106145,0.9980055843637814,0.9974464476321845,0.0004792221724257249,0.9976923076923077,1.0,0.9992307692307693,0.9992307692307693,0.9976905311778291,0.9987688754663351,0.0009234916234883537,62,0.9990382765916522,0.9984612425466436,0.9986535872283131,0.9986535872283131,0.9990384615384615,0.9987690310266768,0.0002308567800788867,1.0,1.0,0.9999999999999999,0.9999999999999999,1.0,1.0,7.021666937153402e-17,1,1.0,1.0,1.0,1.0,1.0,1.0,0.0
0.8621084213256835,0.16852180620401658,0.1033545970916748,0.13550813561659047,0.05,2,250,10,False,,"{'model__learning_rate': 0.05, 'model__max_depth': 2, 'model__n_estimators': 250, 'select__k': 10, 'select__prune': False}",0.9975980784627703,1.0,0.9992019154030327,0.9992019154030327,0.9975980784627703,0.9987199975463212,0.0009612804775641835,62,0.9990017967658216,0.9984012789768185,0.9986013986013986,0.9986013986013986,0.9990017967658216,0.9987215339422519,0.00024021771112017916,0.9952076677316294,1.0,0.9984051036682615,0.9984051036682615,0.9952076677316294,0.9974451085599563,0.0019174427974193607,69,0.9980055843637814,0.9968076616121309,0.9972067039106145,0.9972067039106145,0.9980055843637814,0.9974464476321845,0.0004792221724257249,0.9976923076923077,1.0,0.9992307692307693,0.9992307692307693,0.9976905311778291,0.9987688754663351,0.0009234916234883537,62,0.9990382765916522,0.9984612425466436,0.9986535872283131,0.9986535872283131,0.9990384615384615,0.9987690310266768,0.0002308567800788867,0.9999502280031475,1.0,0.9999893357600405,1.0,0.9999750770238643,0.9999829281574104,1.8734424875344712e-05,78,0.9999874052504399,1.0,0.9999880717025518,1.0,0.9999907425935934,0.999993243909317,5.628281501269646e-06
0.9814553260803223,0.0914873032403942,0.03662385940551758,0.010439157872680817,0.05,2,250,10,True,,"{'model__learning_rate': 0.05, 'model__max_depth': 2, 'model__n_estimators': 250, 'select__k': 10, 'select__prune': True}",0.9975980784627703,1.0,0.9992019154030327,0.9992019154030327,0.9975980784627703,0.9987199975463212,0.0009612804775641835,62,0.9990017967658216,0.9984012789768185,0.9986013986013986,0.9986013986013986,0.9990017967658216,0.9987215339422519,0.00024021771112017916,0.9952076677316294,1.0,0.9984051036682615,0.9984051036682615,0.9952076677316294,0.9974451085599563,0.0019174427974193607,69,0.9980055843637814,0.9968076616121309,0.9972067039106145,0.9972067039106145,0.9980055843637814,0.9974464476321845,0.0004792221724257249,0.9976923076923077,1.0,0.9992307692307693,0.9992307692307693,0.9976905311778291,0.9987688754663351,0.0009234916234883537,62,0.9990382765916522,0.9984612425466436,0.9986535872283131,0.9986535872283131,0.9990384615384615,0.9987690310266768,0.0002308567800788867,0.9999502280031475,1.0,0.9999893357600405,1.0,0.9999750770238643,0.9999829281574104,1.8734424875344712e-05,78,0.9999874052504399,1.0,0.9999880717025518,1.0,0.9999907425935934,0.999993243909317,5.628281501269646e-06
1.1753448963165283,0.15158418832178502,0.12611188888549804,0.15623372893321189,0.05,2,250,21,False,,"{'model__learning_rate': 0.05, 'model__max_depth': 2, 'model__n_estimators': 250, 'select__k': 21, 'select__prune': False}",0.9975980784627703,1.0,1.0,1.0,0.9975980784627703,0.9990392313851082,0.0011766964336828475,53,0.9990017967658216,1.0,1.0,1.0,0.9990017967658216,0.9996007187063286,0.0004890177166666116,0.9952076677316294,1.0,1.0,1.0,0.9952076677316294,0.9980830670926517,0.002347753747076532,60,0.9980055843637814,1.0,1.0,1.0,0.9980055843637814,0.9992022337455125,0.0009770601287527718,0.9976923076923077,1.0,1.0,1.0,0.9976905311778291,0.9990765677740274,0.0011309690223642525,53,0.9990382765916522,1.0,1.0,1.0,0.9990384615384615,0.9996153476260228,0.00047110102592759067,1.0,1.0,1.0,1.0,1.0,1.0,0.0,1,1.0,0.9999999999999999,1.0,1.0,1.0,1.0,4.965068306494546e-17
1.0795681953430176,0.18673852927064286,0.1325559139251709,0.08074305652709833,0.05,2,250,21,True,,"{'model__learning_rate': 0.05, 'model__max_depth': 2, 'model__n_estimators': 250, 'select__k': 21, 'select__prune': True}",0.9975980784627703,1.0,1.0,1.0,0.9975980784627703,0.9990392313851082,0.0011766964336828475,53,0.9990017967658216,1.0,1.0,1.0,0.9990017967658216,0.9996007187063286,0.0004890177166666116,0.9952076677316294,1.0,1.0,1.0,0.9952076677316294,0.9980830670926517,0.002347753747076532,60,0.9980055843637814,1.0,1.0,1.0,0.9980055843637814,0.9992022337455125,0.0009770601287527718,0.9976923076923077,1.0,1.0,1.0,0.9976905311778291,0.9990765677740274,0.0011309690223642525,53,0.9990382765916522,1.0,1.0,1.0,0.9990384615384615,0.9996153476260228,0.00047110102592759067,1.0,1.0,1.0,1.0,1.0,1.0,0.0,1,1.0,0.9999999999999999,1.0,1.0,1.0,1.0,4.965068306494546e-17
0.6439537525177002,0.07935464196197077,0.09686198234558105,0.06841432638147019,0.05,4,100,6,False,,"{'model__learning_rate': 0.05, 'model__max_depth': 4, 'model__n_estimators': 100, 'select__k': 6, 'select__prune': False}",0.9975980784627703,1.0,0.9992019154030327,0.9992019154030327,0.9975980784627703,0.9987199975463212,0.0009612804775641835,62,0.9990017967658216,0.9984012789768185,0.9986013986013986,0.9986013986013986,0.9990017967658216,0.9987215339422519,0.00024021771112017916,0.9952076677316294,1.0,0.9984051036682615,0.9984051036682615,0.9952076677316294,0.9974451085599563,0.0019174427974193607,69,0.9980055843637814,0.9968076616121309,0.9972067039106145,0.9972067039106145,0.9980055843637814,0.9974464476321845,0.0004792221724257249,0.9976923076923077,1.0,0.9992307692307693,0.9992307692307693,0.9976905311778291,0.9987688754663351,0.0009234916234883537,62,0.9990382765916522,0.9984612425466436,0.9986535872283131,0.9986535872283131,0.9990384615384615,0.9987690310266768,0.0002308567800788867,0.999932452289986,0.9999999999999999,0.9999857810133872,0.9999774866045297,0.9999394727722419,0.999967038536029,2.646877575006545e-05,93,0.9999718470303951,0.9999555467175845,0.9999673268374246,0.9999709571888219,0.9999711168920116,0.9999673589332474,6.11133671579817e-06
0.6577056407928467,0.08057175969043881,0.09341578483581543,0.07780734720880303,0.05,4,100,6,True,,"{'model__learning_rate': 0.05, 'model__max_depth': 4, 'model__n_estimators': 100, 'select__k': 6, 'select__prune': True}",0.9975980784627703,1.0,0.9992019154030327,0.9992019154030327,0.9975980784627703,0.9987199975463212,0.0009612804775641835,62,0.9990017967658216,0.9984012789768185,0.9986013986013986,0.9986013986013986,0.9990017967658216,0.9987215339422519,0.00024021771112017916,0.9952076677316294,1.0,0.9984051036682615,0.9984051036682615,0.9952076677316294,0.9974451085599563,0.0019174427974193607,69,0.9980055843637814,0.9968076616121309,0.9972067039106145,0.9972067039106145,0.9980055843637814,0.9974464476321845,0.0004792221724257249,0.9976923076923077,1.0,0.9992307692307693,0.9992307692307693,0.9976905311778291,0.9987688754663351,0.0009234916234883537,62,0.9990382765916522,0.9984612425466436,0.9986535872283131,0.9986535872283131,0.9990384615384615,0.9987690310266768,0.0002308567800788867,0.999932452289986,0.9999999999999999,0.9999857810133872,0.9999774866045297,0.9999394727722419,0.999967038536029,2.646877575006545e-05,93,0.9999718470303951,0.9999555467175845,0.9999673268374246,0.9999709571888219,0.9999711168920116,0.9999673589332474,6.11133671579817e-06
0.6294334888458252,0.11560704683716942,0.11140756607055664,0.06106538953091946,0.05,4,100,7,False,,"{'model__learning_rate': 0.05, 'model__max_depth': 4, 'model__n_estimators': 100, 'select__k': 7, 'select__prune': False}",0.9975980784627703,1.0,1.0,1.0,0.9975980784627703,0.9990392313851082,0.0011766964336828475,53,0.9990017967658216,1.0,1.0,1.0,0.9990017967658216,0.9996007187063286,0.0004890177166666116,0.9952076677316294,1.0,1.0,1.0,0.9952076677316294,0.9980830670926517,0.002347753747076532,60,0.9980055843637814,1.0,1.0,1.0,0.9980055843637814,0.9992022337455125,0.0009770601287527718,0.9976923076923077,1.0,1.0,1.0,0.9976905311778291,0.9990765677740274,0.0011309690223642525,53,0.9990382765916522,1.0,1.0,1.0,0.9990384615384615,0.9996153476260228,0.00047110102592759067,1.0,1.0,0.9999999999999999,1.0,1.0,1.0,4.965068306494546e-17,1,1.0,1.0,0.9999999999999999,0.9999999999999999,1.0,1.0,7.021666937153402e-17
0.6709199905395508,0.07301456334651843,0.10582036972045898,0.05473807335430848,0.05,4,100,7,True,,"{'model__learning_rate': 0.05, 'model__max_depth': 4, 'model__n_estimators': 100, 'select__k': 7, 'select__prune': True}",0.9975980784627703,1.0,1.0,1.0,0.9975980784627703,0.9990392313851082,0.0011766964336828475,53,0.9990017967658216,1.0,1.0,1.0,0.9990017967658216,0.9996007187063286,0.0004890177166666116,0.9952076677316294,1.0,1.0,1.0,0.9952076677316294,0.9980830670926517,0.002347753747076532,60,0.9980055843637814,1.0,1.0,1.0,0.9980055843637814,0.9992022337455125,0.0009770601287527718,0.9976923076923077,1.0,1.0,1.0,0.9976905311778291,0.9990765677740274,0.0011309690223642525,53,0.9990382765916522,1.0,1.0,1.0,0.9990384615384615,0.9996153476260228,0.00047110102592759067,1.0,1.0,0.9999999999999999,1.0,1.0,1.0,4.965068306494546e-17,1,1.0,1.0,0.9999999999999999,0.9999999999999999,1.0,1.0,7.021666937153402e-17
0.6583332538604736,0.07964421254763163,0.09687695503234864,0.07390641450951145,0.05,4,100,8,False,,"{'model__learning_rate': 0.05, 'model__max_depth': 4, 'model__n_estimators': 100, 'select__k': 8, 'select__prune': False}",0.9975980784627703,1.0,1.0,1.0,0.9975980784627703,0.9990392313851082,0.0011766964336828475,53,0.9990017967658216,1.0,1.0,1.0,0.9990017967658216,0.9996007187063286,0.0004890177166666116,0.9952076677316294,1.0,1.0,1.0,0.9952076677316294,0.9980830670926517,0.002347753747076532,60,0.9980055843637814,1.0,1.0,1.0,0.9980055843637814,0.9992022337455125,0.0009770601287527718,0.9976923076923077,1.0,1.0,1.0,0.9976905311778291,0.9990765677740274,0.0011309690223642525,53,0.9990382765916522,1.0,1.0,1.0,0.9990384615384615,0.9996153476260228,0.00047110102592759067,1.0,1.0,0.9999999999999999,1.0,1.0,1.0,4.965068306494546e-17,1,1.0,1.0,0.9999999999999999,1.0,1.0,1.0,4.965068306494546e-17
0.6395976066589355,0.11699118520971406,0.09644050598144531,0.07501963604018978,0.05,4,100,8,True,,"{'model__learning_rate': 0.05, 'model__max_depth': 4, 'model__n_estimators': 100, 'select__k': 8, 'select__prune': True}",0.9975980784627703,1.0,1.0,1.0,0.9975980784627703,0.9990392313851082,0.0011766964336828475,53,0.9990017967658216,1.0,1.0,1.0,0.9990017967658216,0.9996007187063286,0.0004890177166666116,0.9952076677316294,1.0,1.0,1.0,0.9952076677316294,0.9980830670926517,0.002347753747076532,60,0.9980055843637814,1.0,1.0,1.0,0.9980055843637814,0.9992022337455125,0.0009770601287527718,0.9976923076923077,1.0,1.0,1.0,0.9976905311778291,0.9990765677740274,0.0011309690223642525,53,0.9990382765916522,1.0,1.0,1.0,0.9990384615384615,0.9996153476260228,0.00047110102592759067,1.0,1.0,0.9999999999999999,1.0,1.0,1.0,4.965068306494546e-17,1,1.0,1.0,0.9999999999999999,1.0,1.0,1.0,4.965068306494546e-17
0.7126879215240478,0.1401336943233496,0.05339479446411133,0.044421792728852015,0.05,4,100,9,False,,"{'model__learning_rate': 0.05, 'model__max_depth': 4, 'model__n_estimators': 100, 'select__k': 9, 'select__prune': False}",1.0,1.0,1.0,1.0,0.9975980784627703,0.9995196156925541,0.0009607686148918938,51,1.0,1.0,1.0,1.0,0.9990017967658216,0.9998003593531642,0.00039928129367137186,1.0,1.0,1.0,1.0,0.9952076677316294,0.999041533546326,0.0019169329073482457,58,1.0,1.0,1.0,1.0,0.9980055843637814,0.9996011168727563,0.000797766254487442,1.0,1.0,1.0,1.0,0.9976905311778291,0.9995381062355658,0.0009237875288683473,51,1.0,1.0,1.0,1.0,0.9990384615384615,0.9998076923076923,0.0003846153846153832,1.0,1.0,1.0,1.0,1.0,1.0,0.0,1,1.0,1.0,1.0,1.0,1.0,1.0,0.0
0.7146707057952881,0.14769130376050982,0.06377997398376464,0.05605115625878701,0.05,4,100,9,True,,"{'model__learning_rate': 0.05, 'model__max_depth': 4, 'model__n_estimators': 100, 'select__k': 9, 'select__prune': True}",1.0,1.0,1.0,1.0,0.9975980784627703,0.9995196156925541,0.0009607686148918938,51,1.0,1.0,1.0,1.0,0.9990017967658216,0.9998003593531642,0.00039928129367137186,1.0,1.0,1.0,1.0,0.9952076677316294,0.999041533546326,0.0019169329073482457,58,1.0,1.0,1.0,1.0,0.9980055843637814,0.9996011168727563,0.000797766254487442,1.0,1.0,1.0,1.0,0.9976905311778291,0.9995381062355658,0.0009237875288683473,51,1.0,1.0,1.0,1.0,0.9990384615384615,0.9998076923076923,0.0003846153846153832,1.0,1.0,1.0,1.0,1.0,1.0,0.0,1,1.0,1.0,1.0,1.0,1.0,1.0,0.0
0.6921909332275391,0.13755098412556616,0.15627093315124513,0.12191925020881803,0.05,4,100,10,False,,"{'model__learning_rate': 0.05, 'model__max_depth': 4, 'model__n_estimators': 100, 'select__k': 10, 'select__prune': False}",1.0,1.0,1.0,1.0,1.0,1.0,0.0,1,1.0,1.0,1.0,1.0,1.0,1.0,0.0,1.0,1.0,1.0,1.0,1.0,1.0,0.0,1,1.0,1.0,1.0,1.0,1.0,1.0,0.0,1.0,1.0,1.0,1.0,1.0,1.0,0.0,1,1.0,1.0,1.0,1.0,1.0,1.0,0.0,0.9999999999999999,1.0,1.0,1.0,0.9999999999999999,1.0,7.021666937153402e-17,1,0.9999999999999999,1.0,1.0,1.0,1.0,1.0,4.965068306494546e-17
0.8056527614593506,0.15869257503013776,0.1422421455383301,0.10190192970833209,0.05,4,100,10,True,,"{'model__learning_rate': 0.05, 'model__max_depth': 4, 'model__n_estimators': 100, 'select__k': 10, 'select__prune': True}",1.0,1.0,1.0,1.0,1.0,1.0,0.0,1,1.0,1.0,1.0,1.0,1.0,1.0,0.0,1.0,1.0,1.0,1.0,1.0,1.0,0.0,1,1.0,1.0,1.0,1.0,1.0,1.0,0.0,1.0,1.0,1.0,1.0,1.0,1.0,0.0,1,1.0,1.0,1.0,1.0,1.0,1.0,0.0,0.9999999999999999,1.0,1.0,1.0,0.9999999999999999,1.0,7.021666937153402e-17,1,0.9999999999999999,1.0,1.0,1.0,1.0,1.0,4.965068306494546e-17
1.0074155807495118,0.11502458185373508,0.1416074275970459,0.08207855754481365,0.05,4,100,21,False,,"{'model__learning_rate': 0.05, 'model__max_depth': 4, 'model__n_estimators': 100, 'select__k': 21, 'select__prune': False}",1.0,1.0,1.0,1.0,1.0,1.0,0.0,1,1.0,1.0,1.0,1.0,1.0,1.0,0.0,1.0,1.0,1.0,1.0,1.0,1.0,0.0,1,1.0,1.0,1.0,1.0,1.0,1.0,0.0,1.0,1.0,1.0,1.0,1.0,1.0,0.0,1,1.0,1.0,1.0,1.0,1.0,1.0,0.0,1.0,1.0,1.0,1.0,1.0,1.0,0.0,1,1.0,1.0,1.0,1.0,1.0,1.0,0.0
0.97123703956604,0.13903511846595965,0.07786483764648437,0.052080819271475544,0.05,4,100,21,True,,"{'model__learning_rate': 0.05, 'model__max_depth': 4, 'model__n_estimators': 100, 'select__k': 21, 'select__prune': True}",1.0,1.0,1.0,1.0,1.0,1.0,0.0,1,1.0,1.0,1.0,1.0,1.0,1.0,0.0,1.0,1.0,1.0,1.0,1.0,1.0,0.0,1,1.0,1.0,1.0,1.0,1.0,1.0,0.0,1.0,1.0,1.0,1.0,1.0,1.0,0.0,1,1.0,1.0,1.0,1.0,1.0,1.0,0.0,1.0,1.0,1.0,1.0,1.0,1.0,0.0,1,1.0,1.0,1.0,1.0,1.0,1.0,0.0
0.7768847942352295,0.09392700387696666,0.07823185920715332,0.06019569926978092,0.05,4,250,6,False,,"{'model__learning_rate': 0.05, 'model__max_depth': 4, 'model__n_estimators': 250, 'select__k': 6, 'select__prune': False}",0.9975980784627703,1.0,0.9992019154030327,0.9992019154030327,0.9975980784627703,0.9987199975463212,0.0009612804775641835,62,0.9990017967658216,0.9984012789768185,0.9986013986013986,0.9986013986013986,0.9990017967658216,0.9987215339422519,0.00024021771112017916,0.9952076677316294,1.0,0.9984051036682615,0.9984051036682615,0.9952076677316294,0.9974451085599563,0.0019174427974193607,69,0.9980055843637814,0.9968076616121309,0.9972067039106145,0.9972067039106145,0.9980055843637814,0.9974464476321845,0.0004792221724257249,0.9976923076923077,1.0,0.9992307692307693,0.9992307692307693,0.9976905311778291,0.9987688754663351,0.0009234916234883537,62,0.9990382765916522,0.9984612425466436,0.9986535872283131,0.9986535872283131,0.9990384615384615,0.9987690310266768,0.0002308567800788867,0.9999715588589413,1.0,0.9999928905066935,0.9999869659289383,0.9999608353232154,0.9999824501235578,1.4305324184916834e-05,82,0.9999862939490081,0.9999786624244406,0.9999797737565008,0.9999823668646418,0.9999874099272872,0.9999829013843758,3.460433578927729e-06
0.7412720680236816,0.07591278171187048,0.039234590530395505,0.031194822700622356,0.05,4,250,6,True,,"{'model__learning_rate': 0.05, 'model__max_depth': 4, 'model__n_estimators': 250, 'select__k': 6, 'select__prune': True}",0.9975980784627703,1.0,0.9992019154030327,0.9992019154030327,0.9975980784627703,0.9987199975463212,0.0009612804775641835,62,0.9990017967658216,0.9984012789768185,0.9986013986013986,0.9986013986013986,0.9990017967658216,0.9987215339422519,0.00024021771112017916,0.9952076677316294,1.0,0.9984051036682615,0.9984051036682615,0.9952076677316294,0.9974451085599563,0.0019174427974193607,69,0.9980055843637814,0.9968076616121309,0.9972067039106145,0.9972067039106145,0.9980055843637814,0.9974464476321845,0.0004792221724257249,0.9976923076923077,1.0,0.9992307692307693,0.9992307692307693,0.9976905311778291,0.9987688754663351,0.0009234916234883537,62,0.9990382765916522,0.9984612425466436,0.9986535872283131,0.9986535872283131,0.9990384615384615,0.9987690310266768,0.0002308567800788867,0.9999715588589413,1.0,0.9999928905066935,0.9999869659289383,0.9999608353232154,0.9999824501235578,1.4305324184916834e-05,82,0.9999862939490081,0.9999786624244406,0.9999797737565008,0.9999823668646418,0.9999874099272872,0.9999829013843758,3.460433578927729e-06
0.765087366104126,0.09025740929622449,0.029794597625732423,0.007925959765081746,0.05,4,250,7,False,,"{'model__learning_rate': 0.05, 'model__max_depth': 4, 'model__n_estimators': 250, 'select__k': 7, 'select__prune': False}",1.0,1.0,1.0,1.0,1.0,1.0,0.0,1,1.0,1.0,1.0,1.0,1.0,1.0,0.0,1.0,1.0,1.0,1.0,1.0,1.0,0.0,1,1.0,1.0,1.0,1.0,1.0,1.0,0.0,1.0,1.0,1.0,1.0,1.0,1.0,0.0,1,1.0,1.0,1.0,1.0,1.0,1.0,0.0,1.0,1.0,1.0,1.0,0.9999999999999999,1.0,4.965068306494546e-17,1,1.0,1.0,0.9999999999999999,1.0,1.0,1.0,4.965068306494546e-17
0.7773503303527832,0.08498275118209307,0.05875935554504395,0.06330805962001791,0.05,4,250,7,True,,"{'model__learning_rate': 0.05, 'model__max_depth': 4, 'model__n_estimators': 250, 'select__k': 7, 'select__prune': True}",1.0,1.0,1.0,1.0,1.0,1.0,0.0,1,1.0,1.0,1.0,1.0,1.0,1.0,0.0,1.0,1.0,1.0,1.0,1.0,1.0,0.0,1,1.0,1.0,1.0,1.0,1.0,1.0,0.0,1.0,1.0,1.0,1.0,1.0,1.0,0.0,1,1.0,1.0,1.0,1.0,1.0,1.0,0.0,1.0,1.0,1.0,1.0,0.9999999999999999,1.0,4.965068306494546e-17,1,1.0,1.0,0.9999999999999999,1.0,1.0,1.0,4.965068306494546e-17
0.7735249519348144,0.0733165927061533,0.09184379577636718,0.07522788511126922,0.05,4,250,8,False,,"{'model__learning_rate': 0.05, 'model__max_depth': 4, 'model__n_estimators': 250, 'select__k': 8, 'select__prune': False}",1.0,1.0,1.0,1.0,1.0,1.0,0.0,1,1.0,1.0,1.0,1.0,1.0,1.0,0.0,1.0,1.0,1.0,1.0,1.0,1.0,0.0,1,1.0,1.0,1.0,1.0,1.0,1.0,0.0,1.0,1.0,1.0,1.0,1.0,1.0,0.0,1,1.0,1.0,1.0,1.0,1.0,1.0,0.0,1.0,1.0,1.0,1.0,0.9999999999999999,1.0,4.965068306494546e-17,1,1.0,1.0,0.9999999999999999,1.0,1.0,1.0,4.965068306494546e-17
0.7258769035339355,0.14499238478114237,0.04880166053771973,0.022102876994140423,0.05,4,250,8,True,,"{'model__learning_rate': 0.05, 'model__max_depth': 4, 'model__n_estimators': 250, 'select__k': 8, 'select__prune': True}",1.0,1.0,1.0,1.0,1.0,1.0,0.0,1,1.0,1.0,1.0,1.0,1.0,1.0,0.0,1.0,1.0,1.0,1.0,1.0,1.0,0.0,1,1.0,1.0,1.0,1.0,1.0,1.0,0.0,1.0,1.0,1.0,1.0,1.0,1.0,0.0,1,1.0,1.0,1.0,1.0,1.0,1.0,0.0,1.0,1.0,1.0,1.0,0.9999999999999999,1.0,4.965068306494546e-17,1,1.0,1.0,0.9999999999999999,1.0,1.0,1.0,4.965068306494546e-17
0.8244681835174561,0.09622949568823141,0.07701725959777832,0.08830066180874455,0.05,4,250,9,False,,"{'model__learning_rate': 0.05, 'model__max_depth': 4, 'model__n_estimators': 250, 'select__k': 9, 'select__prune': False}",1.0,1.0,1.0,1.0,1.0,1.0,0.0,1,1.0,1.0,1.0,1.0,1.0,1.0,0.0,1.0,1.0,1.0,1.0,1.0,1.0,0.0,1,1.0,1.0,1.0,1.0,1.0,1.0,0.0,1.0,1.0,1.0,1.0,1.0,1.0,0.0,1,1.0,1.0,1.0,1.0,1.0,1.0,0.0,1.0,1.0,1.0,1.0,1.0,1.0,0.0,1,1.0,1.0,1.0,1.0,1.0,1.0,0.0
0.7256622314453125,0.16681960447466834,0.13640718460083007,0.05918166179389207,0.05,4,250,9,True,,"{'model__learning_rate': 0.05, 'model__max_depth': 4, 'model__n_estimators': 250, 'select__k': 9, 'select__prune': True}",1.0,1.0,1.0,1.0,1.0,1.0,0.0,1,1.0,1.0,1.0,1.0,1.0,1.0,0.0,1.0,1.0,1.0,1.0,1.0,1.0,0.0,1,1.0,1.0,1.0,1.0,1.0,1.0,0.0,1.0,1.0,1.0,1.0,1.0,1.0,0.0,1,1.0,1.0,1.0,1.0,1.0,1.0,0.0,1.0,1.0,1.0,1.0,1.0,1.0,0.0,1,1.0,1.0,1.0,1.0,1.0,1.0,0.0
0.7344730377197266,0.12959295845896593,0.09231090545654297,0.09371067412698933,0.05,4,250,10,False,,"{'model__learning_rate': 0.05, 'model__max_depth': 4, 'model__n_estimators': 250, 'select__k': 10, 'select__prune': False}",1.0,1.0,1.0,1.0,1.0,1.0,0.0,1,1.0,1.0,1.0,1.0,1.0,1.0,0.0,1.0,1.0,1.0,1.0,1.0,1.0,0.0,1,1.0,1.0,1.0,1.0,1.0,1.0,0.0,1.0,1.0,1.0,1.0,1.0,1.0,0.0,1,1.0,1.0,1.0,1.0,1.0,1.0,0.0,1.0,1.0,1.0,1.0,1.0,1.0,0.0,1,1.0,1.0,1.0,1.0,1.0,1.0,0.0
0.8138117790222168,0.2779596969824775,0.10552940368652344,0.09750108755507975,0.05,4,250,10,True,,"{'model__learning_rate': 0.05, 'model__max_depth': 4, 'model__n_estimators': 250, 'select__k': 10, 'select__prune': True}",1.0,1.0,1.0,1.0,1.0,1.0,0.0,1,1.0,1.0,1.0,1.0,1.0,1.0,0.0,1.0,1.0,1.0,1.0,1.0,1.0,0.0,1,1.0,1.0,1.0,1.0,1.0,1.0,0.0,1.0,1.0,1.0,1.0,1.0,1.0,0.0,1,1.0,1.0,1.0,1.0,1.0,1.0,0.0,1.0,1.0,1.0,1.0,1.0,1.0,0.0,1,1.0,1.0,1.0,1.0,1.0,1.0,0.0
1.2141178131103516,0.13504458492662183,0.052118778228759766,0.01642176516291034,0.05,4,250,21,False,,"{'model__learning_rate': 0.05, 'model__max_depth': 4, 'model__n_estimators': 250, 'select__k': 21, 'select__prune': False}",1.0,1.0,1.0,1.0,1.0,1.0,0.0,1,1.0,1.0,1.0,1.0,1.0,1.0,0.0,1.0,1.0,1.0,1.0,1.0,1.0,0.0,1,1.0,1.0,1.0,1.0,1.0,1.0,0.0,1.0,1.0,1.0,1.0,1.0,1.0,0.0,1,1.0,1.0,1.0,1.0,1.0,1.0,0.0,1.0,1.0,1.0,1.0,1.0,1.0,0.0,1,1.0,1.0,1.0,1.0,1.0,1.0,0.0
1.2756874084472656,0.046460575857831005,0.11419134140014649,0.06127567541893116,0.05,4,250,21,True,,"{'model__learning_rate': 0.05, 'model__max_depth': 4, 'model__n_estimators': 250, 'select__k': 21, 'select__prune': True}",1.0,1.0,1.0,1.0,1.0,1.0,0.0,1,1.0,1.0,1.0,1.0,1.0,1.0,0.0,1.0,1.0,1.0,1.0,1.0,1.0,0.0,1,1.0,1.0,1.0,1.0,1.0,1.0,0.0,1.0,1.0,1.0,1.0,1.0,1.0,0.0,1,1.0,1.0,1.0,1.0,1.0,1.0,0.0,1.0,1.0,1.0,1.0,1.0,1.0,0.0,1,1.0,1.0,1.0,1.0,1.0,1.0,0.0
0.48041234016418455,0.22027708205708166,0.1287555694580078,0.07000427857584397,0.2,2,100,6,False,,"{'model__learning_rate': 0.2, 'model__max_depth': 2, 'model__n_estimators': 100, 'select__k': 6, 'select__prune': False}",0.9975980784627703,0.9984025559105432,0.9992019154030327,0.9992019154030327,0.9951845906902087,0.9979178111739175,0.0014903387548669833,101,0.9990017967658216,0.9973994798959792,0.9986013986013986,0.998000799680128,0.9982017982017982,0.9982410546290252,0.0005433392892057438,0.9952076677316294,0.9968102073365231,0.9984051036682615,0.9984051036682615,0.9904153354632588,0.9958486835735869,0.0029640265972237893,108,0.9980055843637814,0.9948124501197126,0.9972067039106145,0.9960095770151636,0.9964100518548066,0.9964888734528158,0.0010827765849719061,0.9976923076923077,0.9984615384615385,0.9992307692307693,0.9992307692307693,0.9953810623556582,0.9979992893942086,0.001428013302925217,101,0.9990382765916522,0.9974995191382958,0.9986535872283131,0.9980765531833045,0.9982692307692308,0.9983074333821593,0.0005218131491950559,0.9999040111489272,0.9999905206755915,0.9999810413511829,0.9999466788002019,0.9997365285379944,0.9999117561027797,9.272387194515958e-05,109,0.9999644383541832,0.9999623628875548,0.9999611033778865,0.9999419143776437,0.9999092774172161,0.9999478192828969,2.0902250896787888e-05
0.6424477577209473,0.11610020723104397,0.12394161224365234,0.07513447678321111,0.2,2,100,6,True,,"{'model__learning_rate': 0.2, 'model__max_depth': 2, 'model__n_estimators': 100, 'select__k': 6, 'select__prune': True}",0.9975980784627703,0.9984025559105432,0.9992019154030327,0.9992019154030327,0.9951845906902087,0.9979178111739175,0.0014903387548669833,101,0.9990017967658216,0.9973994798959792,0.9986013986013986,0.998000799680128,0.9982017982017982,0.9982410546290252,0.0005433392892057438,0.9952076677316294,0.9968102073365231,0.9984051036682615,0.9984051036682615,0.9904153354632588,0.9958486835735869,0.0029640265972237893,108,0.9980055843637814,0.9948124501197126,0.9972067039106145,0.9960095770151636,0.9964100518548066,0.9964888734528158,0.0010827765849719061,0.9976923076923077,0.9984615384615385,0.9992307692307693,0.9992307692307693,0.9953810623556582,0.9979992893942086,0.001428013302925217,101,0.9990382765916522,0.9974995191382958,0.9986535872283131,0.9980765531833045,0.9982692307692308,0.9983074333821593,0.0005218131491950559,0.9999040111489272,0.9999905206755915,0.9999810413511829,0.9999466788002019,0.9997365285379944,0.9999117561027797,9.272387194515958e-05,109,0.9999644383541832,0.9999623628875548,0.9999611033778865,0.9999419143776437,0.9999092774172161,0.9999478192828969,2.0902250896787888e-05
0.6468758106231689,0.051691427184850355,0.10085415840148926,0.0702955736241064,0.2,2,100,7,False,,"{'model__learning_rate': 0.2, 'model__max_depth': 2, 'model__n_estimators': 100, 'select__k': 7, 'select__prune': False}",0.9975980784627703,1.0,0.9992019154030327,0.9992019154030327,0.9975980784627703,0.9987199975463212,0.0009612804775641835,62,0.9990017967658216,1.0,0.9986013986013986,0.9986013986013986,0.9990017967658216,0.999041278146888,0.0005117134314469785,0.9952076677316294,1.0,0.9984051036682615,0.9984051036682615,0.9952076677316294,0.9974451085599563,0.0019174427974193607,69,0.9980055843637814,1.0,0.9972067039106145,0.9972067039106145,0.9980055843637814,0.9980849153097584,0.0010220221809676686,0.9976923076923077,1.0,0.9992307692307693,0.9992307692307693,0.9976905311778291,0.9987688754663351,0.0009234916234883537,62,0.9990382765916522,1.0,0.9986535872283131,0.9986535872283131,0.9990384615384615,0.999076782517348,0.0004926398744181119,0.9999999999999999,1.0,1.0,1.0,1.0,1.0,4.965068306494546e-17,1,1.0,1.0,1.0,1.0,1.0,1.0,0.0
0.6980887889862061,0.07153691716281278,0.13184623718261718,0.07744753978475352,0.2,2,100,7,True,,"{'model__learning_rate': 0.2, 'model__max_depth': 2, 'model__n_estimators': 100, 'select__k': 7, 'select__prune': True}",0.9975980784627703,1.0,0.9992019154030327,0.9992019154030327,0.9975980784627703,0.9987199975463212,0.0009612804775641835,62,0.9990017967658216,1.0,0.9986013986013986,0.9986013986013986,0.9990017967658216,0.999041278146888,0.0005117134314469785,0.9952076677316294,1.0,0.9984051036682615,0.9984051036682615,0.9952076677316294,0.9974451085599563,0.0019174427974193607,69,0.9980055843637814,1.0,0.9972067039106145,0.9972067039106145,0.9980055843637814,0.9980849153097584,0.0010220221809676686,0.9976923076923077,1.0,0.9992307692307693,0.9992307692307693,0.9976905311778291,0.9987688754663351,0.0009234916234883537,62,0.9990382765916522,1.0,0.9986535872283131,0.9986535872283131,0.9990384615384615,0.999076782517348,0.0004926398744181119,0.9999999999999999,1.0,1.0,1.0,1.0,1.0,4.965068306494546e-17,1,1.0,1.0,1.0,1.0,1.0,1.0,0.0
0.6762835025787354,0.08800466681405103,0.08691916465759278,0.07167927379446998,0.2,2,100,8,False,,"{'model__learning_rate': 0.2, 'model__max_depth': 2, 'model__n_estimators': 100, 'select__k': 8, 'select__prune': False}",0.9975980784627703,1.0,0.9992019154030327,0.9992019154030327,0.9975980784627703,0.9987199975463212,0.0009612804775641835,62,0.9990017967658216,1.0,0.9986013986013986,0.9986013986013986,0.9990017967658216,0.999041278146888,0.0005117134314469785,0.9952076677316294,1.0,0.9984051036682615,0.9984051036682615,0.9952076677316294,0.9974451085599563,0.0019174427974193607,69,0.9980055843637814,1.0,0.9972067039106145,0.9972067039106145,0.9980055843637814,0.9980849153097584,0.0010220221809676686,0.9976923076923077,1.0,0.9992307692307693,0.9992307692307693,0.9976905311778291,0.9987688754663351,0.0009234916234883537,62,0.9990382765916522,1.0,0.9986535872283131,0.9986535872283131,0.9990384615384615,0.999076782517348,0.0004926398744181119,0.9999999999999999,1.0,1.0,1.0,1.0,1.0,4.965068306494546e-17,1,1.0,1.0,1.0,1.0,1.0,1.0,0.0
0.6769709110260009,0.0640834898880781,0.1147068977355957,0.04116752100495272,0.2,2,100,8,True,,"{'model__learning_rate': 0.2, 'model__max_depth': 2, 'model__n_estimators': 100, 'select__k': 8, 'select__prune': True}",0.9975980784627703,1.0,0.9992019154030327,0.9992019154030327,0.9975980784627703,0.9987199975463212,0.0009612804775641835,62,0.9990017967658216,1.0,0.9986013986013986,0.9986013986013986,0.9990017967658216,0.999041278146888,0.0005117134314469785,0.9952076677316294,1.0,0.9984051036682615,0.9984051036682615,0.9952076677316294,0.9974451085599563,0.0019174427974193607,69,0.9980055843637814,1.0,0.9972067039106145,0.9972067039106145,0.9980055843637814,0.9980849153097584,0.0010220221809676686,0.9976923076923077,1.0,0.9992307692307693,0.9992307692307693,0.9976905311778291,0.9987688754663351,0.0009234916234883537,62,0.9990382765916522,1.0,0.9986535872283131,0.9986535872283131,0.9990384615384615,0.999076782517348,0.0004926398744181119,0.9999999999999999,1.0,1.0,1.0,1.0,1.0,4.965068306494546e-17,1,1.0,1.0,1.0,1.0,1.0,1.0,0.0
0.7802377223968506,0.09228649570270255,0.05865621566772461,0.031340722845872714,0.2,2,100,9,False,,"{'model__learning_rate': 0.2, 'model__max_depth': 2, 'model__n_estimators': 100, 'select__k': 9, 'select__prune': False}",0.9975980784627703,1.0,0.9992019154030327,0.9992019154030327,0.9975980784627703,0.9987199975463212,0.0009612804775641835,62,0.9990017967658216,0.9984012789768185,0.9986013986013986,0.9986013986013986,0.9990017967658216,0.9987215339422519,0.00024021771112017916,0.9952076677316294,1.0,0.9984051036682615,0.9984051036682615,0.9952076677316294,0.9974451085599563,0.0019174427974193607,69,0.9980055843637814,0.9968076616121309,0.9972067039106145,0.9972067039106145,0.9980055843637814,0.9974464476321845,0.0004792221724257249,0.9976923076923077,1.0,0.9992307692307693,0.9992307692307693,0.9976905311778291,0.9987688754663351,0.0009234916234883537,62,0.9990382765916522,0.9984612425466436,0.9986535872283131,0.9986535872283131,0.9990384615384615,0.9987690310266768,0.0002308567800788867,1.0,1.0,1.0,1.0,1.0,1.0,0.0,1,1.0,1.0,1.0,1.0,1.0,1.0,0.0
0.6996906757354736,0.0143958410026526,0.1487494945526123,0.04517364591435591,0.2,2,100,9,True,,"{'model__learning_rate': 0.2, 'model__max_depth': 2, 'model__n_estimators': 100, 'select__k': 9, 'select__prune': True}",0.9975980784627703,1.0,0.9992019154030327,0.9992019154030327,0.9975980784627703,0.9987199975463212,0.0009612804775641835,62,0.9990017967658216,0.9984012789768185,0.9986013986013986,0.9986013986013986,0.9990017967658216,0.9987215339422519,0.00024021771112017916,0.9952076677316294,1.0,0.9984051036682615,0.9984051036682615,0.9952076677316294,0.9974451085599563,0.0019174427974193607,69,0.9980055843637814,0.9968076616121309,0.9972067039106145,0.9972067039106145,0.9980055843637814,0.9974464476321845,0.0004792221724257249,0.9976923076923077,1.0,0.9992307692307693,0.9992307692307693,0.9976905311778291,0.9987688754663351,0.0009234916234883537,62,0.9990382765916522,0.9984612425466436,0.9986535872283131,0.9986535872283131,0.9990384615384615,0.9987690310266768,0.0002308567800788867,1.0,1.0,1.0,1.0,1.0,1.0,0.0,1,1.0,1.0,1.0,1.0,1.0,1.0,0.0
0.7105119228363037,0.043596146248097815,0.12563610076904297,0.06800484594572041,0.2,2,100,10,False,,"{'model__learning_rate': 0.2, 'model__max_depth': 2, 'model__n_estimators': 100, 'select__k': 10, 'select__prune': False}",0.9975980784627703,1.0,1.0,1.0,0.9975980784627703,0.9990392313851082,0.0011766964336828475,53,0.9990017967658216,1.0,1.0,1.0,0.9990017967658216,0.9996007187063286,0.0004890177166666116,0.9952076677316294,1.0,1.0,1.0,0.9952076677316294,0.9980830670926517,0.002347753747076532,60,0.9980055843637814,1.0,1.0,1.0,0.9980055843637814,0.9992022337455125,0.0009770601287527718,0.9976923076923077,1.0,1.0,1.0,0.9976905311778291,0.9990765677740274,0.0011309690223642525,53,0.9990382765916522,1.0,1.0,1.0,0.9990384615384615,0.9996153476260228,0.00047110102592759067,1.0,1.0,1.0,1.0,1.0,1.0,0.0,1,1.0,1.0,1.0,0.9999999999999999,0.9999999999999999,1.0,7.021666937153402e-17
0.7922250270843506,0.07175446659510257,0.12349162101745606,0.09623609586497107,0.2,2,100,10,True,,"{'model__learning_rate': 0.2, 'model__max_depth': 2, 'model__n_estimators': 100, 'select__k': 10, 'select__prune': True}",0.9975980784627703,1.0,1.0,1.0,0.9975980784627703,0.9990392313851082,0.0011766964336828475,53,0.9990017967658216,1.0,1.0,1.0,0.9990017967658216,0.9996007187063286,0.0004890177166666116,0.9952076677316294,1.0,1.0,1.0,0.9952076677316294,0.9980830670926517,0.002347753747076532,60,0.9980055843637814,1.0,1.0,1.0,0.9980055843637814,0.9992022337455125,0.0009770601287527718,0.9976923076923077,1.0,1.0,1.0,0.9976905311778291,0.9990765677740274,0.0011309690223642525,53,0.9990382765916522,1.0,1.0,1.0,0.9990384615384615,0.9996153476260228,0.00047110102592759067,1.0,1.0,1.0,1.0,1.0,1.0,0.0,1,1.0,1.0,1.0,0.9999999999999999,0.9999999999999999,1.0,7.021666937153402e-17
1.0885942459106446,0.09650833803377382,0.15467443466186523,0.074172471779502,0.2,2,100,21,False,,"{'model__learning_rate': 0.2, 'model__max_depth': 2, 'model__n_estimators': 100, 'select__k': 21, 'select__prune': False}",1.0,1.0,1.0,1.0,1.0,1.0,0.0,1,1.0,1.0,1.0,1.0,1.0,1.0,0.0,1.0,1.0,1.0,1.0,1.0,1.0,0.0,1,1.0,1.0,1.0,1.0,1.0,1.0,0.0,1.0,1.0,1.0,1.0,1.0,1.0,0.0,1,1.0,1.0,1.0,1.0,1.0,1.0,0.0,1.0,1.0,1.0,1.0,1.0,1.0,0.0,1,1.0,1.0,1.0,1.0,1.0,1.0,0.0
0.9262642860412598,0.07741012177308325,0.18316388130187988,0.08259577280421157,0.2,2,100,21,True,,"{'model__learning_rate': 0.2, 'model__max_depth': 2, 'model__n_estimators': 100, 'select__k': 21, 'select__prune': True}",1.0,1.0,1.0,1.0,1.0,1.0,0.0,1,1.0,1.0,1.0,1.0,1.0,1.0,0.0,1.0,1.0,1.0,1.0,1.0,1.0,0.0,1,1.0,1.0,1.0,1.0,1.0,1.0,0.0,1.0,1.0,1.0,1.0,1.0,1.0,0.0,1,1.0,1.0,1.0,1.0,1.0,1.0,0.0,1.0,1.0,1.0,1.0,1.0,1.0,0.0,1,1.0,1.0,1.0,1.0,1.0,1.0,0.0
0.7350045680999756,0.09736941807571127,0.02445225715637207,0.004760784035698961,0.2,2,250,6,False,,"{'model__learning_rate': 0.2, 'model__max_depth': 2, 'model__n_estimators': 250, 'select__k': 6, 'select__prune': False}",0.9975980784627703,1.0,0.9992019154030327,0.9992019154030327,0.9975980784627703,0.9987199975463212,0.0009612804775641835,62,0.9990017967658216,0.9984012789768185,0.9986013986013986,0.9986013986013986,0.9990017967658216,0.9987215339422519,0.00024021771112017916,0.9952076677316294,1.0,0.9984051036682615,0.9984051036682615,0.9952076677316294,0.9974451085599563,0.0019174427974193607,69,0.9980055843637814,0.9968076616121309,0.9972067039106145,0.9972067039106145,0.9980055843637814,0.9974464476321845,0.0004792221724257249,0.9976923076923077,1.0,0.9992307692307693,0.9992307692307693,0.9976905311778291,0.9987688754663351,0.0009234916234883537,62,0.9990382765916522,0.9984612425466436,0.9986535872283131,0.9986535872283131,0.9990384615384615,0.9987690310266768,0.0002308567800788867,0.9999715588589413,0.9999999999999999,0.9999928905066936,0.9999869659289382,0.9999608353232153,0.9999824501235578,1.430532418493234e-05,82,0.9999862939490082,0.9999786624244404,0.9999797737565008,0.9999823668646418,0.9999874099272872,0.9999829013843758,3.4604335789766984e-06
0.6764596462249756,0.08155467165315128,0.025815916061401368,0.004297995298512164,0.2,2,250,6,True,,"{'model__learning_rate': 0.2, 'model__max_depth': 2, 'model__n_estimators': 250, 'select__k': 6, 'select__prune': True}",0.9975980784627703,1.0,0.9992019154030327,0.9992019154030327,0.9975980784627703,0.9987199975463212,0.0009612804775641835,62,0.9990017967658216,0.9984012789768185,0.9986013986013986,0.9986013986013986,0.9990017967658216,0.9987215339422519,0.00024021771112017916,0.9952076677316294,1.0,0.9984051036682615,0.9984051036682615,0.9952076677316294,0.9974451085599563,0.0019174427974193607,69,0.9980055843637814,0.9968076616121309,0.9972067039106145,0.9972067039106145,0.9980055843637814,0.9974464476321845,0.0004792221724257249,0.9976923076923077,1.0,0.9992307692307693,0.9992307692307693,0.9976905311778291,0.9987688754663351,0.0009234916234883537,62,0.9990382765916522,0.9984612425466436,0.9986535872283131,0.9986535872283131,0.9990384615384615,0.9987690310266768,0.0002308567800788867,0.9999715588589413,0.9999999999999999,0.9999928905066936,0.9999869659289382,0.9999608353232153,0.9999824501235578,1.430532418493234e-05,82,0.9999862939490082,0.9999786624244404,0.9999797737565008,0.9999823668646418,0.9999874099272872,0.9999829013843758,3.4604335789766984e-06
0.7576460361480712,0.07604441026168521,0.03402996063232422,0.005515639610705072,0.2,2,250,7,False,,"{'model__learning_rate': 0.2, 'model__max_depth': 2, 'model__n_estimators': 250, 'select__k': 7, 'select__prune': False}",1.0,1.0,1.0,1.0,1.0,1.0,0.0,1,1.0,1.0,1.0,1.0,1.0,1.0,0.0,1.0,1.0,1.0,1.0,1.0,1.0,0.0,1,1.0,1.0,1.0,1.0,1.0,1.0,0.0,1.0,1.0,1.0,1.0,1.0,1.0,0.0,1,1.0,1.0,1.0,1.0,1.0,1.0,0.0,1.0,1.0,1.0,1.0,1.0,1.0,0.0,1,1.0,1.0,1.0,1.0,1.0,1.0,0.0
0.7497416019439698,0.19138449082183892,0.12936477661132811,0.11730949102052203,0.2,2,250,7,True,,"{'model__learning_rate': 0.2, 'model__max_depth': 2, 'model__n_estimators': 250, 'select__k': 7, 'select__prune': True}",1.0,1.0,1.0,1.0,1.0,1.0,0.0,1,1.0,1.0,1.0,1.0,1.0,1.0,0.0,1.0,1.0,1.0,1.0,1.0,1.0,0.0,1,1.0,1.0,1.0,1.0,1.0,1.0,0.0,1.0,1.0,1.0,1.0,1.0,1.0,0.0,1,1.0,1.0,1.0,1.0,1.0,1.0,0.0,1.0,1.0,1.0,1.0,1.0,1.0,0.0,1,1.0,1.0,1.0,1.0,1.0,1.0,0.0
0.8603617191314697,0.023755380304878143,0.035544204711914065,0.006889613200783979,0.2,2,250,8,False,,"{'model__learning_rate': 0.2, 'model__max_depth': 2, 'model__n_estimators': 250, 'select__k': 8, 'select__prune': False}",1.0,1.0,1.0,1.0,1.0,1.0,0.0,1,1.0,1.0,1.0,1.0,1.0,1.0,0.0,1.0,1.0,1.0,1.0,1.0,1.0,0.0,1,1.0,1.0,1.0,1.0,1.0,1.0,0.0,1.0,1.0,1.0,1.0,1.0,1.0,0.0,1,1.0,1.0,1.0,1.0,1.0,1.0,0.0,1.0,1.0,1.0,1.0,1.0,1.0,0.0,1,1.0,1.0,1.0,1.0,1.0,1.0,0.0
0.8108575344085693,0.09131719815844465,0.05196061134338379,0.013984190235716485,0.2,2,250,8,True,,"{'model__learning_rate': 0.2, 'model__max_depth': 2, 'model__n_estimators': 250, 'select__k': 8, 'select__prune': True}",1.0,1.0,1.0,1.0,1.0,1.0,0.0,1,1.0,1.0,1.0,1.0,1.0,1.0,0.0,1.0,1.0,1.0,1.0,1.0,1.0,0.0,1,1.0,1.0,1.0,1.0,1.0,1.0,0.0,1.0,1.0,1.0,1.0,1.0,1.0,0.0,1,1.0,1.0,1.0,1.0,1.0,1.0,0.0,1.0,1.0,1.0,1.0,1.0,1.0,0.0,1,1.0,1.0,1.0,1.0,1.0,1.0,0.0
0.7607251644134522,0.08145680782591627,0.13708848953247071,0.07517128363791216,0.2,2,250,9,False,,"{'model__learning_rate': 0.2, 'model__max_depth': 2, 'model__n_estimators': 250, 'select__k': 9, 'select__prune': False}",1.0,1.0,1.0,1.0,1.0,1.0,0.0,1,1.0,1.0,1.0,1.0,1.0,1.0,0.0,1.0,1.0,1.0,1.0,1.0,1.0,0.0,1,1.0,1.0,1.0,1.0,1.0,1.0,0.0,1.0,1.0,1.0,1.0,1.0,1.0,0.0,1,1.0,1.0,1.0,1.0,1.0,1.0,0.0,1.0,1.0,1.0,1.0,1.0,1.0,0.0,1,1.0,1.0,1.0,1.0,1.0,1.0,0.0
0.8656960964202881,0.08829666955685568,0.10419020652770997,0.06737465133601983,0.2,2,250,9,True,,"{'model__learning_rate': 0.2, 'model__max_depth': 2, 'model__n_estimators': 250, 'select__k': 9, 'select__prune': True}",1.0,1.0,1.0,1.0,1.0,1.0,0.0,1,1.0,1.0,1.0,1.0,1.0,1.0,0.0,1.0,1.0,1.0,1.0,1.0,1.0,0.0,1,1.0,1.0,1.0,1.0,1.0,1.0,0.0,1.0,1.0,1.0,1.0,1.0,1.0,0.0,1,1.0,1.0,1.0,1.0,1.0,1.0,0.0,1.0,1.0,1.0,1.0,1.0,1.0,0.0,1,1.0,1.0,1.0,1.0,1.0,1.0,0.0
0.918007755279541,0.13796691996536092,0.036160850524902345,0.007440432284743193,0.2,2,250,10,False,,"{'model__learning_rate': 0.2, 'model__max_depth': 2, 'model__n_estimators': 250, 'select__k': 10, 'select__prune': False}",1.0,1.0,1.0,1.0,1.0,1.0,0.0,1,1.0,1.0,1.0,1.0,1.0,1.0,0.0,1.0,1.0,1.0,1.0,1.0,1.0,0.0,1,1.0,1.0,1.0,1.0,1.0,1.0,0.0,1.0,1.0,1.0,1.0,1.0,1.0,0.0,1,1.0,1.0,1.0,1.0,1.0,1.0,0.0,1.0,1.0,1.0,1.0,1.0,1.0,0.0,1,1.0,0.9999999999999999,0.9999999999999999,1.0,1.0,1.0,7.021666937153402e-17
0.9788870811462402,0.14922972359068623,0.07932562828063965,0.0966579707880946,0.2,2,250,10,True,,"{'model__learning_rate': 0.2, 'model__max_depth': 2, 'model__n_estimators': 250, 'select__k': 10, 'select__prune': True}",1.0,1.0,1.0,1.0,1.0,1.0,0.0,1,1.0,1.0,1.0,1.0,1.0,1.0,0.0,1.0,1.0,1.0,1.0,1.0,1.0,0.0,1,1.0,1.0,1.0,1.0,1.0,1.0,0.0,1.0,1.0,1.0,1.0,1.0,1.0,0.0,1,1.0,1.0,1.0,1.0,1.0,1.0,0.0,1.0,1.0,1.0,1.0,1.0,1.0,0.0,1,1.0,0.9999999999999999,0.9999999999999999,1.0,1.0,1.0,7.021666937153402e-17
1.2318812370300294,0.07156354097052603,0.0401496410369873,0.010946271810034575,0.2,2,250,21,False,,"{'model__learning_rate': 0.2, 'model__max_depth': 2, 'model__n_estimators': 250, 'select__k': 21, 'select__prune': False}",1.0,1.0,1.0,1.0,1.0,1.0,0.0,1,1.0,1.0,1.0,1.0,1.0,1.0,0.0,1.0,1.0,1.0,1.0,1.0,1.0,0.0,1,1.0,1.0,1.0,1.0,1.0,1.0,0.0,1.0,1.0,1.0,1.0,1.0,1.0,0.0,1,1.0,1.0,1.0,1.0,1.0,1.0,0.0,1.0,1.0,1.0,1.0,0.9999999999999999,1.0,4.965068306494546e-17,1,1.0,1.0,1.0,1.0,1.0,1.0,0.0
1.2472966194152832,0.055164459539745206,0.07674112319946289,0.06936732421643915,0.2,2,250,21,True,,"{'model__learning_rate': 0.2, 'model__max_depth': 2, 'model__n_estimators': 250, 'select__k': 21, 'select__prune': True}",1.0,1.0,1.0,1.0,1.0,1.0,0.0,1,1.0,1.0,1.0,1.0,1.0,1.0,0.0,1.0,1.0,1.0,1.0,1.0,1.0,0.0,1,1.0,1.0,1.0,1.0,1.0,1.0,0.0,1.0,1.0,1.0,1.0,1.0,1.0,0.0,1,1.0,1.0,1.0,1.0,1.0,1.0,0.0,1.0,1.0,1.0,1.0,0.9999999999999999,1.0,4.965068306494546e-17,1,1.0,1.0,1.0,1.0,1.0,1.0,0.0
0.4979586124420166,0.19731027903226148,0.048891639709472655,0.021718493576516333,0.2,4,100,6,False,,"{'model__learning_rate': 0.2, 'model__max_depth': 4, 'model__n_estimators': 100, 'select__k': 6, 'select__prune': False}",0.9975980784627703,1.0,0.9992019154030327,0.9992019154030327,0.9975980784627703,0.9987199975463212,0.0009612804775641835,62,0.9990017967658216,0.9984012789768185,0.9986013986013986,0.9986013986013986,0.9990017967658216,0.9987215339422519,0.00024021771112017916,0.9952076677316294,1.0,0.9984051036682615,0.9984051036682615,0.9952076677316294,0.9974451085599563,0.0019174427974193607,69,0.9980055843637814,0.9968076616121309,0.9972067039106145,0.9972067039106145,0.9980055843637814,0.9974464476321845,0.0004792221724257249,0.9976923076923077,1.0,0.9992307692307693,0.9992307692307693,0.9976905311778291,0.9987688754663351,0.0009234916234883537,62,0.9990382765916522,0.9984612425466436,0.9986535872283131,0.9986535872283131,0.9990384615384615,0.9987690310266768,0.0002308567800788867,0.9999715588589414,1.0,0.9999928905066936,0.9999869659289382,0.9999608353232153,0.9999824501235578,1.4305324184942677e-05,82,0.9999862939490082,0.9999786624244406,0.9999797737565009,0.9999823668646419,0.9999874099272872,0.9999829013843758,3.4604335789259997e-06
0.6567769527435303,0.05720391715942593,0.11725416183471679,0.07264751655458249,0.2,4,100,6,True,,"{'model__learning_rate': 0.2, 'model__max_depth': 4, 'model__n_estimators': 100, 'select__k': 6, 'select__prune': True}",0.9975980784627703,1.0,0.9992019154030327,0.9992019154030327,0.9975980784627703,0.9987199975463212,0.0009612804775641835,62,0.9990017967658216,0.9984012789768185,0.9986013986013986,0.9986013986013986,0.9990017967658216,0.9987215339422519,0.00024021771112017916,0.9952076677316294,1.0,0.9984051036682615,0.9984051036682615,0.9952076677316294,0.9974451085599563,0.0019174427974193607,69,0.9980055843637814,0.9968076616121309,0.9972067039106145,0.9972067039106145,0.9980055843637814,0.9974464476321845,0.0004792221724257249,0.9976923076923077,1.0,0.9992307692307693,0.9992307692307693,0.9976905311778291,0.9987688754663351,0.0009234916234883537,62,0.9990382765916522,0.9984612425466436,0.9986535872283131,0.9986535872283131,0.9990384615384615,0.9987690310266768,0.0002308567800788867,0.9999715588589414,1.0,0.9999928905066936,0.9999869659289382,0.9999608353232153,0.9999824501235578,1.4305324184942677e-05,82,0.9999862939490082,0.9999786624244406,0.9999797737565009,0.9999823668646419,0.9999874099272872,0.9999829013843758,3.4604335789259997e-06
0.669635820388794,0.08375186533935304,0.06864409446716309,0.07213421171258357,0.2,4,100,7,False,,"{'model__learning_rate': 0.2, 'model__max_depth': 4, 'model__n_estimators': 100, 'select__k': 7, 'select__prune': False}",1.0,1.0,1.0,1.0,1.0,1.0,0.0,1,1.0,1.0,1.0,1.0,1.0,1.0,0.0,1.0,1.0,1.0,1.0,1.0,1.0,0.0,1,1.0,1.0,1.0,1.0,1.0,1.0,0.0,1.0,1.0,1.0,1.0,1.0,1.0,0.0,1,1.0,1.0,1.0,1.0,1.0,1.0,0.0,1.0,1.0,0.9999999999999999,1.0,1.0,1.0,4.965068306494546e-17,1,1.0,1.0,1.0,0.9999999999999999,0.9999999999999999,1.0,7.021666937153402e-17
0.7180539131164551,0.0717958889585858,0.07412590980529785,0.05731939755714177,0.2,4,100,7,True,,"{'model__learning_rate': 0.2, 'model__max_depth': 4, 'model__n_estimators': 100, 'select__k': 7, 'select__prune': True}",1.0,1.0,1.0,1.0,1.0,1.0,0.0,1,1.0,1.0,1.0,1.0,1.0,1.0,0.0,1.0,1.0,1.0,1.0,1.0,1.0,0.0,1,1.0,1.0,1.0,1.0,1.0,1.0,0.0,1.0,1.0,1.0,1.0,1.0,1.0,0.0,1,1.0,1.0,1.0,1.0,1.0,1.0,0.0,1.0,1.0,0.9999999999999999,1.0,1.0,1.0,4.965068306494546e-17,1,1.0,1.0,1.0,0.9999999999999999,0.9999999999999999,1.0,7.021666937153402e-17
0.6775211334228516,0.06690978760774347,0.11511640548706055,0.07115463932427857,0.2,4,100,8,False,,"{'model__learning_rate': 0.2, 'model__max_depth': 4, 'model__n_estimators': 100, 'select__k': 8, 'select__prune': False}",1.0,1.0,1.0,1.0,1.0,1.0,0.0,1,1.0,1.0,1.0,1.0,1.0,1.0,0.0,1.0,1.0,1.0,1.0,1.0,1.0,0.0,1,1.0,1.0,1.0,1.0,1.0,1.0,0.0,1.0,1.0,1.0,1.0,1.0,1.0,0.0,1,1.0,1.0,1.0,1.0,1.0,1.0,0.0,1.0,1.0,0.9999999999999999,1.0,1.0,1.0,4.965068306494546e-17,1,1.0,1.0,1.0,1.0,0.9999999999999999,1.0,4.965068306494546e-17
0.7049424171447753,0.07862940160404056,0.12712397575378417,0.07689401895024993,0.2,4,100,8,True,,"{'model__learning_rate': 0.2, 'model__max_depth': 4, 'model__n_estimators': 100, 'select__k': 8, 'select__prune': True}",1.0,1.0,1.0,1.0,1.0,1.0,0.0,1,1.0,1.0,1.0,1.0,1.0,1.0,0.0,1.0,1.0,1.0,1.0,1.0,1.0,0.0,1,1.0,1.0,1.0,1.0,1.0,1.0,0.0,1.0,1.0,1.0,1.0,1.0,1.0,0.0,1,1.0,1.0,1.0,1.0,1.0,1.0,0.0,1.0,1.0,0.9999999999999999,1.0,1.0,1.0,4.965068306494546e-17,1,1.0,1.0,1.0,1.0,0.9999999999999999,1.0,4.965068306494546e-17
0.689318037033081,0.028137048641157774,0.13907690048217775,0.06085351193846889,0.2,4,100,9,False,,"{'model__learning_rate': 0.2, 'model__max_depth': 4, 'model__n_estimators': 100, 'select__k': 9, 'select__prune': False}",1.0,1.0,1.0,1.0,1.0,1.0,0.0,1,1.0,1.0,1.0,1.0,1.0,1.0,0.0,1.0,1.0,1.0,1.0,1.0,1.0,0.0,1,1.0,1.0,1.0,1.0,1.0,1.0,0.0,1.0,1.0,1.0,1.0,1.0,1.0,0.0,1,1.0,1.0,1.0,1.0,1.0,1.0,0.0,1.0,1.0,1.0,1.0,1.0,1.0,0.0,1,1.0,1.0,1.0,1.0,0.9999999999999999,1.0,4.965068306494546e-17
0.799884843826294,0.10206036169320971,0.03268985748291016,0.0035023469073782996,0.2,4,100,9,True,,"{'model__learning_rate': 0.2, 'model__max_depth': 4, 'model__n_estimators': 100, 'select__k': 9, 'select__prune': True}",1.0,1.0,1.0,1.0,1.0,1.0,0.0,1,1.0,1.0,1.0,1.0,1.0,1.0,0.0,1.0,1.0,1.0,1.0,1.0,1.0,0.0,1,1.0,1.0,1.0,1.0,1.0,1.0,0.0,1.0,1.0,1.0,1.0,1.0,1.0,0.0,1,1.0,1.0,1.0,1.0,1.0,1.0,0.0,1.0,1.0,1.0,1.0,1.0,1.0,0.0,1,1.0,1.0,1.0,1.0,0.9999999999999999,1.0,4.965068306494546e-17
0.7518081665039062,0.06362362863885394,0.08991303443908691,0.07766727442087033,0.2,4,100,10,False,,"{'model__learning_rate': 0.2, 'model__max_depth': 4, 'model__n_estimators': 100, 'select__k': 10, 'select__prune': False}",1.0,1.0,1.0,1.0,1.0,1.0,0.0,1,1.0,1.0,1.0,1.0,1.0,1.0,0.0,1.0,1.0,1.0,1.0,1.0,1.0,0.0,1,1.0,1.0,1.0,1.0,1.0,1.0,0.0,1.0,1.0,1.0,1.0,1.0,1.0,0.0,1,1.0,1.0,1.0,1.0,1.0,1.0,0.0,1.0,1.0,1.0,0.9999999999999999,1.0,1.0,4.965068306494546e-17,1,1.0,1.0,0.9999999999999999,1.0,1.0,1.0,4.965068306494546e-17
0.7978427886962891,0.07876453825555146,0.10039715766906739,0.08241347945306693,0.2,4,100,10,True,,"{'model__learning_rate': 0.2, 'model__max_depth': 4, 'model__n_estimators': 100, 'select__k': 10, 'select__prune': True}",1.0,1.0,1.0,1.0,1.0,1.0,0.0,1,1.0,1.0,1.0,1.0,1.0,1.0,0.0,1.0,1.0,1.0,1.0,1.0,1.0,0.0,1,1.0,1.0,1.0,1.0,1.0,1.0,0.0,1.0,1.0,1.0,1.0,1.0,1.0,0.0,1,1.0,1.0,1.0,1.0,1.0,1.0,0.0,1.0,1.0,1.0,0.9999999999999999,1.0,1.0,4.965068306494546e-17,1,1.0,1.0,0.9999999999999999,1.0,1.0,1.0,4.965068306494546e-17
1.009737205505371,0.12372879461227036,0.12668871879577637,0.11267290656085018,0.2,4,100,21,False,,"{'model__learning_rate': 0.2, 'model__max_depth': 4, 'model__n_estimators': 100, 'select__k': 21, 'select__prune': False}",1.0,1.0,1.0,1.0,1.0,1.0,0.0,1,1.0,1.0,1.0,1.0,1.0,1.0,0.0,1.0,1.0,1.0,1.0,1.0,1.0,0.0,1,1.0,1.0,1.0,1.0,1.0,1.0,0.0,1.0,1.0,1.0,1.0,1.0,1.0,0.0,1,1.0,1.0,1.0,1.0,1.0,1.0,0.0,1.0,1.0,1.0,1.0,1.0,1.0,0.0,1,1.0,1.0,1.0,1.0,1.0,1.0,0.0
0.91466064453125,0.04996880412636065,0.16223540306091308,0.0830834303951596,0.2,4,100,21,True,,"{'model__learning_rate': 0.2, 'model__max_depth': 4, 'model__n_estimators': 100, 'select__k': 21, 'select__prune': True}",1.0,1.0,1.0,1.0,1.0,1.0,0.0,1,1.0,1.0,1.0,1.0,1.0,1.0,0.0,1.0,1.0,1.0,1.0,1.0,1.0,0.0,1,1.0,1.0,1.0,1.0,1.0,1.0,0.0,1.0,1.0,1.0,1.0,1.0,1.0,0.0,1,1.0,1.0,1.0,1.0,1.0,1.0,0.0,1.0,1.0,1.0,1.0,1.0,1.0,0.0,1,1.0,1.0,1.0,1.0,1.0,1.0,0.0
0.793036413192749,0.09627061854661516,0.04143614768981933,0.03164082365098459,0.2,4,250,6,False,,"{'model__learning_rate': 0.2, 'model__max_depth': 4, 'model__n_estimators': 250, 'select__k': 6, 'select__prune': False}",0.9975980784627703,1.0,0.9992019154030327,0.9992019154030327,0.9975980784627703,0.9987199975463212,0.0009612804775641835,62,0.9990017967658216,0.9984012789768185,0.9986013986013986,0.9986013986013986,0.9990017967658216,0.9987215339422519,0.00024021771112017916,0.9952076677316294,1.0,0.9984051036682615,0.9984051036682615,0.9952076677316294,0.9974451085599563,0.0019174427974193607,69,0.9980055843637814,0.9968076616121309,0.9972067039106145,0.9972067039106145,0.9980055843637814,0.9974464476321845,0.0004792221724257249,0.9976923076923077,1.0,0.9992307692307693,0.9992307692307693,0.9976905311778291,0.9987688754663351,0.0009234916234883537,62,0.9990382765916522,0.9984612425466436,0.9986535872283131,0.9986535872283131,0.9990384615384615,0.9987690310266768,0.0002308567800788867,0.9999715588589414,1.0,0.9999928905066936,0.9999869659289383,0.9999608353232153,0.9999824501235578,1.4305324184949685e-05,82,0.9999862939490083,0.9999786624244406,0.9999797737565008,0.9999823668646419,0.9999874099272872,0.9999829013843758,3.4604335789678376e-06
0.7845720767974853,0.09620526453341405,0.044148826599121095,0.036774637804978264,0.2,4,250,6,True,,"{'model__learning_rate': 0.2, 'model__max_depth': 4, 'model__n_estimators': 250, 'select__k': 6, 'select__prune': True}",0.9975980784627703,1.0,0.9992019154030327,0.9992019154030327,0.9975980784627703,0.9987199975463212,0.0009612804775641835,62,0.9990017967658216,0.9984012789768185,0.9986013986013986,0.9986013986013986,0.9990017967658216,0.9987215339422519,0.00024021771112017916,0.9952076677316294,1.0,0.9984051036682615,0.9984051036682615,0.9952076677316294,0.9974451085599563,0.0019174427974193607,69,0.9980055843637814,0.9968076616121309,0.9972067039106145,0.9972067039106145,0.9980055843637814,0.9974464476321845,0.0004792221724257249,0.9976923076923077,1.0,0.9992307692307693,0.9992307692307693,0.9976905311778291,0.9987688754663351,0.0009234916234883537,62,0.9990382765916522,0.9984612425466436,0.9986535872283131,0.9986535872283131,0.9990384615384615,0.9987690310266768,0.0002308567800788867,0.9999715588589414,1.0,0.9999928905066936,0.9999869659289383,0.9999608353232153,0.9999824501235578,1.4305324184949685e-05,82,0.9999862939490083,0.9999786624244406,0.9999797737565008,0.9999823668646419,0.9999874099272872,0.9999829013843758,3.4604335789678376e-06
0.8090692520141601,0.10063813607839071,0.03832392692565918,0.005900623492892879,0.2,4,250,7,False,,"{'model__learning_rate': 0.2, 'model__max_depth': 4, 'model__n_estimators': 250, 'select__k': 7, 'select__prune': False}",1.0,1.0,1.0,1.0,1.0,1.0,0.0,1,1.0,1.0,1.0,1.0,1.0,1.0,0.0,1.0,1.0,1.0,1.0,1.0,1.0,0.0,1,1.0,1.0,1.0,1.0,1.0,1.0,0.0,1.0,1.0,1.0,1.0,1.0,1.0,0.0,1,1.0,1.0,1.0,1.0,1.0,1.0,0.0,1.0,1.0,1.0,1.0,1.0,1.0,0.0,1,1.0,0.9999999999999999,1.0,1.0,1.0,1.0,4.965068306494546e-17
0.8476845264434815,0.10070135098940504,0.03713059425354004,0.021736641730387002,0.2,4,250,7,True,,"{'model__learning_rate': 0.2, 'model__max_depth': 4, 'model__n_estimators': 250, 'select__k': 7, 'select__prune': True}",1.0,1.0,1.0,1.0,1.0,1.0,0.0,1,1.0,1.0,1.0,1.0,1.0,1.0,0.0,1.0,1.0,1.0,1.0,1.0,1.0,0.0,1,1.0,1.0,1.0,1.0,1.0,1.0,0.0,1.0,1.0,1.0,1.0,1.0,1.0,0.0,1,1.0,1.0,1.0,1.0,1.0,1.0,0.0,1.0,1.0,1.0,1.0,1.0,1.0,0.0,1,1.0,0.9999999999999999,1.0,1.0,1.0,1.0,4.965068306494546e-17
0.8093850612640381,0.14480024300566452,0.09228944778442383,0.0683501410648927,0.2,4,250,8,False,,"{'model__learning_rate': 0.2, 'model__max_depth': 4, 'model__n_estimators': 250, 'select__k': 8, 'select__prune': False}",1.0,1.0,1.0,1.0,1.0,1.0,0.0,1,1.0,1.0,1.0,1.0,1.0,1.0,0.0,1.0,1.0,1.0,1.0,1.0,1.0,0.0,1,1.0,1.0,1.0,1.0,1.0,1.0,0.0,1.0,1.0,1.0,1.0,1.0,1.0,0.0,1,1.0,1.0,1.0,1.0,1.0,1.0,0.0,1.0,1.0,1.0,1.0,1.0,1.0,0.0,1,1.0,0.9999999999999999,1.0,1.0,1.0,1.0,4.965068306494546e-17
0.8219244956970215,0.08783937017203026,0.02933182716369629,0.006719655766944115,0.2,4,250,8,True,,"{'model__learning_rate': 0.2, 'model__max_depth': 4, 'model__n_estimators': 250, 'select__k': 8, 'select__prune': True}",1.0,1.0,1.0,1.0,1.0,1.0,0.0,1,1.0,1.0,1.0,1.0,1.0,1.0,0.0,1.0,1.0,1.0,1.0,1.0,1.0,0.0,1,1.0,1.0,1.0,1.0,1.0,1.0,0.0,1.0,1.0,1.0,1.0,1.0,1.0,0.0,1,1.0,1.0,1.0,1.0,1.0,1.0,0.0,1.0,1.0,1.0,1.0,1.0,1.0,0.0,1,1.0,0.9999999999999999,1.0,1.0,1.0,1.0,4.965068306494546e-17
0.9423012256622314,0.21912845177090592,0.02802410125732422,0.0059386949419018365,0.2,4,250,9,False,,"{'model__learning_rate': 0.2, 'model__max_depth': 4, 'model__n_estimators': 250, 'select__k': 9, 'select__prune': False}",1.0,1.0,1.0,1.0,1.0,1.0,0.0,1,1.0,1.0,1.0,1.0,1.0,1.0,0.0,1.0,1.0,1.0,1.0,1.0,1.0,0.0,1,1.0,1.0,1.0,1.0,1.0,1.0,0.0,1.0,1.0,1.0,1.0,1.0,1.0,0.0,1,1.0,1.0,1.0,1.0,1.0,1.0,0.0,1.0,1.0,1.0,1.0,0.9999999999999999,1.0,4.965068306494546e-17,1,1.0,1.0,0.9999999999999999,1.0,1.0,1.0,4.965068306494546e-17
0.9299205780029297,0.07903193901744322,0.03053593635559082,0.00614581628652697,0.2,4,250,9,True,,"{'model__learning_rate': 0.2, 'model__max_depth': 4, 'model__n_estimators': 250, 'select__k': 9, 'select__prune': True}",1.0,1.0,1.0,1.0,1.0,1.0,0.0,1,1.0,1.0,1.0,1.0,1.0,1.0,0.0,1.0,1.0,1.0,1.0,1.0,1.0,0.0,1,1.0,1.0,1.0,1.0,1.0,1.0,0.0,1.0,1.0,1.0,1.0,1.0,1.0,0.0,1,1.0,1.0,1.0,1.0,1.0,1.0,0.0,1.0,1.0,1.0,1.0,0.9999999999999999,1.0,4.965068306494546e-17,1,1.0,1.0,0.9999999999999999,1.0,1.0,1.0,4.965068306494546e-17
0.8613501071929932,0.10268235557265828,0.10051898956298828,0.0841572705572242,0.2,4,250,10,False,,"{'model__learning_rate': 0.2, 'model__max_depth': 4, 'model__n_estimators': 250, 'select__k': 10, 'select__prune': False}",1.0,1.0,1.0,1.0,1.0,1.0,0.0,1,1.0,1.0,1.0,1.0,1.0,1.0,0.0,1.0,1.0,1.0,1.0,1.0,1.0,0.0,1,1.0,1.0,1.0,1.0,1.0,1.0,0.0,1.0,1.0,1.0,1.0,1.0,1.0,0.0,1,1.0,1.0,1.0,1.0,1.0,1.0,0.0,1.0,1.0,1.0,1.0,1.0,1.0,0.0,1,1.0,1.0,1.0,1.0,0.9999999999999999,1.0,4.965068306494546e-17
1.0015485763549805,0.11911956276170917,0.07444615364074707,0.05899006229388917,0.2,4,250,10,True,,"{'model__learning_rate': 0.2, 'model__max_depth': 4, 'model__n_estimators': 250, 'select__k': 10, 'select__prune': True}",1.0,1.0,1.0,1.0,1.0,1.0,0.0,1,1.0,1.0,1.0,1.0,1.0,1.0,0.0,1.0,1.0,1.0,1.0,1.0,1.0,0.0,1,1.0,1.0,1.0,1.0,1.0,1.0,0.0,1.0,1.0,1.0,1.0,1.0,1.0,0.0,1,1.0,1.0,1.0,1.0,1.0,1.0,0.0,1.0,1.0,1.0,1.0,1.0,1.0,0.0,1,1.0,1.0,1.0,1.0,0.9999999999999999,1.0,4.965068306494546e-17
1.2376897811889649,0.09895703084413397,0.07983174324035644,0.09115222903326392,0.2,4,250,21,False,,"{'model__learning_rate': 0.2, 'model__max_depth': 4, 'model__n_estimators': 250, 'select__k': 21, 'select__prune': False}",1.0,1.0,1.0,1.0,1.0,1.0,0.0,1,1.0,1.0,1.0,1.0,1.0,1.0,0.0,1.0,1.0,1.0,1.0,1.0,1.0,0.0,1,1.0,1.0,1.0,1.0,1.0,1.0,0.0,1.0,1.0,1.0,1.0,1.0,1.0,0.0,1,1.0,1.0,1.0,1.0,1.0,1.0,0.0,0.9999999999999999,0.9999999999999999,1.0,1.0,1.0,1.0,7.021666937153402e-17,1,1.0,0.9999999999999999,1.0,1.0,1.0,1.0,4.965068306494546e-17
1.163731002807617,0.11455041778540552,0.04839472770690918,0.008680121736816971,0.2,4,250,21,True,,"{'model__learning_rate': 0.2, 'model__max_depth': 4, 'model__n_estimators': 250, 'select__k': 21, 'select__prune': True}",1.0,1.0,1.0,1.0,1.0,1.0,0.0,1,1.0,1.0,1.0,1.0,1.0,1.0,0.0,1.0,1.0,1.0,1.0,1.0,1.0,0.0,1,1.0,1.0,1.0,1.0,1.0,1.0,0.0,1.0,1.0,1.0,1.0,1.0,1.0,0.0,1,1.0,1.0,1.0,1.0,1.0,1.0,0.0,0.9999999999999999,0.9999999999999999,1.0,1.0,1.0,1.0,7.021666937153402e-17,1,1.0,0.9999999999999999,1.0,1.0,1.0,1.0,4.965068306494546e-17
0.4268442153930664,0.16695664874489977,0.08742880821228027,0.06639560399196354,0.05,2,100,7,False,"('gill-color', 'stalk-surface-above-ring')","{'model__learning_rate': 0.05, 'model__max_depth': 2, 'model__n_estimators': 100, 'select__drop': ('gill-color', 'stalk-surface-above-ring'), 'select__k': 7, 'select__prune': False}",0.9951845906902087,0.9935794542536116,0.9919614147909968,0.9968,0.9919484702093397,0.9938947859888312,0.001883049018147801,121,0.9935768767563228,0.9939783219590526,0.9943820224719101,0.9931699477701889,0.9943842759727236,0.9938982889860396,0.00047124801569160986,0.9904153354632588,0.9872408293460925,0.9840510366826156,0.9936204146730463,0.9840255591054313,0.9878706350540888,0.0037230649158761196,129,0.987235739928201,0.9880287310454908,0.9888268156424581,0.9864325618515563,0.988831272437176,0.9878710241809763,0.0009309398951034156,0.9953846153846154,0.9938461538461538,0.9923076923076923,0.9969230769230769,0.9923017705927637,0.9941526618108604,0.0017953588723796517,121,0.9938449701865744,0.9942296595499135,0.9946143489132525,0.9934602808232352,0.9946153846153846,0.994152928817672,0.00044883432074176773,0.9998293531536486,1.0,0.9999407542224465,0.9999549732090595,0.9998575829935106,0.999916532715733,6.341369923429609e-05,108,0.999938507987442,0.9998956829639315,0.9999149460529783,0.99990872259344,0.9999355684514107,0.9999186856098407,1.6250075036132214e-05
0.4977410793304443,0.1609710365822513,0.1066819190979004,0.13037497761925984,0.05,2,100,7,False,"('gill-color', 'stalk-surface-above-ring', 'odor')","{'model__learning_rate': 0.05, 'model__max_depth': 2, 'model__n_estimators': 100, 'select__drop': ('gill-color', 'stalk-surface-above-ring', 'odor'), 'select__k': 7, 'select__prune': False}",0.9679437060203284,0.9748822605965463,0.975724353954581,0.9735202492211839,0.9756480754124116,0.9735437290410103,0.002909841044586001,144,0.9749412685982772,0.9732055544690006,0.9729941291585127,0.9735449735449735,0.973015252248729,0.9735402356038986,0.0007278416221097824,0.9888178913738019,0.9904306220095693,0.9936204146730463,0.9968102073365231,0.9920127795527156,0.9923383829891312,0.0027488269861538294,122,0.9932189868368568,0.9928172386272945,0.9920191540303273,0.99122106943336,0.9924212205823694,0.9923395339020414,0.0006873016823389953,0.9684615384615385,0.9753846153846154,0.9761538461538461,0.9738461538461538,0.9761354888375674,0.9739963285367441,0.0028918742381709842,144,0.9753798807462973,0.9736487786112714,0.9734564339296018,0.9740334679746105,0.9734615384615385,0.9739960199446639,0.0007230315539885031,0.9926159687526663,0.9949771429790198,0.9940813468224119,0.9955399778657775,0.9954841940858964,0.9945397261011543,0.0010949713047306916,142,0.9946987958234033,0.9941207570453265,0.9950138975778592,0.9939864340436276,0.9946678079691013,0.9944975384918637,0.000384529564410488
0.5184667110443115,0.19579056080783264,0.07749624252319336,0.052810792313823685,0.05,2,100,7,False,"('gill-color', 'stalk-surface-above-ring', 'spore-print-color')","{'model__learning_rate': 0.05, 'model__max_depth': 2, 'model__n_estimators': 100, 'select__drop': ('gill-color', 'stalk-surface-above-ring', 'spore-print-color'), 'select__k': 7, 'select__prune': False}",0.9870550161812298,0.9903381642512077,0.9887096774193549,0.9935794542536116,0.9886914378029079,0.9896747499816623,0.002211248833620915,129,0.9903342730567861,0.989516129032258,0.9899234179766223,0.9887005649717514,0.9899274778404512,0.9896803725755738,0.0005540246926373882,0.9744408945686901,0.9808612440191388,0.9776714513556619,0.9872408293460925,0.9776357827476039,0.9795700404074374,0.0043396391514859585,137,0.9808536098923015,0.9792498004788508,0.9800478850758181,0.9776536312849162,0.9800558436378142,0.97957215407394,0.0010850848931794985,0.9876923076923076,0.9907692307692307,0.9892307692307692,0.9938461538461538,0.9892224788298691,0.9901521880736661,0.002087606680823742,129,0.9907674552798615,0.9899980765531833,0.9903827659165224,0.9892286978265051,0.9903846153846154,0.9901523221921377,0.0005219821527445312,0.9896201685611626,0.990544373902472,0.989442402439978,0.9935943465309228,0.9914775289699927,0.9909357640809058,0.0015149704071382433,144,0.9912862854734825,0.9914202201385816,0.9913203484307546,0.9891193182407526,0.990818504326023,0.9907929353219188,0.0008621708773761142
0.6150558471679688,0.055486912113875714,0.029454803466796874,0.002016310276844584,0.05,2,100,7,False,"('gill-color', 'stalk-surface-above-ring', 'ring-type')","{'model__learning_rate': 0.05, 'model__max_depth': 2, 'model__n_estimators': 100, 'select__drop': ('gill-color', 'stalk-surface-above-ring', 'ring-type'), 'select__k': 7, 'select__prune': False}",0.9951845906902087,0.9935794542536116,0.9919614147909968,0.9968,0.9919484702093397,0.9938947859888312,0.001883049018147801,121,0.9935768767563228,0.9939783219590526,0.9943820224719101,0.9931699477701889,0.9943842759727236,0.9938982889860396,0.00047124801569160986,0.9904153354632588,0.9872408293460925,0.9840510366826156,0.9936204146730463,0.9840255591054313,0.9878706350540888,0.0037230649158761196,129,0.987235739928201,0.9880287310454908,0.9888268156424581,0.9864325618515563,0.988831272437176,0.9878710241809763,0.0009309398951034156,0.9953846153846154,0.9938461538461538,0.9923076923076923,0.9969230769230769,0.9923017705927637,0.9941526618108604,0.0017953588723796517,121,0.9938449701865744,0.9942296595499135,0.9946143489132525,0.9934602808232352,0.9946153846153846,0.994152928817672,0.00044883432074176773,0.999857794294707,1.0,0.9999514184624061,0.9999585279557126,0.9998825059696462,0.9999300493364943,5.223395335342202e-05,106,0.9999473983988961,0.9999116861456011,0.9999268743504264,0.9999237626206573,0.9999448258578172,0.9999309094746796,1.3434630418924863e-05
0.5706131935119629,0.05345069830796049,0.056936788558959964,0.0534423277693504,0.05,2,100,7,False,"('gill-color', 'stalk-surface-above-ring', 'stalk-surface-below-ring')","{'model__learning_rate': 0.05, 'model__max_depth': 2, 'model__n_estimators': 100, 'select__drop': ('gill-color', 'stalk-surface-above-ring', 'stalk-surface-below-ring'), 'select__k': 7, 'select__prune': False}",0.9951845906902087,0.9935794542536116,0.9919614147909968,0.9968,0.9919484702093397,0.9938947859888312,0.001883049018147801,121,0.9935768767563228,0.9939783219590526,0.9943820224719101,0.9931699477701889,0.9943842759727236,0.9938982889860396,0.00047124801569160986,0.9904153354632588,0.9872408293460925,0.9840510366826156,0.9936204146730463,0.9840255591054313,0.9878706350540888,0.0037230649158761196,129,0.987235739928201,0.9880287310454908,0.9888268156424581,0.9864325618515563,0.988831272437176,0.9878710241809763,0.0009309398951034156,0.9953846153846154,0.9938461538461538,0.9923076923076923,0.9969230769230769,0.9923017705927637,0.9941526618108604,0.0017953588723796517,121,0.9938449701865744,0.9942296595499135,0.9946143489132525,0.9934602808232352,0.9946153846153846,0.994152928817672,0.00044883432074176773,0.9996871474483556,0.9996871822945178,0.9995248488640214,0.9998305570761972,0.9995834302560184,0.9996626331878222,0.00010455588380152954,124,0.9996544593414812,0.9996848262276737,0.9997194256991537,0.9996146641302612,0.9996817673973698,0.9996710285591879,3.492697891789332e-05
0.5489676475524903,0.10850411150769423,0.1101461410522461,0.06337773646257021,0.05,2,100,7,False,"('gill-color', 'stalk-surface-above-ring', 'gill-size')","{'model__learning_rate': 0.05, 'model__max_depth': 2, 'model__n_estimators': 100, 'select__drop': ('gill-color', 'stalk-surface-above-ring', 'gill-size'), 'select__k': 7, 'select__prune': False}",0.9951845906902087,0.9935794542536116,0.9919614147909968,0.9968,0.9919484702093397,0.9938947859888312,0.001883049018147801,121,0.9935768767563228,0.9939783219590526,0.9943820224719101,0.9931699477701889,0.9943842759727236,0.9938982889860396,0.00047124801569160986,0.9904153354632588,0.9872408293460925,0.9840510366826156,0.9936204146730463,0.9840255591054313,0.9878706350540888,0.0037230649158761196,129,0.987235739928201,0.9880287310454908,0.9888268156424581,0.9864325618515563,0.988831272437176,0.9878710241809763,0.0009309398951034156,0.9953846153846154,0.9938461538461538,0.9923076923076923,0.9969230769230769,0.9923017705927637,0.9941526618108604,0.0017953588723796517,121,0.9938449701865744,0.9942296595499135,0.9946143489132525,0.9934602808232352,0.9946153846153846,0.994152928817672,0.00044883432074176773,0.9986668215128791,1.0,0.9995390678506343,0.999535513103981,0.9986185550370522,0.9992719915009094,0.0005411062212406594,128,0.9994202710864261,0.9990848550926718,0.9991956178546906,0.9991971737195751,0.9994253002102838,0.9992646435927295,0.00013540391915048433
0.6542891025543213,0.07978856200943106,0.06017942428588867,0.054008622747596526,0.05,2,250,7,False,"('gill-color', 'stalk-surface-above-ring')","{'model__learning_rate': 0.05, 'model__max_depth': 2, 'model__n_estimators': 250, 'select__drop': ('gill-color', 'stalk-surface-above-ring'), 'select__k': 7, 'select__prune': False}",0.9975980784627703,1.0,0.9992019154030327,0.9992019154030327,0.9975980784627703,0.9987199975463212,0.0009612804775641835,62,0.9990017967658216,0.9984012789768185,0.9986013986013986,0.9986013986013986,0.9990017967658216,0.9987215339422519,0.00024021771112017916,0.9952076677316294,1.0,0.9984051036682615,0.9984051036682615,0.9952076677316294,0.9974451085599563,0.0019174427974193607,69,0.9980055843637814,0.9968076616121309,0.9972067039106145,0.9972067039106145,0.9980055843637814,0.9974464476321845,0.0004792221724257249,0.9976923076923077,1.0,0.9992307692307693,0.9992307692307693,0.9976905311778291,0.9987688754663351,0.0009234916234883537,62,0.9990382765916522,0.9984612425466436,0.9986535872283131,0.9986535872283131,0.9990384615384615,0.9987690310266768,0.0002308567800788867,0.9999431177178828,0.9999999999999999,0.9999905206755915,0.9999976301688979,0.9999501540477287,0.9999762845220201,2.450945608667661e-05,92,0.9999822191770917,0.9999834041078981,0.9999875530809237,0.9999844413511545,0.999981485187187,0.999983820580851,2.1217407876022965e-06
0.6677725315093994,0.08385525820549643,0.04125642776489258,0.020113912073406577,0.05,2,250,7,False,"('gill-color', 'stalk-surface-above-ring', 'odor')","{'model__learning_rate': 0.05, 'model__max_depth': 2, 'model__n_estimators': 250, 'select__drop': ('gill-color', 'stalk-surface-above-ring', 'odor'), 'select__k': 7, 'select__prune': False}",0.973561430793157,0.9819890368050117,0.9789227166276346,0.9766355140186916,0.9796557120500783,0.9781528820589147,0.0028618545377729274,143,0.9783414634146341,0.9792887846815163,0.9769980506822612,0.9806300136959499,0.976816676407559,0.9784149977763841,0.0014309141586730356,1.0,1.0,1.0,1.0,1.0,1.0,0.0,1,1.0,1.0,1.0,1.0,1.0,1.0,0.0,0.9738461538461538,0.9823076923076923,0.9792307692307692,0.9769230769230769,0.9799846035411856,0.9784584591697756,0.0028765581608763634,143,0.9786497403346798,0.9796114637430275,0.9773033275629929,0.9809578765147143,0.9771153846153846,0.9787275585541598,0.0014414715389787435,0.9959234364482703,0.9976183197423519,0.9971336892819649,0.9972818037258485,0.9975658559974175,0.9971046210391707,0.0006170996271813958,134,0.9973760691460641,0.9969587286835397,0.9971732898599988,0.9971236503613015,0.9970557744664734,0.9971375025034754,0.00013930269948022063
0.5862386226654053,0.12080757871262092,0.10804333686828613,0.06419742738502143,0.05,2,250,7,False,"('gill-color', 'stalk-surface-above-ring', 'spore-print-color')","{'model__learning_rate': 0.05, 'model__max_depth': 2, 'model__n_estimators': 250, 'select__drop': ('gill-color', 'stalk-surface-above-ring', 'spore-print-color'), 'select__k': 7, 'select__prune': False}",0.9870550161812298,0.9903381642512077,0.9887096774193549,0.9935794542536116,0.9886914378029079,0.9896747499816623,0.002211248833620915,129,0.9903342730567861,0.989516129032258,0.9899234179766223,0.9887005649717514,0.9899274778404512,0.9896803725755738,0.0005540246926373882,0.9744408945686901,0.9808612440191388,0.9776714513556619,0.9872408293460925,0.9776357827476039,0.9795700404074374,0.0043396391514859585,137,0.9808536098923015,0.9792498004788508,0.9800478850758181,0.9776536312849162,0.9800558436378142,0.97957215407394,0.0010850848931794985,0.9876923076923076,0.9907692307692307,0.9892307692307692,0.9938461538461538,0.9892224788298691,0.9901521880736661,0.002087606680823742,129,0.9907674552798615,0.9899980765531833,0.9903827659165224,0.9892286978265051,0.9903846153846154,0.9901523221921377,0.0005219821527445312,0.9926301893231956,0.9938716167698727,0.9928620687203623,0.9963706036670766,0.99428551761461,0.9940039992190235,0.0013333381586896102,143,0.9939199957800181,0.9943612493031948,0.9942172206681684,0.993744385920875,0.9938838167353466,0.9940253336815206,0.0002279099314591971
0.6746982574462891,0.12385890510305421,0.03350358009338379,0.010369412236425353,0.05,2,250,7,False,"('gill-color', 'stalk-surface-above-ring', 'ring-type')","{'model__learning_rate': 0.05, 'model__max_depth': 2, 'model__n_estimators': 250, 'select__drop': ('gill-color', 'stalk-surface-above-ring', 'ring-type'), 'select__k': 7, 'select__prune': False}",0.9975980784627703,1.0,0.9992019154030327,0.9992019154030327,0.9975980784627703,0.9987199975463212,0.0009612804775641835,62,0.9990017967658216,0.9984012789768185,0.9986013986013986,0.9986013986013986,0.9990017967658216,0.9987215339422519,0.00024021771112017916,0.9952076677316294,1.0,0.9984051036682615,0.9984051036682615,0.9952076677316294,0.9974451085599563,0.0019174427974193607,69,0.9980055843637814,0.9968076616121309,0.9972067039106145,0.9972067039106145,0.9980055843637814,0.9974464476321845,0.0004792221724257249,0.9976923076923077,1.0,0.9992307692307693,0.9992307692307693,0.9976905311778291,0.9987688754663351,0.0009234916234883537,62,0.9990382765916522,0.9984612425466436,0.9986535872283131,0.9986535872283131,0.9990384615384615,0.9987690310266768,0.0002308567800788867,0.9999822242868384,1.0,0.9999952603377957,0.999998815084449,0.9999857582993511,0.999992411601687,7.137947795482736e-06,71,0.9999959252280836,0.999991702053949,0.9999937765404618,0.9999922206755772,0.9999955564449249,0.9999938361885994,1.7024299528980828e-06
0.6713333129882812,0.07126365197035178,0.05324115753173828,0.05337765638572873,0.05,2,250,7,False,"('gill-color', 'stalk-surface-above-ring', 'stalk-surface-below-ring')","{'model__learning_rate': 0.05, 'model__max_depth': 2, 'model__n_estimators': 250, 'select__drop': ('gill-color', 'stalk-surface-above-ring', 'stalk-surface-below-ring'), 'select__k': 7, 'select__prune': False}",0.9951845906902087,0.9935794542536116,0.9919614147909968,0.9968,0.9919484702093397,0.9938947859888312,0.001883049018147801,121,0.9935768767563228,0.9939783219590526,0.9943820224719101,0.9931699477701889,0.9943842759727236,0.9938982889860396,0.00047124801569160986,0.9904153354632588,0.9872408293460925,0.9840510366826156,0.9936204146730463,0.9840255591054313,0.9878706350540888,0.0037230649158761196,129,0.987235739928201,0.9880287310454908,0.9888268156424581,0.9864325618515563,0.988831272437176,0.9878710241809763,0.0009309398951034156,0.9953846153846154,0.9938461538461538,0.9923076923076923,0.9969230769230769,0.9923017705927637,0.9941526618108604,0.0017953588723796517,121,0.9938449701865744,0.9942296595499135,0.9946143489132525,0.9934602808232352,0.9946153846153846,0.994152928817672,0.00044883432074176773,0.9999146765768243,0.9999526033779573,0.9999040218403634,0.999982226266734,0.9998920004367454,0.9999291056997249,3.3430930739695666e-05,107,0.9999342109552392,0.9999559912504087,0.9999642151076554,0.9999119084120132,0.999938901117717,0.9999410453686067,1.822353120509449e-05
0.8016221523284912,0.14835594713288394,0.060051488876342776,0.05510698916167674,0.05,2,250,7,False,"('gill-color', 'stalk-surface-above-ring', 'gill-size')","{'model__learning_rate': 0.05, 'model__max_depth': 2, 'model__n_estimators': 250, 'select__drop': ('gill-color', 'stalk-surface-above-ring', 'gill-size'), 'select__k': 7, 'select__prune': False}",0.9951845906902087,0.9935794542536116,0.9919614147909968,0.9968,0.9919484702093397,0.9938947859888312,0.001883049018147801,121,0.9935768767563228,0.9939783219590526,0.9943820224719101,0.9931699477701889,0.9943842759727236,0.9938982889860396,0.00047124801569160986,0.9904153354632588,0.9872408293460925,0.9840510366826156,0.9936204146730463,0.9840255591054313,0.9878706350540888,0.0037230649158761196,129,0.987235739928201,0.9880287310454908,0.9888268156424581,0.9864325618515563,0.988831272437176,0.9878710241809763,0.0009309398951034156,0.9953846153846154,0.9938461538461538,0.9923076923076923,0.9969230769230769,0.9923017705927637,0.9941526618108604,0.0017953588723796517,121,0.9938449701865744,0.9942296595499135,0.9946143489132525,0.9934602808232352,0.9946153846153846,0.994152928817672,0.00044883432074176773,0.9992854163309032,1.0,0.9997997492718694,0.9997843453697055,0.999230948164957,0.9996200918274869,0.00030562287908350566,125,0.9997084685910654,0.9996787509457435,0.999654079374003,0.9995819909676857,0.999714131290167,0.999667484233733,4.789862842137106e-05
0.4686769485473633,0.1932476358336091,0.1133432388305664,0.0717171541244041,0.05,4,100,7,False,"('gill-color', 'stalk-surface-above-ring')","{'model__learning_rate': 0.05, 'model__max_depth': 4, 'model__n_estimators': 100, 'select__drop': ('gill-color', 'stalk-surface-above-ring'), 'select__k': 7, 'select__prune': False}",0.9975980784627703,1.0,1.0,1.0,0.9975980784627703,0.9990392313851082,0.0011766964336828475,53,0.9990017967658216,1.0,1.0,1.0,0.9990017967658216,0.9996007187063286,0.0004890177166666116,0.9952076677316294,1.0,1.0,1.0,0.9952076677316294,0.9980830670926517,0.002347753747076532,60,0.9980055843637814,1.0,1.0,1.0,0.9980055843637814,0.9992022337455125,0.0009770601287527718,0.9976923076923077,1.0,1.0,1.0,0.9976905311778291,0.9990765677740274,0.0011309690223642525,53,0.9990382765916522,1.0,1.0,1.0,0.9990384615384615,0.9996153476260228,0.00047110102592759067,1.0,1.0,1.0,1.0,1.0,1.0,0.0,1,1.0,1.0,1.0,1.0,1.0,1.0,0.0
0.5439624309539794,0.16259046160026142,0.11745362281799317,0.1202761872547266,0.05,4,100,7,False,"('gill-color', 'stalk-surface-above-ring', 'odor')","{'model__learning_rate': 0.05, 'model__max_depth': 4, 'model__n_estimators': 100, 'select__drop': ('gill-color', 'stalk-surface-above-ring', 'odor'), 'select__k': 7, 'select__prune': False}",0.9758378799688231,0.9819890368050117,0.9827586206896551,0.9766355140186916,0.9819607843137255,0.9798363671591815,0.0029637834328914486,137,0.980829420970266,0.9792887846815163,0.9790974799765579,0.9806300136959499,0.979296875,0.979828514864858,0.000741966984806346,1.0,1.0,1.0,1.0,1.0,1.0,0.0,1,1.0,1.0,1.0,1.0,1.0,1.0,0.0,0.9761538461538461,0.9823076923076923,0.9830769230769231,0.9769230769230769,0.9822940723633564,0.980151122164979,0.0029732753960050903,137,0.981150221196384,0.9796114637430275,0.9794191190613579,0.9809578765147143,0.9796153846153847,0.9801508130261738,0.0007433875780071333,0.9959234364482703,0.997670456026599,0.9970957719843306,0.9972794338947463,0.9975468670632189,0.9971031930834331,0.0006231493338715969,135,0.9973581401496315,0.9970322247771335,0.9971608429409224,0.9971014237200937,0.997039777668203,0.9971384818511968,0.00011929473837080493
0.5199781894683838,0.09281657550433771,0.1583848476409912,0.08998352894197104,0.05,4,100,7,False,"('gill-color', 'stalk-surface-above-ring', 'spore-print-color')","{'model__learning_rate': 0.05, 'model__max_depth': 4, 'model__n_estimators': 100, 'select__drop': ('gill-color', 'stalk-surface-above-ring', 'spore-print-color'), 'select__k': 7, 'select__prune': False}",0.9870550161812298,0.9903381642512077,0.9887096774193549,0.9935794542536116,0.9886914378029079,0.9896747499816623,0.002211248833620915,129,0.9903342730567861,0.989516129032258,0.9899234179766223,0.9887005649717514,0.9899274778404512,0.9896803725755738,0.0005540246926373882,0.9744408945686901,0.9808612440191388,0.9776714513556619,0.9872408293460925,0.9776357827476039,0.9795700404074374,0.0043396391514859585,137,0.9808536098923015,0.9792498004788508,0.9800478850758181,0.9776536312849162,0.9800558436378142,0.97957215407394,0.0010850848931794985,0.9876923076923076,0.9907692307692307,0.9892307692307692,0.9938461538461538,0.9892224788298691,0.9901521880736661,0.002087606680823742,129,0.9907674552798615,0.9899980765531833,0.9903827659165224,0.9892286978265051,0.9903846153846154,0.9901523221921377,0.0005219821527445312,0.994232373602829,0.9946963179934165,0.9945636074516968,0.9968350905630955,0.9953429638877943,0.9951340706997664,0.0009238201495296222,139,0.9953344602423763,0.9952218648507599,0.995265058623507,0.9947100593925488,0.9950635806077924,0.9951190047433969,0.0002229982710292672
0.5336968421936035,0.11117334126337475,0.1409423828125,0.13905365575287235,0.05,4,100,7,False,"('gill-color', 'stalk-surface-above-ring', 'ring-type')","{'model__learning_rate': 0.05, 'model__max_depth': 4, 'model__n_estimators': 100, 'select__drop': ('gill-color', 'stalk-surface-above-ring', 'ring-type'), 'select__k': 7, 'select__prune': False}",0.9975980784627703,1.0,0.9992019154030327,0.9992019154030327,0.9975980784627703,0.9987199975463212,0.0009612804775641835,62,0.9990017967658216,0.9984012789768185,0.9986013986013986,0.9986013986013986,0.9990017967658216,0.9987215339422519,0.00024021771112017916,0.9952076677316294,1.0,0.9984051036682615,0.9984051036682615,0.9952076677316294,0.9974451085599563,0.0019174427974193607,69,0.9980055843637814,0.9968076616121309,0.9972067039106145,0.9972067039106145,0.9980055843637814,0.9974464476321845,0.0004792221724257249,0.9976923076923077,1.0,0.9992307692307693,0.9992307692307693,0.9976905311778291,0.9987688754663351,0.0009234916234883537,62,0.9990382765916522,0.9984612425466436,0.9986535872283131,0.9986535872283131,0.9990384615384615,0.9987690310266768,0.0002308567800788867,0.9999822242868384,1.0,0.9999952603377957,0.9999988150844489,0.999985758299351,0.9999924116016867,7.137947795483513e-06,75,0.9999959252280834,0.9999917020539492,0.9999937765404618,0.9999922206755772,0.9999955564449249,0.9999938361885994,1.7024299528430009e-06
0.5717401504516602,0.11765366245313752,0.08743739128112793,0.06133832987670335,0.05,4,100,7,False,"('gill-color', 'stalk-surface-above-ring', 'stalk-surface-below-ring')","{'model__learning_rate': 0.05, 'model__max_depth': 4, 'model__n_estimators': 100, 'select__drop': ('gill-color', 'stalk-surface-above-ring', 'stalk-surface-below-ring'), 'select__k': 7, 'select__prune': False}",0.9936507936507937,0.9935794542536116,0.9927710843373494,0.9976019184652278,0.9943775100401606,0.9943961521494286,0.0016817065937984577,115,0.9952362048431918,0.9955911823647294,0.9957924263674615,0.9945837512537613,0.9953917050691244,0.9953190539796537,0.0004125403094053494,1.0,0.9872408293460925,0.9856459330143541,0.9952153110047847,0.9888178913738019,0.9913839929478065,0.005396120630522327,123,1.0,0.99122106943336,0.9916201117318436,0.9892258579409418,0.9908256880733946,0.992578545435908,0.003798745753052788,0.9938461538461538,0.9938461538461538,0.9930769230769231,0.9976923076923077,0.9946112394149346,0.9946145555752948,0.0016135529260262395,115,0.9953837276399308,0.9957684170032699,0.9959607616849394,0.9948066935949221,0.995576923076923,0.995499304599997,0.0003960951382807294,0.9999715588589414,0.9999526033779572,0.9999040218403634,0.9999893357600403,0.9999418463890168,0.9999518732452639,2.891985923248438e-05,95,0.9999519917781474,0.9999559912504086,0.9999642151076554,0.9999419884664477,0.99995741593053,0.9999543205066377,7.3181740174875985e-06
0.5516787528991699,0.013123738868234036,0.10981645584106445,0.05490570263470455,0.05,4,100,7,False,"('gill-color', 'stalk-surface-above-ring', 'gill-size')","{'model__learning_rate': 0.05, 'model__max_depth': 4, 'model__n_estimators': 100, 'select__drop': ('gill-color', 'stalk-surface-above-ring', 'gill-size'), 'select__k': 7, 'select__prune': False}",0.9975980784627703,1.0,0.9992019154030327,0.9992019154030327,0.9975980784627703,0.9987199975463212,0.0009612804775641835,62,0.9990017967658216,0.9984012789768185,0.9986013986013986,0.9986013986013986,0.9990017967658216,0.9987215339422519,0.00024021771112017916,0.9952076677316294,1.0,0.9984051036682615,0.9984051036682615,0.9952076677316294,0.9974451085599563,0.0019174427974193607,69,0.9980055843637814,0.9968076616121309,0.9972067039106145,0.9972067039106145,0.9980055843637814,0.9974464476321845,0.0004792221724257249,0.9976923076923077,1.0,0.9992307692307693,0.9992307692307693,0.9976905311778291,0.9987688754663351,0.0009234916234883537,62,0.9990382765916522,0.9984612425466436,0.9986535872283131,0.9986535872283131,0.9990384615384615,0.9987690310266768,0.0002308567800788867,0.9998471288668102,1.0,0.9999680072801211,0.9999549732090595,0.9999038685206196,0.9999347955753219,5.367253623662992e-05,104,0.999951102737002,0.999919984091652,0.9999232439990292,0.9999289488369392,0.9999451961540735,0.9999336951637392,1.2288566598601641e-05
0.675407886505127,0.14675503696063685,0.06281933784484864,0.0540690236782462,0.05,4,250,7,False,"('gill-color', 'stalk-surface-above-ring')","{'model__learning_rate': 0.05, 'model__max_depth': 4, 'model__n_estimators': 250, 'select__drop': ('gill-color', 'stalk-surface-above-ring'), 'select__k': 7, 'select__prune': False}",1.0,1.0,1.0,1.0,1.0,1.0,0.0,1,1.0,1.0,1.0,1.0,1.0,1.0,0.0,1.0,1.0,1.0,1.0,1.0,1.0,0.0,1,1.0,1.0,1.0,1.0,1.0,1.0,0.0,1.0,1.0,1.0,1.0,1.0,1.0,0.0,1,1.0,1.0,1.0,1.0,1.0,1.0,0.0,1.0,1.0,1.0,1.0,1.0,1.0,0.0,1,1.0,1.0,1.0,1.0,1.0,1.0,0.0
0.476274299621582,0.16606951445662246,0.09132118225097656,0.09713246331272175,0.05,4,250,7,False,"('gill-color', 'stalk-surface-above-ring', 'odor')","{'model__learning_rate': 0.05, 'model__max_depth': 4, 'model__n_estimators': 250, 'select__drop': ('gill-color', 'stalk-surface-above-ring', 'odor'), 'select__k': 7, 'select__prune': False}",0.9758378799688231,0.9819890368050117,0.9827586206896551,0.9766355140186916,0.9819607843137255,0.9798363671591815,0.0029637834328914486,137,0.980829420970266,0.9792887846815163,0.9790974799765579,0.9806300136959499,0.979296875,0.979828514864858,0.000741966984806346,1.0,1.0,1.0,1.0,1.0,1.0,0.0,1,1.0,1.0,1.0,1.0,1.0,1.0,0.0,0.9761538461538461,0.9823076923076923,0.9830769230769231,0.9769230769230769,0.9822940723633564,0.980151122164979,0.0029732753960050903,137,0.981150221196384,0.9796114637430275,0.9794191190613579,0.9809578765147143,0.9796153846153847,0.9801508130261738,0.0007433875780071333,0.9961592609095477,0.9977936872439102,0.9972237428638461,0.9973090567835231,0.9976465589677614,0.9972264613537177,0.0005734062083860868,132,0.9974742341058704,0.9972147795902533,0.9972399697836222,0.9973270241283526,0.99710998583839,0.9972731986892975,0.00012203917617963502
0.614451265335083,0.13096613329805185,0.029268407821655275,0.004332390812898426,0.05,4,250,7,False,"('gill-color', 'stalk-surface-above-ring', 'spore-print-color')","{'model__learning_rate': 0.05, 'model__max_depth': 4, 'model__n_estimators': 250, 'select__drop': ('gill-color', 'stalk-surface-above-ring', 'spore-print-color'), 'select__k': 7, 'select__prune': False}",0.9870550161812298,0.9903381642512077,0.9887096774193549,0.9935794542536116,0.9886914378029079,0.9896747499816623,0.002211248833620915,129,0.9903342730567861,0.989516129032258,0.9899234179766223,0.9887005649717514,0.9899274778404512,0.9896803725755738,0.0005540246926373882,0.9744408945686901,0.9808612440191388,0.9776714513556619,0.9872408293460925,0.9776357827476039,0.9795700404074374,0.0043396391514859585,137,0.9808536098923015,0.9792498004788508,0.9800478850758181,0.9776536312849162,0.9800558436378142,0.97957215407394,0.0010850848931794985,0.9876923076923076,0.9907692307692307,0.9892307692307692,0.9938461538461538,0.9892224788298691,0.9901521880736661,0.002087606680823742,129,0.9907674552798615,0.9899980765531833,0.9903827659165224,0.9892286978265051,0.9903846153846154,0.9901523221921377,0.0005219821527445312,0.994232373602829,0.9946963179934165,0.9945636074516968,0.9968350905630955,0.9953429638877944,0.9951340706997666,0.0009238201495296272,136,0.9953344602423764,0.9952218648507599,0.995265058623507,0.9947100593925488,0.9950635806077923,0.9951190047433969,0.00022299827102929416
0.6043165683746338,0.0635333447550043,0.14038071632385254,0.05948254579883306,0.05,4,250,7,False,"('gill-color', 'stalk-surface-above-ring', 'ring-type')","{'model__learning_rate': 0.05, 'model__max_depth': 4, 'model__n_estimators': 250, 'select__drop': ('gill-color', 'stalk-surface-above-ring', 'ring-type'), 'select__k': 7, 'select__prune': False}",0.9975980784627703,1.0,0.9992019154030327,0.9992019154030327,0.9975980784627703,0.9987199975463212,0.0009612804775641835,62,0.9990017967658216,0.9984012789768185,0.9986013986013986,0.9986013986013986,0.9990017967658216,0.9987215339422519,0.00024021771112017916,0.9952076677316294,1.0,0.9984051036682615,0.9984051036682615,0.9952076677316294,0.9974451085599563,0.0019174427974193607,69,0.9980055843637814,0.9968076616121309,0.9972067039106145,0.9972067039106145,0.9980055843637814,0.9974464476321845,0.0004792221724257249,0.9976923076923077,1.0,0.9992307692307693,0.9992307692307693,0.9976905311778291,0.9987688754663351,0.0009234916234883537,62,0.9990382765916522,0.9984612425466436,0.9986535872283131,0.9986535872283131,0.9990384615384615,0.9987690310266768,0.0002308567800788867,0.9999822242868384,1.0,0.9999952603377957,0.999998815084449,0.9999857582993511,0.999992411601687,7.137947795482736e-06,71,0.9999959252280836,0.9999917020539492,0.9999937765404618,0.9999922206755774,0.9999955564449248,0.9999938361885994,1.70242995282674e-06
0.6590228080749512,0.08866102297806501,0.05488262176513672,0.05205310977016407,0.05,4,250,7,False,"('gill-color', 'stalk-surface-above-ring', 'stalk-surface-below-ring')","{'model__learning_rate': 0.05, 'model__max_depth': 4, 'model__n_estimators': 250, 'select__drop': ('gill-color', 'stalk-surface-above-ring', 'stalk-surface-below-ring'), 'select__k': 7, 'select__prune': False}",0.9936507936507937,0.9935794542536116,0.9927710843373494,0.9976019184652278,0.9943775100401606,0.9943961521494286,0.0016817065937984577,115,0.9952362048431918,0.9955911823647294,0.9957924263674615,0.9945837512537613,0.9953917050691244,0.9953190539796537,0.0004125403094053494,1.0,0.9872408293460925,0.9856459330143541,0.9952153110047847,0.9888178913738019,0.9913839929478065,0.005396120630522327,123,1.0,0.99122106943336,0.9916201117318436,0.9892258579409418,0.9908256880733946,0.992578545435908,0.003798745753052788,0.9938461538461538,0.9938461538461538,0.9930769230769231,0.9976923076923077,0.9946112394149346,0.9946145555752948,0.0016135529260262395,115,0.9953837276399308,0.9957684170032699,0.9959607616849394,0.9948066935949221,0.995576923076923,0.995499304599997,0.0003960951382807294,0.9999715588589414,0.9999526033779573,0.9999040218403633,0.9999893357600403,0.9999418463890168,0.9999518732452639,2.8919859232521683e-05,95,0.9999519917781475,0.9999559912504087,0.9999642151076555,0.9999419884664477,0.99995741593053,0.9999543205066379,7.3181740175156234e-06
0.7308008193969726,0.22601705540405648,0.049334478378295896,0.03466878783570807,0.05,4,250,7,False,"('gill-color', 'stalk-surface-above-ring', 'gill-size')","{'model__learning_rate': 0.05, 'model__max_depth': 4, 'model__n_estimators': 250, 'select__drop': ('gill-color', 'stalk-surface-above-ring', 'gill-size'), 'select__k': 7, 'select__prune': False}",0.9975980784627703,1.0,0.9992019154030327,0.9992019154030327,0.9975980784627703,0.9987199975463212,0.0009612804775641835,62,0.9990017967658216,0.9984012789768185,0.9986013986013986,0.9986013986013986,0.9990017967658216,0.9987215339422519,0.00024021771112017916,0.9952076677316294,1.0,0.9984051036682615,0.9984051036682615,0.9952076677316294,0.9974451085599563,0.0019174427974193607,69,0.9980055843637814,0.9968076616121309,0.9972067039106145,0.9972067039106145,0.9980055843637814,0.9974464476321845,0.0004792221724257249,0.9976923076923077,1.0,0.9992307692307693,0.9992307692307693,0.9976905311778291,0.9987688754663351,0.0009234916234883537,62,0.9990382765916522,0.9984612425466436,0.9986535872283131,0.9986535872283131,0.9990384615384615,0.9987690310266768,0.0002308567800788867,0.999868459722604,1.0,0.9999751167734275,0.999964452533468,0.999910989370944,0.9999438036800887,4.757815075431959e-05,100,0.9999599931484562,0.9999330237211606,0.9999356909181055,0.9999403585127592,0.9999555644492487,0.999944926149946,1.0844431601243282e-05
0.4043742179870605,0.10742874720012437,0.07467412948608398,0.05490003830658527,0.2,2,100,7,False,"('gill-color', 'stalk-surface-above-ring')","{'model__learning_rate': 0.2, 'model__max_depth': 2, 'model__n_estimators': 100, 'select__drop': ('gill-color', 'stalk-surface-above-ring'), 'select__k': 7, 'select__prune': False}",0.9975980784627703,1.0,0.9992019154030327,0.9992019154030327,0.9975980784627703,0.9987199975463212,0.0009612804775641835,62,0.9990017967658216,0.9984012789768185,0.9986013986013986,0.9986013986013986,0.9990017967658216,0.9987215339422519,0.00024021771112017916,0.9952076677316294,1.0,0.9984051036682615,0.9984051036682615,0.9952076677316294,0.9974451085599563,0.0019174427974193607,69,0.9980055843637814,0.9968076616121309,0.9972067039106145,0.9972067039106145,0.9980055843637814,0.9974464476321845,0.0004792221724257249,0.9976923076923077,1.0,0.9992307692307693,0.9992307692307693,0.9976905311778291,0.9987688754663351,0.0009234916234883537,62,0.9990382765916522,0.9984612425466436,0.9986535872283131,0.9986535872283131,0.9990384615384615,0.9987690310266768,0.0002308567800788867,1.0,1.0,1.0,1.0,1.0,1.0,0.0,1,1.0,1.0,1.0,1.0,1.0,1.0,0.0
0.5717754364013672,0.10533983786814355,0.09620819091796876,0.11140882778252165,0.2,2,100,7,False,"('gill-color', 'stalk-surface-above-ring', 'odor')","{'model__learning_rate': 0.2, 'model__max_depth': 2, 'model__n_estimators': 100, 'select__drop': ('gill-color', 'stalk-surface-above-ring', 'odor'), 'select__k': 7, 'select__prune': False}",0.9758378799688231,0.9819890368050117,0.9827586206896551,0.9766355140186916,0.9819607843137255,0.9798363671591815,0.0029637834328914486,137,0.980829420970266,0.9792887846815163,0.9790974799765579,0.9806300136959499,0.979296875,0.979828514864858,0.000741966984806346,1.0,1.0,1.0,1.0,1.0,1.0,0.0,1,1.0,1.0,1.0,1.0,1.0,1.0,0.0,0.9761538461538461,0.9823076923076923,0.9830769230769231,0.9769230769230769,0.9822940723633564,0.980151122164979,0.0029732753960050903,137,0.981150221196384,0.9796114637430275,0.9794191190613579,0.9809578765147143,0.9796153846153847,0.9801508130261738,0.0007433875780071333,0.9961237094832245,0.9977652492706846,0.9971763462418034,0.9973019472902166,0.997599086632265,0.9971932677836388,0.000574091332653026,133,0.9974660845620376,0.9971608429409224,0.9971919602386133,0.9972625668688502,0.997076214819819,0.9972315338860485,0.00013165436662491116
0.5686070442199707,0.10961945812084796,0.04220976829528809,0.012177806725800383,0.2,2,100,7,False,"('gill-color', 'stalk-surface-above-ring', 'spore-print-color')","{'model__learning_rate': 0.2, 'model__max_depth': 2, 'model__n_estimators': 100, 'select__drop': ('gill-color', 'stalk-surface-above-ring', 'spore-print-color'), 'select__k': 7, 'select__prune': False}",0.9870550161812298,0.9903381642512077,0.9887096774193549,0.9935794542536116,0.9886914378029079,0.9896747499816623,0.002211248833620915,129,0.9903342730567861,0.989516129032258,0.9899234179766223,0.9887005649717514,0.9899274778404512,0.9896803725755738,0.0005540246926373882,0.9744408945686901,0.9808612440191388,0.9776714513556619,0.9872408293460925,0.9776357827476039,0.9795700404074374,0.0043396391514859585,137,0.9808536098923015,0.9792498004788508,0.9800478850758181,0.9776536312849162,0.9800558436378142,0.97957215407394,0.0010850848931794985,0.9876923076923076,0.9907692307692307,0.9892307692307692,0.9938461538461538,0.9892224788298691,0.9901521880736661,0.002087606680823742,129,0.9907674552798615,0.9899980765531833,0.9903827659165224,0.9892286978265051,0.9903846153846154,0.9901523221921377,0.0005219821527445312,0.9939645528578607,0.9945256901540627,0.9943479528214023,0.9967521464745207,0.9952124149651791,0.994960551454605,0.000982816624215657,141,0.9951790262154527,0.9950588694819029,0.9951121393319976,0.9945212811198908,0.9948902819598625,0.9949523196218213,0.00023576851091187801
0.5350357532501221,0.08363787524372783,0.10859127044677734,0.09433104652596112,0.2,2,100,7,False,"('gill-color', 'stalk-surface-above-ring', 'ring-type')","{'model__learning_rate': 0.2, 'model__max_depth': 2, 'model__n_estimators': 100, 'select__drop': ('gill-color', 'stalk-surface-above-ring', 'ring-type'), 'select__k': 7, 'select__prune': False}",0.9975980784627703,1.0,0.9992019154030327,0.9992019154030327,0.9975980784627703,0.9987199975463212,0.0009612804775641835,62,0.9990017967658216,0.9984012789768185,0.9986013986013986,0.9986013986013986,0.9990017967658216,0.9987215339422519,0.00024021771112017916,0.9952076677316294,1.0,0.9984051036682615,0.9984051036682615,0.9952076677316294,0.9974451085599563,0.0019174427974193607,69,0.9980055843637814,0.9968076616121309,0.9972067039106145,0.9972067039106145,0.9980055843637814,0.9974464476321845,0.0004792221724257249,0.9976923076923077,1.0,0.9992307692307693,0.9992307692307693,0.9976905311778291,0.9987688754663351,0.0009234916234883537,62,0.9990382765916522,0.9984612425466436,0.9986535872283131,0.9986535872283131,0.9990384615384615,0.9987690310266768,0.0002308567800788867,0.9999822242868384,1.0,0.9999952603377956,0.999998815084449,0.999985758299351,0.9999924116016867,7.137947795494571e-06,75,0.9999959252280836,0.9999917020539492,0.9999937765404618,0.9999922206755772,0.9999955564449248,0.9999938361885994,1.7024299528478108e-06
0.5284383773803711,0.16521069543316663,0.14309005737304686,0.14185651968401405,0.2,2,100,7,False,"('gill-color', 'stalk-surface-above-ring', 'stalk-surface-below-ring')","{'model__learning_rate': 0.2, 'model__max_depth': 2, 'model__n_estimators': 100, 'select__drop': ('gill-color', 'stalk-surface-above-ring', 'stalk-surface-below-ring'), 'select__k': 7, 'select__prune': False}",0.9936507936507937,0.9935794542536116,0.9927710843373494,0.9976019184652278,0.9943775100401606,0.9943961521494286,0.0016817065937984577,115,0.9952362048431918,0.9955911823647294,0.9957924263674615,0.9945837512537613,0.9953917050691244,0.9953190539796537,0.0004125403094053494,1.0,0.9872408293460925,0.9856459330143541,0.9952153110047847,0.9888178913738019,0.9913839929478065,0.005396120630522327,123,1.0,0.99122106943336,0.9916201117318436,0.9892258579409418,0.9908256880733946,0.992578545435908,0.003798745753052788,0.9938461538461538,0.9938461538461538,0.9930769230769231,0.9976923076923077,0.9946112394149346,0.9946145555752948,0.0016135529260262395,115,0.9953837276399308,0.9957684170032699,0.9959607616849394,0.9948066935949221,0.995576923076923,0.995499304599997,0.0003960951382807294,0.9999146765768243,0.9999526033779573,0.9999040218403634,0.9999893357600403,0.9999418463890168,0.9999404967888406,3.010229640245127e-05,103,0.9999342109552392,0.9999559912504086,0.9999642151076554,0.9999419884664477,0.99995741593053,0.9999507643420561,1.0986518130559512e-05
0.5852192878723145,0.04595045571099314,0.07001404762268067,0.050110121767496366,0.2,2,100,7,False,"('gill-color', 'stalk-surface-above-ring', 'gill-size')","{'model__learning_rate': 0.2, 'model__max_depth': 2, 'model__n_estimators': 100, 'select__drop': ('gill-color', 'stalk-surface-above-ring', 'gill-size'), 'select__k': 7, 'select__prune': False}",0.9975980784627703,1.0,0.9992019154030327,0.9992019154030327,0.9975980784627703,0.9987199975463212,0.0009612804775641835,62,0.9990017967658216,0.9984012789768185,0.9986013986013986,0.9986013986013986,0.9990017967658216,0.9987215339422519,0.00024021771112017916,0.9952076677316294,1.0,0.9984051036682615,0.9984051036682615,0.9952076677316294,0.9974451085599563,0.0019174427974193607,69,0.9980055843637814,0.9968076616121309,0.9972067039106145,0.9972067039106145,0.9980055843637814,0.9974464476321845,0.0004792221724257249,0.9976923076923077,1.0,0.9992307692307693,0.9992307692307693,0.9976905311778291,0.9987688754663351,0.0009234916234883537,62,0.9990382765916522,0.9984612425466436,0.9986535872283131,0.9986535872283131,0.9990384615384615,0.9987690310266768,0.0002308567800788867,0.9995058351741072,0.9999999999999999,0.9998376665695036,0.9998672894582804,0.9994516945250156,0.9997324971453814,0.00021494795344087985,123,0.9998010770437129,0.9996787509457435,0.9997204629424101,0.9997074974017057,0.9998067053542321,0.999742898737561,5.162859346750374e-05
0.5651852130889893,0.18358579572689807,0.10472249984741211,0.14536175263983922,0.2,2,250,7,False,"('gill-color', 'stalk-surface-above-ring')","{'model__learning_rate': 0.2, 'model__max_depth': 2, 'model__n_estimators': 250, 'select__drop': ('gill-color', 'stalk-surface-above-ring'), 'select__k': 7, 'select__prune': False}",1.0,1.0,1.0,1.0,1.0,1.0,0.0,1,1.0,1.0,1.0,1.0,1.0,1.0,0.0,1.0,1.0,1.0,1.0,1.0,1.0,0.0,1,1.0,1.0,1.0,1.0,1.0,1.0,0.0,1.0,1.0,1.0,1.0,1.0,1.0,0.0,1,1.0,1.0,1.0,1.0,1.0,1.0,0.0,1.0,1.0,0.9999999999999999,0.9999999999999999,1.0,1.0,7.021666937153402e-17,1,1.0,1.0,1.0,1.0,1.0,1.0,0.0
0.47221922874450684,0.14244911129709079,0.08812417984008789,0.08517540599692516,0.2,2,250,7,False,"('gill-color', 'stalk-surface-above-ring', 'odor')","{'model__learning_rate': 0.2, 'model__max_depth': 2, 'model__n_estimators': 250, 'select__drop': ('gill-color', 'stalk-surface-above-ring', 'odor'), 'select__k': 7, 'select__prune': False}",0.9758378799688231,0.9819890368050117,0.9827586206896551,0.9766355140186916,0.9819607843137255,0.9798363671591815,0.0029637834328914486,137,0.980829420970266,0.9792887846815163,0.9790974799765579,0.9806300136959499,0.979296875,0.979828514864858,0.000741966984806346,1.0,1.0,1.0,1.0,1.0,1.0,0.0,1,1.0,1.0,1.0,1.0,1.0,1.0,0.0,0.9761538461538461,0.9823076923076923,0.9830769230769231,0.9769230769230769,0.9822940723633564,0.980151122164979,0.0029732753960050903,137,0.981150221196384,0.9796114637430275,0.9794191190613579,0.9809578765147143,0.9796153846153847,0.9801508130261738,0.0007433875780071333,0.9961237094832245,0.9977652492706846,0.9972995774591145,0.9973019472902167,0.9977035257703574,0.9972388018547195,0.0005906313937850164,130,0.9974660845620376,0.9971608429409224,0.9972684198843682,0.9972625668688501,0.9971561988111712,0.9972628226134699,0.000112352395089604
0.5147644519805908,0.14126708220128611,0.13345685005187988,0.10393532941220966,0.2,2,250,7,False,"('gill-color', 'stalk-surface-above-ring', 'spore-print-color')","{'model__learning_rate': 0.2, 'model__max_depth': 2, 'model__n_estimators': 250, 'select__drop': ('gill-color', 'stalk-surface-above-ring', 'spore-print-color'), 'select__k': 7, 'select__prune': False}",0.9870550161812298,0.9903381642512077,0.9887096774193549,0.9935794542536116,0.9886914378029079,0.9896747499816623,0.002211248833620915,129,0.9903342730567861,0.989516129032258,0.9899234179766223,0.9887005649717514,0.9899274778404512,0.9896803725755738,0.0005540246926373882,0.9744408945686901,0.9808612440191388,0.9776714513556619,0.9872408293460925,0.9776357827476039,0.9795700404074374,0.0043396391514859585,137,0.9808536098923015,0.9792498004788508,0.9800478850758181,0.9776536312849162,0.9800558436378142,0.97957215407394,0.0010850848931794985,0.9876923076923076,0.9907692307692307,0.9892307692307692,0.9938461538461538,0.9892224788298691,0.9901521880736661,0.002087606680823742,129,0.9907674552798615,0.9899980765531833,0.9903827659165224,0.9892286978265051,0.9903846153846154,0.9901523221921377,0.0005219821527445312,0.9942323736028289,0.9946963179934165,0.9945636074516968,0.9968350905630955,0.9953429638877944,0.9951340706997664,0.0009238201495296488,139,0.9953344602423764,0.9952218648507599,0.995265058623507,0.9947100593925489,0.9950635806077924,0.9951190047433969,0.00022299827102924792
0.6362627983093262,0.13039330800890717,0.03671693801879883,0.017694286778959838,0.2,2,250,7,False,"('gill-color', 'stalk-surface-above-ring', 'ring-type')","{'model__learning_rate': 0.2, 'model__max_depth': 2, 'model__n_estimators': 250, 'select__drop': ('gill-color', 'stalk-surface-above-ring', 'ring-type'), 'select__k': 7, 'select__prune': False}",0.9975980784627703,1.0,0.9992019154030327,0.9992019154030327,0.9975980784627703,0.9987199975463212,0.0009612804775641835,62,0.9990017967658216,0.9984012789768185,0.9986013986013986,0.9986013986013986,0.9990017967658216,0.9987215339422519,0.00024021771112017916,0.9952076677316294,1.0,0.9984051036682615,0.9984051036682615,0.9952076677316294,0.9974451085599563,0.0019174427974193607,69,0.9980055843637814,0.9968076616121309,0.9972067039106145,0.9972067039106145,0.9980055843637814,0.9974464476321845,0.0004792221724257249,0.9976923076923077,1.0,0.9992307692307693,0.9992307692307693,0.9976905311778291,0.9987688754663351,0.0009234916234883537,62,0.9990382765916522,0.9984612425466436,0.9986535872283131,0.9986535872283131,0.9990384615384615,0.9987690310266768,0.0002308567800788867,0.9999822242868384,1.0,0.9999952603377957,0.999998815084449,0.999985758299351,0.9999924116016867,7.137947795503433e-06,75,0.9999959252280836,0.999991702053949,0.9999937765404618,0.9999922206755774,0.9999955564449248,0.9999938361885994,1.7024299528545752e-06
0.60737624168396,0.09458007102951892,0.064536714553833,0.04764723978007429,0.2,2,250,7,False,"('gill-color', 'stalk-surface-above-ring', 'stalk-surface-below-ring')","{'model__learning_rate': 0.2, 'model__max_depth': 2, 'model__n_estimators': 250, 'select__drop': ('gill-color', 'stalk-surface-above-ring', 'stalk-surface-below-ring'), 'select__k': 7, 'select__prune': False}",0.9936507936507937,0.9935794542536116,0.9927710843373494,0.9976019184652278,0.9943775100401606,0.9943961521494286,0.0016817065937984577,115,0.9952362048431918,0.9955911823647294,0.9957924263674615,0.9945837512537613,0.9953917050691244,0.9953190539796537,0.0004125403094053494,1.0,0.9872408293460925,0.9856459330143541,0.9952153110047847,0.9888178913738019,0.9913839929478065,0.005396120630522327,123,1.0,0.99122106943336,0.9916201117318436,0.9892258579409418,0.9908256880733946,0.992578545435908,0.003798745753052788,0.9938461538461538,0.9938461538461538,0.9930769230769231,0.9976923076923077,0.9946112394149346,0.9946145555752948,0.0016135529260262395,115,0.9953837276399308,0.9957684170032699,0.9959607616849394,0.9948066935949221,0.995576923076923,0.995499304599997,0.0003960951382807294,0.9999715588589414,0.9999526033779572,0.9999040218403635,0.9999893357600403,0.9999418463890168,0.9999518732452639,2.8919859232447642e-05,95,0.9999519917781475,0.9999559912504086,0.9999642151076555,0.9999419884664477,0.99995741593053,0.9999543205066379,7.318174017510555e-06
0.6015046596527099,0.10054356756181078,0.11577191352844238,0.15882366612157267,0.2,2,250,7,False,"('gill-color', 'stalk-surface-above-ring', 'gill-size')","{'model__learning_rate': 0.2, 'model__max_depth': 2, 'model__n_estimators': 250, 'select__drop': ('gill-color', 'stalk-surface-above-ring', 'gill-size'), 'select__k': 7, 'select__prune': False}",0.9975980784627703,1.0,0.9992019154030327,0.9992019154030327,0.9975980784627703,0.9987199975463212,0.0009612804775641835,62,0.9990017967658216,0.9984012789768185,0.9986013986013986,0.9986013986013986,0.9990017967658216,0.9987215339422519,0.00024021771112017916,0.9952076677316294,1.0,0.9984051036682615,0.9984051036682615,0.9952076677316294,0.9974451085599563,0.0019174427974193607,69,0.9980055843637814,0.9968076616121309,0.9972067039106145,0.9972067039106145,0.9980055843637814,0.9974464476321845,0.0004792221724257249,0.9976923076923077,1.0,0.9992307692307693,0.9992307692307693,0.9976905311778291,0.9987688754663351,0.0009234916234883537,62,0.9990382765916522,0.9984612425466436,0.9986535872283131,0.9986535872283131,0.9990384615384615,0.9987690310266768,0.0002308567800788867,0.9998471288668102,1.0,0.9999751167734277,0.9999549732090592,0.9998896268199706,0.9999333691338534,5.656862643281576e-05,105,0.999951102737002,0.9999199840916521,0.9999356909181056,0.9999289488369392,0.9999333466738731,0.9999338146515144,1.017425984343616e-05
0.584306001663208,0.1908367257857931,0.07895731925964355,0.0597662775713501,0.2,4,100,7,False,"('gill-color', 'stalk-surface-above-ring')","{'model__learning_rate': 0.2, 'model__max_depth': 4, 'model__n_estimators': 100, 'select__drop': ('gill-color', 'stalk-surface-above-ring'), 'select__k': 7, 'select__prune': False}",1.0,1.0,1.0,1.0,1.0,1.0,0.0,1,1.0,1.0,1.0,1.0,1.0,1.0,0.0,1.0,1.0,1.0,1.0,1.0,1.0,0.0,1,1.0,1.0,1.0,1.0,1.0,1.0,0.0,1.0,1.0,1.0,1.0,1.0,1.0,0.0,1,1.0,1.0,1.0,1.0,1.0,1.0,0.0,1.0,1.0,1.0,1.0,1.0,1.0,0.0,1,1.0,1.0,1.0,1.0,1.0,1.0,0.0
0.6392736911773682,0.0829155219063365,0.032828998565673825,0.0029728467118882306,0.2,4,100,7,False,"('gill-color', 'stalk-surface-above-ring', 'odor')","{'model__learning_rate': 0.2, 'model__max_depth': 4, 'model__n_estimators': 100, 'select__drop': ('gill-color', 'stalk-surface-above-ring', 'odor'), 'select__k': 7, 'select__prune': False}",0.9758378799688231,0.9819890368050117,0.9827586206896551,0.9766355140186916,0.9819607843137255,0.9798363671591815,0.0029637834328914486,137,0.980829420970266,0.9792887846815163,0.9790974799765579,0.9806300136959499,0.979296875,0.979828514864858,0.000741966984806346,1.0,1.0,1.0,1.0,1.0,1.0,0.0,1,1.0,1.0,1.0,1.0,1.0,1.0,0.0,0.9761538461538461,0.9823076923076923,0.9830769230769231,0.9769230769230769,0.9822940723633564,0.980151122164979,0.0029732753960050903,137,0.981150221196384,0.9796114637430275,0.9794191190613579,0.9809578765147143,0.9796153846153847,0.9801508130261738,0.0007433875780071333,0.996206662811312,0.9977936872439102,0.9972142635394375,0.997306686952421,0.9976465589677614,0.9972335719029685,0.0005557964405661431,131,0.9974937930110698,0.9971981836981516,0.9972275228645459,0.9973114654795072,0.99710998583839,0.9972681901783329,0.00012988667420905307
0.6135398387908936,0.07404516491988405,0.046421241760253903,0.023313890208927355,0.2,4,100,7,False,"('gill-color', 'stalk-surface-above-ring', 'spore-print-color')","{'model__learning_rate': 0.2, 'model__max_depth': 4, 'model__n_estimators': 100, 'select__drop': ('gill-color', 'stalk-surface-above-ring', 'spore-print-color'), 'select__k': 7, 'select__prune': False}",0.9870550161812298,0.9903381642512077,0.9887096774193549,0.9935794542536116,0.9886914378029079,0.9896747499816623,0.002211248833620915,129,0.9903342730567861,0.989516129032258,0.9899234179766223,0.9887005649717514,0.9899274778404512,0.9896803725755738,0.0005540246926373882,0.9744408945686901,0.9808612440191388,0.9776714513556619,0.9872408293460925,0.9776357827476039,0.9795700404074374,0.0043396391514859585,137,0.9808536098923015,0.9792498004788508,0.9800478850758181,0.9776536312849162,0.9800558436378142,0.97957215407394,0.0010850848931794985,0.9876923076923076,0.9907692307692307,0.9892307692307692,0.9938461538461538,0.9892224788298691,0.9901521880736661,0.002087606680823742,129,0.9907674552798615,0.9899980765531833,0.9903827659165224,0.9892286978265051,0.9903846153846154,0.9901523221921377,0.0005219821527445312,0.994232373602829,0.9946963179934165,0.9945636074516969,0.9968350905630955,0.9953429638877944,0.9951340706997666,0.0009238201495296134,136,0.9953344602423764,0.9952218648507599,0.995265058623507,0.9947100593925488,0.9950635806077923,0.9951190047433969,0.00022299827102929416
0.574355173110962,0.12142177378426557,0.0864109992980957,0.10880353475852049,0.2,4,100,7,False,"('gill-color', 'stalk-surface-above-ring', 'ring-type')","{'model__learning_rate': 0.2, 'model__max_depth': 4, 'model__n_estimators': 100, 'select__drop': ('gill-color', 'stalk-surface-above-ring', 'ring-type'), 'select__k': 7, 'select__prune': False}",0.9975980784627703,1.0,0.9992019154030327,0.9992019154030327,0.9975980784627703,0.9987199975463212,0.0009612804775641835,62,0.9990017967658216,0.9984012789768185,0.9986013986013986,0.9986013986013986,0.9990017967658216,0.9987215339422519,0.00024021771112017916,0.9952076677316294,1.0,0.9984051036682615,0.9984051036682615,0.9952076677316294,0.9974451085599563,0.0019174427974193607,69,0.9980055843637814,0.9968076616121309,0.9972067039106145,0.9972067039106145,0.9980055843637814,0.9974464476321845,0.0004792221724257249,0.9976923076923077,1.0,0.9992307692307693,0.9992307692307693,0.9976905311778291,0.9987688754663351,0.0009234916234883537,62,0.9990382765916522,0.9984612425466436,0.9986535872283131,0.9986535872283131,0.9990384615384615,0.9987690310266768,0.0002308567800788867,0.9999822242868384,1.0,0.9999952603377957,0.999998815084449,0.9999857582993511,0.999992411601687,7.137947795482736e-06,71,0.9999959252280836,0.999991702053949,0.9999937765404618,0.9999922206755772,0.9999955564449249,0.9999938361885994,1.7024299528980828e-06
0.6413661003112793,0.0534416307085366,0.029302978515625,0.004089826358921157,0.2,4,100,7,False,"('gill-color', 'stalk-surface-above-ring', 'stalk-surface-below-ring')","{'model__learning_rate': 0.2, 'model__max_depth': 4, 'model__n_estimators': 100, 'select__drop': ('gill-color', 'stalk-surface-above-ring', 'stalk-surface-below-ring'), 'select__k': 7, 'select__prune': False}",0.9936507936507937,0.9935794542536116,0.9927710843373494,0.9976019184652278,0.9943775100401606,0.9943961521494286,0.0016817065937984577,115,0.9952362048431918,0.9955911823647294,0.9957924263674615,0.9945837512537613,0.9953917050691244,0.9953190539796537,0.0004125403094053494,1.0,0.9872408293460925,0.9856459330143541,0.9952153110047847,0.9888178913738019,0.9913839929478065,0.005396120630522327,123,1.0,0.99122106943336,0.9916201117318436,0.9892258579409418,0.9908256880733946,0.992578545435908,0.003798745753052788,0.9938461538461538,0.9938461538461538,0.9930769230769231,0.9976923076923077,0.9946112394149346,0.9946145555752948,0.0016135529260262395,115,0.9953837276399308,0.9957684170032699,0.9959607616849394,0.9948066935949221,0.995576923076923,0.995499304599997,0.0003960951382807294,0.9999715588589414,0.9999526033779573,0.9999040218403634,0.9999893357600403,0.9999418463890168,0.9999518732452639,2.8919859232484942e-05,95,0.9999519917781475,0.9999559912504085,0.9999642151076555,0.9999419884664477,0.99995741593053,0.9999543205066377,7.318174017505485e-06
0.5806480884552002,0.05947527215432305,0.1163093090057373,0.05507875048342285,0.2,4,100,7,False,"('gill-color', 'stalk-surface-above-ring', 'gill-size')","{'model__learning_rate': 0.2, 'model__max_depth': 4, 'model__n_estimators': 100, 'select__drop': ('gill-color', 'stalk-surface-above-ring', 'gill-size'), 'select__k': 7, 'select__prune': False}",0.9975980784627703,1.0,0.9992019154030327,0.9992019154030327,0.9975980784627703,0.9987199975463212,0.0009612804775641835,62,0.9990017967658216,0.9984012789768185,0.9986013986013986,0.9986013986013986,0.9990017967658216,0.9987215339422519,0.00024021771112017916,0.9952076677316294,1.0,0.9984051036682615,0.9984051036682615,0.9952076677316294,0.9974451085599563,0.0019174427974193607,69,0.9980055843637814,0.9968076616121309,0.9972067039106145,0.9972067039106145,0.9980055843637814,0.9974464476321845,0.0004792221724257249,0.9976923076923077,1.0,0.9992307692307693,0.9992307692307693,0.9976905311778291,0.9987688754663351,0.0009234916234883537,62,0.9990382765916522,0.9984612425466436,0.9986535872283131,0.9986535872283131,0.9990384615384615,0.9987690310266768,0.0002308567800788867,0.9998684597226041,0.9999999999999999,0.9999751167734277,0.9999644525334679,0.9999109893709441,0.9999438036800887,4.757815075424786e-05,100,0.9999599931484563,0.9999330237211606,0.9999356909181055,0.9999403585127592,0.9999555644492488,0.999944926149946,1.0844431601295915e-05
0.6399582386016845,0.14715210318275862,0.09282598495483399,0.06293583601778625,0.2,4,250,7,False,"('gill-color', 'stalk-surface-above-ring')","{'model__learning_rate': 0.2, 'model__max_depth': 4, 'model__n_estimators': 250, 'select__drop': ('gill-color', 'stalk-surface-above-ring'), 'select__k': 7, 'select__prune': False}",1.0,1.0,1.0,1.0,1.0,1.0,0.0,1,1.0,1.0,1.0,1.0,1.0,1.0,0.0,1.0,1.0,1.0,1.0,1.0,1.0,0.0,1,1.0,1.0,1.0,1.0,1.0,1.0,0.0,1.0,1.0,1.0,1.0,1.0,1.0,0.0,1,1.0,1.0,1.0,1.0,1.0,1.0,0.0,1.0,1.0,1.0,1.0,1.0,1.0,0.0,1,1.0,1.0,1.0,1.0,1.0,1.0,0.0
0.555822229385376,0.15887771302985648,0.12019038200378418,0.10862406131877628,0.2,4,250,7,False,"('gill-color', 'stalk-surface-above-ring', 'odor')","{'model__learning_rate': 0.2, 'model__max_depth': 4, 'model__n_estimators': 250, 'select__drop': ('gill-color', 'stalk-surface-above-ring', 'odor'), 'select__k': 7, 'select__prune': False}",0.9758378799688231,0.9819890368050117,0.9827586206896551,0.9766355140186916,0.9819607843137255,0.9798363671591815,0.0029637834328914486,137,0.980829420970266,0.9792887846815163,0.9790974799765579,0.9806300136959499,0.979296875,0.979828514864858,0.000741966984806346,1.0,1.0,1.0,1.0,1.0,1.0,0.0,1,1.0,1.0,1.0,1.0,1.0,1.0,0.0,0.9761538461538461,0.9823076923076923,0.9830769230769231,0.9769230769230769,0.9822940723633564,0.980151122164979,0.0029732753960050903,137,0.981150221196384,0.9796114637430275,0.9794191190613579,0.9809578765147143,0.9796153846153847,0.9801508130261738,0.0007433875780071333,0.9963607189920459,0.99779368724391,0.9973374947567487,0.997309056783523,0.9977509981058539,0.9973103911764163,0.0005158145398418624,129,0.9975638790880335,0.9971981836981515,0.9973039825103005,0.9973270241283526,0.9971899698297422,0.9973166078509159,0.00013525711155551416
0.5144895076751709,0.15624586747606461,0.08809623718261719,0.09579068713899117,0.2,4,250,7,False,"('gill-color', 'stalk-surface-above-ring', 'spore-print-color')","{'model__learning_rate': 0.2, 'model__max_depth': 4, 'model__n_estimators': 250, 'select__drop': ('gill-color', 'stalk-surface-above-ring', 'spore-print-color'), 'select__k': 7, 'select__prune': False}",0.9870550161812298,0.9903381642512077,0.9887096774193549,0.9935794542536116,0.9886914378029079,0.9896747499816623,0.002211248833620915,129,0.9903342730567861,0.989516129032258,0.9899234179766223,0.9887005649717514,0.9899274778404512,0.9896803725755738,0.0005540246926373882,0.9744408945686901,0.9808612440191388,0.9776714513556619,0.9872408293460925,0.9776357827476039,0.9795700404074374,0.0043396391514859585,137,0.9808536098923015,0.9792498004788508,0.9800478850758181,0.9776536312849162,0.9800558436378142,0.97957215407394,0.0010850848931794985,0.9876923076923076,0.9907692307692307,0.9892307692307692,0.9938461538461538,0.9892224788298691,0.9901521880736661,0.002087606680823742,129,0.9907674552798615,0.9899980765531833,0.9903827659165224,0.9892286978265051,0.9903846153846154,0.9901523221921377,0.0005219821527445312,0.994232373602829,0.9946963179934165,0.9945636074516969,0.9968350905630955,0.9953429638877944,0.9951340706997666,0.0009238201495296134,136,0.9953344602423763,0.9952218648507599,0.995265058623507,0.9947100593925488,0.9950635806077923,0.9951190047433969,0.00022299827102927272
0.6738303661346435,0.12392560343066987,0.03193888664245605,0.011357685195421538,0.2,4,250,7,False,"('gill-color', 'stalk-surface-above-ring', 'ring-type')","{'model__learning_rate': 0.2, 'model__max_depth': 4, 'model__n_estimators': 250, 'select__drop': ('gill-color', 'stalk-surface-above-ring', 'ring-type'), 'select__k': 7, 'select__prune': False}",0.9975980784627703,1.0,0.9992019154030327,0.9992019154030327,0.9975980784627703,0.9987199975463212,0.0009612804775641835,62,0.9990017967658216,0.9984012789768185,0.9986013986013986,0.9986013986013986,0.9990017967658216,0.9987215339422519,0.00024021771112017916,0.9952076677316294,1.0,0.9984051036682615,0.9984051036682615,0.9952076677316294,0.9974451085599563,0.0019174427974193607,69,0.9980055843637814,0.9968076616121309,0.9972067039106145,0.9972067039106145,0.9980055843637814,0.9974464476321845,0.0004792221724257249,0.9976923076923077,1.0,0.9992307692307693,0.9992307692307693,0.9976905311778291,0.9987688754663351,0.0009234916234883537,62,0.9990382765916522,0.9984612425466436,0.9986535872283131,0.9986535872283131,0.9990384615384615,0.9987690310266768,0.0002308567800788867,0.9999822242868384,1.0,0.9999952603377957,0.999998815084449,0.9999857582993511,0.999992411601687,7.137947795482736e-06,71,0.9999959252280836,0.999991702053949,0.9999937765404618,0.9999922206755772,0.9999955564449249,0.9999938361885994,1.7024299528980828e-06
0.6527807235717773,0.1425870988847811,0.08669981956481934,0.06416070336140638,0.2,4,250,7,False,"('gill-color', 'stalk-surface-above-ring', 'stalk-surface-below-ring')","{'model__learning_rate': 0.2, 'model__max_depth': 4, 'model__n_estimators': 250, 'select__drop': ('gill-color', 'stalk-surface-above-ring', 'stalk-surface-below-ring'), 'select__k': 7, 'select__prune': False}",0.9936507936507937,0.9935794542536116,0.9927710843373494,0.9976019184652278,0.9943775100401606,0.9943961521494286,0.0016817065937984577,115,0.9952362048431918,0.9955911823647294,0.9957924263674615,0.9945837512537613,0.9953917050691244,0.9953190539796537,0.0004125403094053494,1.0,0.9872408293460925,0.9856459330143541,0.9952153110047847,0.9888178913738019,0.9913839929478065,0.005396120630522327,123,1.0,0.99122106943336,0.9916201117318436,0.9892258579409418,0.9908256880733946,0.992578545435908,0.003798745753052788,0.9938461538461538,0.9938461538461538,0.9930769230769231,0.9976923076923077,0.9946112394149346,0.9946145555752948,0.0016135529260262395,115,0.9953837276399308,0.9957684170032699,0.9959607616849394,0.9948066935949221,0.995576923076923,0.995499304599997,0.0003960951382807294,0.9999715588589414,0.9999526033779572,0.9999040218403634,0.9999893357600405,0.9999418463890168,0.9999518732452639,2.8919859232513145e-05,95,0.9999519917781474,0.9999559912504087,0.9999642151076554,0.9999419884664477,0.9999574159305301,0.9999543205066379,7.31817401750206e-06
0.5129313945770264,0.15524357484479198,0.02581677436828613,0.011116651248247771,0.2,4,250,7,False,"('gill-color', 'stalk-surface-above-ring', 'gill-size')","{'model__learning_rate': 0.2, 'model__max_depth': 4, 'model__n_estimators': 250, 'select__drop': ('gill-color', 'stalk-surface-above-ring', 'gill-size'), 'select__k': 7, 'select__prune': False}",0.9975980784627703,1.0,0.9992019154030327,0.9992019154030327,0.9975980784627703,0.9987199975463212,0.0009612804775641835,62,0.9990017967658216,0.9984012789768185,0.9986013986013986,0.9986013986013986,0.9990017967658216,0.9987215339422519,0.00024021771112017916,0.9952076677316294,1.0,0.9984051036682615,0.9984051036682615,0.9952076677316294,0.9974451085599563,0.0019174427974193607,69,0.9980055843637814,0.9968076616121309,0.9972067039106145,0.9972067039106145,0.9980055843637814,0.9974464476321845,0.0004792221724257249,0.9976923076923077,1.0,0.9992307692307693,0.9992307692307693,0.9976905311778291,0.9987688754663351,0.0009234916234883537,62,0.9990382765916522,0.9984612425466436,0.9986535872283131,0.9986535872283131,0.9990384615384615,0.9987690310266768,0.0002308567800788867,0.9998684597226041,1.0,0.9999751167734275,0.999964452533468,0.9999109893709441,0.9999438036800887,4.757815075426911e-05,100,0.9999599931484562,0.9999330237211606,0.9999356909181055,0.9999403585127592,0.9999555644492488,0.999944926149946,1.0844431601265064e-05
